HKey,Quadrat,GaugeDepthFeet,Number,SpeciesCode,Measurement,Count,Comments
253,0,0,3432,361,50,10000,
118,0,0,891,104,150,300,school
137,0,0,1105,365,50,165,
266,0,0,3565,365,100,125,total number for 5-10 cm given on datasheet with note that of those ~80% were 10 cm in length
146,0,0,1223,365,50,124,
271,0,0,3615,426,200,100,
271,0,0,3631,365,100,92,total number for 5-10 cm given on datasheet with note that of those ~80% were 10 cm in length
145,0,0,1217,365,50,81,
268,0,0,3584,365,100,79,total number for 5-10 cm given on datasheet with note that of those ~80% were 10 cm in length
267,0,0,3573,365,100,69,This record contains an extra 14 counted fish plus: total number for 5-10 cm given on datasheet with note that of those ~80% were10 cm in length
265,0,0,3553,365,100,61,
399,0,0,5954,365,150,60,
400,0,0,5969,365,100,60,
529,0,0,8217,365,100,59,
394,0,0,5896,365,100,59,
393,0,0,5895,365,100,58,
383,0,0,5779,304,100,55,
402,0,0,5995,365,100,51,
400,0,0,5970,365,150,50,
234,0,0,3239,304,100,50,
400,0,0,5967,365,100,50,
517,0,0,8043,274,100,50,
143,0,0,1174,418,150,50,
399,0,0,5955,365,100,50,
271,0,0,3625,426,250,50,
136,0,0,1102,365,50,48,
406,0,0,6054,365,100,43,
392,0,0,5890,365,100,42,
407,0,0,6067,365,100,42,
144,0,0,1212,365,50,41,
265,0,0,3555,365,50,40,
125,0,0,972,426,350,40,school
400,0,0,5968,365,150,40,
409,0,0,6082,365,100,40,
528,0,0,8208,365,100,38,
128,0,0,1000,365,50,37,
529,0,0,8216,365,50,37,
528,0,0,8207,365,50,35,
266,0,0,3564,365,50,31,total number for 5-10 cm given on datasheet with note that of those ~80% were 10 cm in length
392,0,0,5889,365,150,31,
394,0,0,5897,365,150,31,
398,0,0,5934,365,150,30,
247,0,0,3383,418,300,30,
508,0,0,7947,365,100,30,
399,0,0,5957,365,100,30,
393,0,0,5894,365,150,28,
144,0,0,1211,365,50,28,
403,0,0,6004,365,100,28,
267,0,0,3587,365,100,28,
154,0,0,1192,365,50,27,
398,0,0,5935,365,100,27,
150,0,0,1273,365,50,27,
408,0,0,6079,274,100,25,
264,0,0,3548,365,100,25,
271,0,0,3624,426,300,25,
366,0,0,5659,407,100,24,
535,0,0,8295,365,100,24,
398,0,0,5937,365,150,23,
271,0,0,3632,365,50,23,total number for 5-10 cm given on datasheet with note that of those ~80% were 10 cm in length
246,0,0,3374,306,300,23,
538,0,0,8338,365,50,23,
533,0,0,8278,365,120,23,
406,0,0,6055,365,150,22,
148,0,0,1254,365,50,21,
527,0,0,8191,365,50,21,
139,0,0,1124,365,50,21,
512,0,0,7970,304,50,20,
387,0,0,5820,365,150,20,
399,0,0,5958,365,150,20,
398,0,0,5938,365,100,20,
127,0,0,983,365,50,20,
141,0,0,1133,304,50,20,
268,0,0,3583,365,50,20,total number for 5-10 cm given on datasheet with note that of those ~80% were 10 cm in length
264,0,0,3549,365,50,20,
520,0,0,8061,365,50,19,
383,0,0,5790,461,150,19,
397,0,0,5920,365,100,19,
388,0,0,5832,365,150,19,
151,0,0,1277,365,50,19,
508,0,0,7946,365,50,18,
527,0,0,8193,365,100,18,
401,0,0,5973,303,50,18,
408,0,0,6074,365,150,18,
140,0,0,1126,365,50,18,
533,0,0,8277,365,100,17,
534,0,0,8282,365,50,17,
519,0,0,8057,365,50,17,
256,0,0,3463,365,50,17,
375,0,0,5729,365,150,17,
271,0,0,3614,426,300,17,
377,0,0,5747,516,100,16,
244,0,0,3342,426,300,16,
537,0,0,8325,365,50,16,
397,0,0,5919,365,150,16,
396,0,0,5911,365,100,16,
365,0,0,5648,304,100,15,
403,0,0,6003,426,200,15,
376,0,0,5733,365,100,15,
384,0,0,5796,461,200,15,
376,0,0,5734,426,150,15,
371,0,0,5691,461,200,15,
408,0,0,6075,365,100,15,
384,0,0,5794,402,100,15,copper/quillback rockfish
401,0,0,5980,365,100,14,
369,0,0,5677,365,150,14,
401,0,0,5972,407,50,14,
152,0,0,1286,365,50,14,
377,0,0,5748,516,150,14,
155,0,0,1194,365,50,14,
267,0,0,3572,365,50,14,total number for 5-10 cm given on datasheet with note that of those ~80% were 10 cm in length
515,0,0,8008,303,50,13,
405,0,0,6044,365,150,13,
403,0,0,6005,365,150,12,
386,0,0,5807,461,150,12,
258,0,0,3471,437,50,12,"size on data sheet ""6"""
519,0,0,8058,365,70,12,
391,0,0,5871,426,250,12,
532,0,0,8259,365,50,12,
534,0,0,8284,365,100,12,
250,0,0,3412,304,50,12,
370,0,0,5682,365,150,12,
266,0,0,3566,366,100,11,
533,0,0,8274,365,50,11,
407,0,0,6066,365,150,11,
147,0,0,1266,365,50,11,
528,0,0,8209,365,120,11,
534,0,0,8285,365,120,11,
535,0,0,8293,365,80,11,
375,0,0,5732,365,100,11,
153,0,0,1188,365,50,11,
264,0,0,3545,365,100,11,
383,0,0,5784,306,200,11,
522,0,0,8098,418,50,11,
132,0,0,1027,304,50,10,
121,0,0,915,426,250,10,
536,0,0,8313,365,50,10,
402,0,0,5994,365,150,10,
118,0,0,893,426,50,10,
247,0,0,3384,426,300,10,
254,0,0,3446,365,100,10,
149,0,0,1241,365,50,10,
128,0,0,992,365,50,10,
128,0,0,997,365,50,10,
255,0,0,3449,365,50,10,
130,0,0,1011,306,150,10,
143,0,0,1172,426,150,10,
132,0,0,1026,304,50,10,
233,0,0,3235,365,100,10,
531,0,0,8248,365,100,10,
255,0,0,3458,472,50,10,
530,0,0,8231,365,50,10,
405,0,0,6038,407,100,10,
230,0,0,3203,274,100,10,
388,0,0,5830,461,150,10,
142,0,0,1157,306,250,10,
123,0,0,947,306,150,10,
143,0,0,1168,306,150,10,
143,0,0,1171,426,150,10,
540,0,0,8353,365,50,9,
374,0,0,5716,461,200,9,
235,0,0,3256,365,100,9,
389,0,0,5850,365,100,9,
541,0,0,8360,365,50,9,
537,0,0,8327,365,100,9,
405,0,0,6045,365,100,9,
370,0,0,5681,365,100,9,
255,0,0,3454,365,50,9,
520,0,0,8062,365,70,9,
386,0,0,5808,365,150,9,
506,0,0,7933,312,100,9,
522,0,0,8099,418,100,9,
398,0,0,5924,306,150,9,
521,0,0,8094,365,100,9,
257,0,0,3468,312,100,8,
537,0,0,8326,365,80,8,
404,0,0,6019,365,150,8,
514,0,0,7998,365,50,8,
261,0,0,3501,365,50,8,
232,0,0,3232,365,50,8,
404,0,0,6010,426,150,8,
369,0,0,5678,365,100,8,
401,0,0,5981,365,150,8,
384,0,0,5800,304,100,8,
530,0,0,8228,303,50,8,
384,0,0,5795,303,150,8,
532,0,0,8261,365,100,8,
535,0,0,8296,365,120,8,
409,0,0,6083,365,150,8,
141,0,0,1132,304,50,8,
406,0,0,6056,461,150,8,
124,0,0,952,426,50,8,
395,0,0,5904,365,100,7,
269,0,0,3602,365,100,7,
261,0,0,3500,365,100,7,
136,0,0,1099,365,50,7,
523,0,0,8128,418,100,7,
523,0,0,8137,365,50,7,
515,0,0,8007,306,50,7,
405,0,0,6041,426,250,7,
375,0,0,5731,516,100,7,
254,0,0,3444,365,100,7,
273,0,0,3641,365,50,7,
121,0,0,929,365,50,7,
535,0,0,8291,365,50,7,
603,1,17,8649,A,,7,
379,0,0,5767,516,100,7,
401,0,0,5977,304,50,7,
379,0,0,5769,365,150,7,
379,0,0,5768,516,150,7,
405,0,0,6046,461,150,6,
391,0,0,5881,365,100,6,
534,0,0,8283,365,80,6,
406,0,0,6052,426,350,6,
521,0,0,8085,418,150,6,
111,0,0,863,306,150,6,
155,0,0,1193,516,50,6,
367,0,0,5664,461,150,6,
124,0,0,958,426,350,6,
373,0,0,5715,407,50,6,
377,0,0,5743,306,150,6,
353,2,12,5279,R,,6,
518,0,0,8054,365,100,6,
114,0,0,850,527,50,6,
388,0,0,5831,461,100,6,
519,0,0,8055,461,100,6,
368,0,0,5669,461,100,6,
509,0,0,7950,461,150,6,
399,0,0,5940,312,150,6,
529,0,0,8218,365,120,6,
235,0,0,3247,426,250,6,
136,0,0,1101,365,50,6,
136,0,0,1100,365,50,6,
262,0,0,3509,365,100,6,
517,0,0,8039,461,150,6,
262,0,0,3508,365,50,6,
264,0,0,3546,365,50,6,
252,0,0,3429,516,50,6,
381,0,0,5774,461,150,6,
258,0,0,3473,402,50,6,
377,0,0,5746,304,150,6,"Written as ""SP"". Assumed it was shiner perch since ""STP"" was just above for striped perch"
522,0,0,8112,365,80,6,
372,0,0,5698,461,150,6,
539,0,0,8344,461,150,6,
530,0,0,8232,365,80,5,
372,0,0,5694,426,250,5,
242,0,0,3315,312,150,5,
544,0,0,8404,306,200,5,
517,0,0,8044,466,150,5,
118,0,0,904,426,150,5,
138,0,0,1114,312,150,5,
522,0,0,8100,418,150,5,
270,0,0,3604,426,300,5,
386,0,0,5804,461,400,5,
522,0,0,8111,365,50,5,
248,0,0,3405,516,50,5,
523,0,0,8129,418,150,5,
385,0,0,5801,461,150,5,
527,0,0,8192,365,30,5,
390,0,0,5863,365,100,5,
391,0,0,5872,426,300,5,
391,0,0,5870,407,250,5,
391,0,0,5869,407,200,5,
533,0,0,8276,365,80,5,
269,0,0,3592,426,250,5,
390,0,0,5864,365,150,5,
365,0,0,5644,461,150,5,
273,0,0,3643,516,50,5,
372,0,0,5697,461,200,5,
256,0,0,3461,516,50,5,
373,0,0,5709,461,200,5,
147,0,0,1258,426,250,5,
387,0,0,5818,461,200,5,
130,0,0,1012,466,150,5,
142,0,0,1156,306,250,5,
376,0,0,5736,479,100,5,
387,0,0,5812,426,300,5,
405,0,0,6048,516,100,5,
231,0,0,3217,365,50,5,
408,0,0,6076,479,100,5,
378,0,0,5753,426,200,5,
127,0,0,989,365,50,5,
379,0,0,5759,426,300,5,
399,0,0,5947,306,100,5,
235,0,0,3257,365,50,5,
111,0,0,832,306,150,5,
143,0,0,1173,426,150,5,
389,0,0,5849,365,150,5,
544,0,0,8397,426,250,5,
255,0,0,3453,365,100,5,
527,0,0,8197,365,120,5,
243,0,0,3330,426,150,5,
374,0,0,5721,365,100,5,
124,0,0,960,461,350,5,
404,0,0,6009,407,100,5,
388,0,0,5834,479,,5,size not written.
148,0,0,1244,426,150,5,
374,0,0,5722,365,150,5,
404,0,0,6016,461,150,5,
118,0,0,892,516,150,5,
262,0,0,3513,479,50,4,
434,1,25,7103,A,,4,
625,2,17,9416,A,,4,
262,0,0,3510,365,150,4,
507,0,0,7943,365,100,4,
516,0,0,8018,306,50,4,
261,0,0,3502,365,150,4,
138,0,0,1109,407,50,4,
521,0,0,8092,365,50,4,
253,0,0,3441,516,50,4,
253,0,0,3438,365,50,4,
450,2,14,7661,A,,4,
409,0,0,6085,516,100,4,
383,0,0,5791,461,200,4,
372,0,0,5700,306,150,4,
378,0,0,5750,306,150,4,
395,0,0,5901,461,150,4,
396,0,0,5912,365,150,4,
234,0,0,3243,365,50,4,
398,0,0,5923,306,150,4,
126,0,0,979,365,50,4,
382,0,0,5776,461,150,4,
125,0,0,966,407,50,4,
243,0,0,3331,426,200,4,
401,0,0,5975,312,100,4,
232,0,0,3231,365,100,4,
116,0,0,884,365,50,4,
232,0,0,3226,365,50,4,
241,0,0,3309,480,50,4,
118,0,0,900,426,50,4,
118,0,0,903,461,150,4,
242,0,0,3312,312,150,4,
242,0,0,3313,304,50,4,
121,0,0,914,312,250,4,
549,0,0,8434,461,100,4,
121,0,0,919,407,350,4,
386,0,0,5806,306,200,4,
121,0,0,927,365,50,4,
386,0,0,5803,461,300,4,
114,0,0,857,306,150,4,
372,0,0,5696,461,350,4,
249,0,0,3411,516,50,4,
523,0,0,8140,365,100,4,
366,0,0,5655,461,150,4,
366,0,0,5656,407,50,4,
366,0,0,5661,365,100,4,
368,0,0,5671,365,100,4,
525,0,0,8157,426,20,4,
135,0,0,1068,365,50,4,
531,0,0,8249,365,120,4,
531,0,0,8247,365,80,4,
531,0,0,8245,365,50,4,
545,0,0,8412,461,100,4,
371,0,0,5685,306,150,4,
521,0,0,8093,365,80,4,
265,0,0,3551,407,200,4,
544,0,0,8407,516,70,4,
337,1,27,4429,A,,4,
526,0,0,8165,437,40,4,
375,0,0,5725,461,200,4,
132,0,0,1018,303,50,4,
131,0,0,1016,461,250,4,
407,0,0,6062,407,200,4,
407,0,0,6064,461,150,4,
433,2,18,7077,A,,4,
232,0,0,3225,365,100,4,
525,0,0,8161,365,100,4,
542,0,0,8368,426,50,4,
540,0,0,8354,365,100,4,
542,0,0,8369,461,100,4,
270,0,0,3611,365,100,4,
536,0,0,8316,365,100,4,
393,0,0,5891,461,150,4,
537,0,0,8328,365,120,4,
543,0,0,8388,462,150,4,
389,0,0,5847,306,250,4,
543,0,0,8383,306,300,4,
271,0,0,3629,365,100,4,
238,0,0,3283,365,50,3,
243,0,0,3327,426,200,3,
389,0,0,5844,461,300,3,
425,3,10,6731,A,,3,
239,0,0,3288,461,100,3,
371,0,0,5688,426,100,3,
395,0,0,5898,407,150,3,
390,0,0,5855,426,250,3,
259,0,0,3483,01P,50,3,"size on data sheet ""9,7,8"""
530,0,0,8234,365,100,3,
395,0,0,5905,365,150,3,
238,0,0,3282,365,100,3,
390,0,0,5867,479,100,3,
395,0,0,5906,479,100,3,
369,0,0,5674,407,200,3,
135,0,0,1071,365,50,3,
369,0,0,5672,461,150,3,
370,0,0,5683,516,50,3,
510,0,0,7955,466,120,3,
372,0,0,5701,306,200,3,
433,3,17,7089,A,,3,
383,0,0,5789,426,100,3,
542,0,0,8365,306,250,3,
116,0,0,883,365,50,3,
390,0,0,5853,407,200,3,
239,0,0,3290,461,100,3,
530,0,0,8221,461,170,3,
383,0,0,5793,461,100,3,
116,0,0,878,365,50,3,
377,0,0,5749,461,150,3,
378,0,0,5756,516,100,3,
118,0,0,894,461,150,3,
244,0,0,3344,426,300,3,
240,0,0,3295,426,200,3,
239,0,0,3293,461,100,3,
241,0,0,3306,461,100,3,
538,0,0,8339,365,80,3,
368,0,0,5670,461,150,3,
269,0,0,3588,426,200,3,
141,0,0,1131,304,50,3,
518,0,0,8050,461,100,3,
270,0,0,3605,461,350,3,
518,0,0,8053,365,50,3,
269,0,0,3589,426,300,3,
522,0,0,8101,418,120,3,
522,0,0,8114,479,50,3,
380,0,0,5770,461,150,3,
398,0,0,5926,304,250,3,
520,0,0,8066,479,5,3,
547,0,0,8421,461,200,3,
251,0,0,3421,304,50,3,
399,0,0,5946,306,150,3,
521,0,0,8076,426,200,3,
521,0,0,8077,426,250,3,
269,0,0,3596,306,100,3,
251,0,0,3425,516,50,3,
543,0,0,8386,426,250,3,
247,0,0,3396,516,50,3,
114,0,0,856,426,50,3,
528,0,0,8202,407,200,3,
391,0,0,5873,418,200,3,
511,0,0,7960,01P,50,3,
135,0,0,1076,365,50,3,
514,0,0,8000,365,80,3,
366,0,0,5660,407,50,3,
396,0,0,5914,516,100,3,
540,0,0,8347,461,150,3,
401,0,0,5974,303,100,3,
258,0,0,3474,461,100,3,
247,0,0,3397,365,50,3,
523,0,0,8142,479,50,3,
516,0,0,8014,461,250,3,
612,1,17,9011,A,,3,
516,0,0,8020,306,200,3,
234,0,0,3244,365,100,3,
237,0,0,3275,516,50,3,
523,0,0,8125,426,250,3,
135,0,0,1078,365,50,3,
533,0,0,8263,306,50,3,
118,0,0,902,426,50,3,
404,0,0,6022,365,100,3,
387,0,0,5815,461,400,3,
148,0,0,1250,426,150,3,
384,0,0,5799,426,100,3,
388,0,0,5829,633,100,3,
148,0,0,1251,426,250,3,
263,0,0,3533,365,50,3,
527,0,0,8182,407,100,3,
264,0,0,3547,418,200,3,
375,0,0,5724,461,150,3,
527,0,0,8186,426,200,3,
389,0,0,5838,426,250,3,
408,0,0,6078,516,100,3,
451,3,21,7703,A,,3,
389,0,0,5837,407,150,3,
409,0,0,6084,479,100,3,
543,0,0,8391,516,70,3,
154,0,0,1191,516,50,3,
118,0,0,898,426,50,3,
408,0,0,6069,407,100,3,
533,0,0,8275,365,60,3,
408,0,0,6068,407,50,3,
244,0,0,3348,312,300,3,
386,0,0,5809,365,100,3,
264,0,0,3537,418,250,3,
407,0,0,6060,306,100,3,
542,0,0,8370,461,150,3,
272,0,0,3634,461,100,3,
375,0,0,5730,479,50,3,
406,0,0,6057,516,50,3,
263,0,0,3529,461,150,3,
387,0,0,5823,461,150,3,
266,0,0,3557,461,200,3,
263,0,0,3523,306,100,3,
132,0,0,1029,312,350,3,
387,0,0,5821,365,150,3,
244,0,0,3354,461,100,3,
521,0,0,8088,462,250,2,
523,0,0,8139,365,80,2,
269,0,0,3598,426,150,2,
391,0,0,5882,365,150,2,
397,0,0,5922,516,100,2,
248,0,0,3403,461,250,2,
523,0,0,8132,407,150,2,
399,0,0,5944,312,100,2,
235,0,0,3246,303,10,2,
546,0,0,8416,424,100,2,
247,0,0,3399,516,50,2,
399,0,0,5945,304,100,2,
130,0,0,1013,466,150,2,
523,0,0,8127,426,300,2,
404,0,0,6014,312,150,2,
374,0,0,5723,365,200,2,
388,0,0,5833,516,100,2,
388,0,0,5835,365,100,2,
389,0,0,5836,407,250,2,
521,0,0,8084,418,120,2,
609,3,11,8950,A,,2,
271,0,0,3633,462,200,2,
522,0,0,8103,462,100,2,
546,0,0,8418,479,50,2,
546,0,0,8420,516,50,2,
379,0,0,5765,418,200,2,
550,0,0,8445,516,50,2,
432,2,14,7036,A,,2,
250,0,0,3415,461,150,2,
327,3,21,4026,R,,2,
404,0,0,6018,461,200,2,
387,0,0,5814,426,400,2,
522,0,0,8110,402,50,2,
398,0,0,5925,312,200,2,
365,0,0,5646,461,250,2,
404,0,0,6013,461,400,2,
392,0,0,5887,461,250,2,
244,0,0,3341,306,300,2,
407,0,0,6059,306,150,2,
235,0,0,3248,407,150,2,
398,0,0,5928,461,200,2,
538,0,0,8340,365,40,2,
249,0,0,3409,516,50,2,
398,0,0,5927,312,150,2,
538,0,0,8341,365,60,2,
379,0,0,5763,365,150,2,
523,0,0,8122,461,250,2,
523,0,0,8124,426,200,2,
524,0,0,8146,461,150,2,
402,0,0,5988,461,200,2,
389,0,0,5852,516,150,2,
373,0,0,5712,306,200,2,
372,0,0,5695,426,350,2,
377,0,0,5745,312,150,2,
530,0,0,8222,461,150,2,
391,0,0,5876,461,300,2,
390,0,0,5854,407,250,2,
128,0,0,998,516,50,2,
530,0,0,8227,303,40,2,
389,0,0,5840,426,300,2,
253,0,0,3431,461,25,2,
269,0,0,3595,407,150,2,
530,0,0,8230,306,50,2,
389,0,0,5839,426,150,2,
530,0,0,8223,461,10,2,
544,0,0,8409,365,100,2,
401,0,0,5982,407,200,2,
401,0,0,5983,461,300,2,
528,0,0,8204,351,300,2,
373,0,0,5708,461,150,2,
401,0,0,5984,461,100,2,
527,0,0,8195,365,80,2,
373,0,0,5711,306,150,2,
372,0,0,5703,407,200,2,
544,0,0,8405,306,250,2,
246,0,0,3377,516,50,2,
601,1,20,8582,A,,2,
232,0,0,3227,365,50,2,
232,0,0,3228,365,100,2,
389,0,0,5851,479,100,2,
531,0,0,8236,303,40,2,
527,0,0,8194,365,70,2,
366,0,0,5657,516,100,2,
544,0,0,8403,306,150,2,
526,0,0,8167,461,100,2,
526,0,0,8166,437,50,2,
525,0,0,8150,407,200,2,
391,0,0,5874,418,250,2,
525,0,0,8164,479,30,2,
403,0,0,6000,633,50,2,
245,0,0,3363,306,250,2,
387,0,0,5813,461,300,2,
390,0,0,5856,426,300,2,
378,0,0,5757,516,150,2,
366,0,0,5654,461,100,2,
130,0,0,1008,461,250,2,
130,0,0,1009,466,150,2,
523,0,0,8141,365,120,2,
391,0,0,5875,461,250,2,
377,0,0,5744,463,150,2,
365,0,0,5647,312,100,2,
247,0,0,3385,407,250,2,
545,0,0,8413,461,250,2,
371,0,0,5686,306,200,2,
246,0,0,3373,461,400,2,
527,0,0,8180,306,100,2,
129,0,0,1006,466,150,2,
525,0,0,8160,365,50,2,
530,0,0,8235,365,120,2,
402,0,0,5992,461,250,2,
266,0,0,3558,461,150,2,
245,0,0,3371,461,100,2,
129,0,0,1004,461,350,2,
149,0,0,1226,426,250,2,order of transects switched on datasheet
231,0,0,3218,365,100,2,
395,0,0,5902,306,150,2,
538,0,0,8330,437,250,2,
258,0,0,3476,461,150,2,
549,0,0,8435,461,150,2,
117,0,0,886,461,250,2,
508,0,0,7944,461,400,2,
123,0,0,944,306,150,2,
241,0,0,3303,480,50,2,
542,0,0,8364,306,100,2,
266,0,0,3567,306,100,2,
261,0,0,3503,516,100,2,
430,1,19,6860,A,,2,
116,0,0,879,365,50,2,
263,0,0,3519,312,100,2,
147,0,0,1255,426,250,2,
147,0,0,1257,312,350,2,
542,0,0,8366,306,200,2,
263,0,0,3524,306,150,2,
147,0,0,1261,306,150,2,
147,0,0,1262,426,350,2,
263,0,0,3526,407,200,2,
262,0,0,3514,437,150,2,
521,0,0,8081,407,180,2,
114,0,0,865,527,50,2,
513,0,0,7987,365,100,2,
513,0,0,7985,365,70,2,
258,0,0,3479,516,50,2,"size on data sheet ""5, 7"""
548,0,0,8431,461,300,2,
512,0,0,7979,516,50,2,
259,0,0,3484,01P,100,2,"size on data sheet ""12,13"""
512,0,0,7977,462,120,2,
123,0,0,949,303,50,2,
260,0,0,3492,304,50,2,
147,0,0,1267,306,150,2,
512,0,0,7967,461,250,2,
139,0,0,1121,407,250,2,
541,0,0,8362,516,30,2,
123,0,0,951,306,150,2,
511,0,0,7962,01P,100,2,
261,0,0,3498,461,250,2,
628,3,15,9562,R,,2,
631,1,22,9690,R,,2,
124,0,0,955,461,350,2,
543,0,0,8381,306,200,2,
150,0,0,1271,461,250,2,
150,0,0,1272,303,50,2,
543,0,0,8379,306,100,2,
357,3,20,5381,A,,2,
121,0,0,922,462,150,2,
151,0,0,1276,303,150,2,
543,0,0,8390,516,50,2,
452,2,27,7720,A,,2,
123,0,0,939,306,250,2,
121,0,0,925,426,250,2,
544,0,0,8395,426,150,2,
543,0,0,8382,306,250,2,
152,0,0,1283,303,150,2,
536,0,0,8304,461,120,2,
121,0,0,930,516,50,2,
536,0,0,8306,461,250,2,
153,0,0,1183,461,250,2,
536,0,0,8309,407,100,2,
153,0,0,1185,461,150,2,
153,0,0,1187,527,50,2,
149,0,0,1231,407,250,2,
512,0,0,7968,426,150,2,
148,0,0,1245,461,350,2,
148,0,0,1246,426,250,2,
263,0,0,3530,407,200,2,
451,2,21,7686,A,,2,
359,1,12,5409,A,,2,
543,0,0,8385,426,150,2,
118,0,0,905,516,50,2,
121,0,0,920,461,350,2,
542,0,0,8371,461,200,2,
543,0,0,8393,479,50,2,
242,0,0,3314,306,100,2,
149,0,0,1232,426,150,2,
537,0,0,8321,461,350,2,
149,0,0,1234,426,250,2,
149,0,0,1236,426,250,2,
533,0,0,8268,461,250,2,
149,0,0,1242,516,50,2,
154,0,0,1190,516,50,2,
263,0,0,3528,365,100,2,
532,0,0,8253,303,50,2,
516,0,0,8016,461,300,2,
515,0,0,8011,479,50,2,
112,0,0,840,516,50,2,
380,0,0,5771,461,200,2,
253,0,0,3436,426,250,2,
516,0,0,8021,461,120,2,
519,0,0,8059,365,100,2,
540,0,0,8351,407,150,2,
237,0,0,3270,461,400,2,
516,0,0,8028,426,300,2,
111,0,0,837,461,250,2,
540,0,0,8355,365,120,2,
436,2,17,7245,A,,2,
615,3,12,9142,A,,2,
256,0,0,3462,365,50,2,
516,0,0,8012,461,150,2,
140,0,0,1127,516,50,2,
516,0,0,8035,472,100,2,
400,0,0,5961,407,150,2,
253,0,0,3440,480,50,2,
517,0,0,8041,461,220,2,
517,0,0,8040,461,200,2,
111,0,0,833,306,250,2,
111,0,0,834,312,150,2,
125,0,0,971,461,350,2,
111,0,0,836,461,150,2,
253,0,0,3435,426,300,2,
255,0,0,3448,365,100,2,
518,0,0,8051,461,150,2,
627,3,13,9536,LS,,2,
255,0,0,3450,472,50,2,
111,0,0,838,466,50,2,
632,1,29,9730,R,,2,
540,0,0,8349,461,350,2,
514,0,0,7999,365,70,2,
258,0,0,3472,437,100,2,
332,3,14,4308,A,,2,
401,0,0,5976,312,150,2,
257,0,0,3469,304,100,2,
521,0,0,8078,426,300,2,
453,2,13,7757,P,,2,"""PU"" on data sheet. Used P since no such code"
516,0,0,8017,306,80,2,
521,0,0,8074,306,300,2,
520,0,0,8063,516,50,2,
236,0,0,3261,462,200,2,
539,0,0,8345,461,200,2,
268,0,0,3576,424,150,2,
515,0,0,8004,461,120,2,
114,0,0,851,424,50,2,
114,0,0,853,426,250,2,
139,0,0,1122,516,50,2,
131,0,0,1017,461,350,2,
114,0,0,852,426,150,2,
515,0,0,8005,461,150,2,
257,0,0,3466,304,100,2,
547,0,0,8422,461,250,2,
242,0,0,3322,306,100,1,
320,3,7,3771,R,45,1,
271,0,0,3617,461,200,1,
347,2,12,5016,AG,52,1,
244,0,0,3351,306,350,1,
244,0,0,3350,461,100,1,
274,0,0,3644,365,50,1,8 cm on datasheet
273,0,0,3640,462,150,1,18 cm on datasheet
243,0,0,3337,407,150,1,
244,0,0,3349,461,150,1,
320,1,8,3737,R,41,1,
273,0,0,3639,407,100,1,12 cm on datasheet
243,0,0,3335,407,200,1,
243,0,0,3338,461,100,1,
320,3,7,3776,A,68,1,
320,3,7,3775,A,56,1,
242,0,0,3321,312,100,1,
320,3,7,3774,R,98,1,could be 96 mm
320,3,7,3777,A,46,1,
320,2,8,3758,PO,90,1,measurement includes .5 decimal.  Rounded down to nearest mm
244,0,0,3339,306,300,1,
273,0,0,3642,462,100,1,
320,3,7,3773,R,74,1,
320,2,8,3757,R,49,1,
320,3,7,3772,R,105,1,
320,2,8,3756,R,90,1,measurement includes .5 decimal.  Rounded down to nearest mm
244,0,0,3347,306,150,1,
243,0,0,3336,407,100,1,
244,0,0,3346,461,150,1,
320,1,8,3739,R,70,1,
320,2,8,3751,R,75,1,
320,1,8,3742,R,110,1,
243,0,0,3325,426,200,1,
320,2,8,3762,A,58,1,
320,2,8,3763,A,44,1,
320,1,8,3743,R,95,1,
320,1,8,3744,R,94,1,
347,2,12,5013,R,98,1,
243,0,0,3328,426,300,1,
320,3,7,3767,R,60,1,
320,1,8,3745,R,86,1,
347,2,12,5014,R,140,1,
320,1,8,3746,A,42,1,
320,1,8,3750,A,,1,
244,0,0,3345,461,100,1,
320,1,8,3747,A,66,1,
320,1,8,3749,AM,103,1,
243,0,0,3329,461,150,1,
244,0,0,3343,426,200,1,
320,1,8,3748,A,34,1,
320,2,8,3764,LS,70,1,
320,2,8,3765,A,,1,
320,3,7,3766,R,63,1,
320,2,8,3760,A,49,1,
320,3,7,3770,R,44,1,
244,0,0,3340,426,300,1,
243,0,0,3334,306,200,1,
320,3,7,3769,R,99,1,
320,2,8,3759,A,49,1,
320,2,8,3755,R,65,1,measurement includes .5 decimal.  Rounded down to nearest mm
320,2,8,3754,R,98,1,
243,0,0,3326,306,100,1,
320,2,8,3753,R,61,1,measurement includes .5 decimal.  Rounded down to nearest mm
320,2,8,3752,R,64,1,measurement includes .5 decimal.  Rounded down to nearest mm
242,0,0,3324,312,100,1,
347,2,12,5009,R,116,1,
320,1,8,3738,R,70,1,
347,2,12,5015,R,141,1,
243,0,0,3333,312,200,1,
242,0,0,3323,461,150,1,
347,2,12,5011,R,103,1,
347,2,12,5010,R,69,1,
320,1,8,3740,R,95,1,
320,1,8,3741,R,84,1,
243,0,0,3332,461,400,1,
347,2,12,5012,R,113,1,
320,2,8,3761,A,52,1,
320,3,7,3768,R,95,1,
260,0,0,3487,407,150,1,
257,0,0,3467,461,250,1,
257,0,0,3470,461,100,1,"size on data sheet ""12"""
347,1,7,4995,P,55,1,
347,1,7,4982,P,56,1,
258,0,0,3475,461,200,1,
258,0,0,3477,365,50,1,"size on data sheet ""8"""
258,0,0,3478,365,100,1,
258,0,0,3480,437,50,1,"size on data sheet ""6"""
258,0,0,3481,499,150,1,
259,0,0,3482,499,300,1,
267,0,0,3574,348,200,1,
260,0,0,3486,407,100,1,
257,0,0,3465,306,100,1,"size on data sheet ""12"""
260,0,0,3488,461,200,1,
260,0,0,3489,306,100,1,
260,0,0,3490,306,150,1,
260,0,0,3491,312,200,1,
260,0,0,3493,306,150,1,
260,0,0,3494,407,150,1,
260,0,0,3495,407,100,1,
261,0,0,3496,407,200,1,
261,0,0,3497,407,250,1,
261,0,0,3499,407,200,1,
271,0,0,3618,461,150,1,
260,0,0,3485,461,300,1,
268,0,0,3581,347,150,1,
268,0,0,3586,347,200,1,
253,0,0,3442,502,200,1,
268,0,0,3585,348,150,1,
254,0,0,3443,502,300,1,
347,1,7,4980,P,67,1,
347,1,7,4981,P,78,1,
254,0,0,3445,516,50,1,
347,1,7,4999,P,60,1,
254,0,0,3447,365,50,1,
347,1,7,4998,P,75,1,
255,0,0,3451,516,50,1,
268,0,0,3577,502,200,1,
268,0,0,3582,424,100,1,
268,0,0,3578,424,100,1,
255,0,0,3455,516,50,1,
255,0,0,3456,472,50,1,
255,0,0,3457,365,50,1,
347,1,7,4997,P,61,1,
255,0,0,3459,516,50,1,
256,0,0,3460,461,400,1,
268,0,0,3580,499,200,1,
268,0,0,3579,424,200,1,
347,1,7,4996,P,60,1,
257,0,0,3464,306,100,1,
347,1,7,4983,P,74,1,
255,0,0,3452,633,300,1,
264,0,0,3544,462,200,1,
263,0,0,3536,303,100,1,
347,1,7,4994,P,61,1,
266,0,0,3563,424,150,1,
266,0,0,3562,424,100,1,
264,0,0,3538,407,250,1,
264,0,0,3539,461,300,1,
347,1,7,4993,P,74,1,
266,0,0,3561,462,100,1,
264,0,0,3540,407,200,1,
264,0,0,3541,407,300,1,
267,0,0,3575,499,100,1,
264,0,0,3543,407,150,1,
263,0,0,3534,365,150,1,
266,0,0,3560,424,150,1,
347,1,7,4992,P,55,1,
266,0,0,3559,407,200,1,
347,1,7,4991,P,74,1,
347,1,7,4990,P,69,1,
264,0,0,3550,538,50,1,
265,0,0,3552,462,150,1,
347,1,7,4989,P,60,1,
265,0,0,3554,365,150,1,
347,1,7,4988,P,50,1,
265,0,0,3556,502,200,1,
264,0,0,3542,462,250,1,
263,0,0,3517,461,250,1,
261,0,0,3504,407,200,1,
347,1,7,4984,P,60,1,
261,0,0,3505,407,150,1,
262,0,0,3506,465,450,1,
262,0,0,3507,461,450,1,
267,0,0,3571,347,150,1,
267,0,0,3570,461,300,1,
267,0,0,3569,461,200,1,
267,0,0,3568,461,150,1,
262,0,0,3511,516,100,1,
262,0,0,3512,461,400,1,
263,0,0,3535,461,100,1,
263,0,0,3516,407,150,1,
347,1,7,4987,P,49,1,
347,1,7,4985,P,60,1,
263,0,0,3518,461,350,1,
263,0,0,3520,312,400,1,
263,0,0,3521,312,200,1,
263,0,0,3522,306,300,1,
347,1,7,4986,P,65,1,
263,0,0,3525,461,300,1,
263,0,0,3527,306,200,1,
263,0,0,3531,407,150,1,
263,0,0,3532,480,150,1,
269,0,0,3591,426,500,1,
262,0,0,3515,437,200,1,
246,0,0,3382,431,250,1,
347,1,7,5004,HR,8,1,
246,0,0,3375,426,300,1,
246,0,0,3376,465,500,1,
271,0,0,3630,502,250,1,
271,0,0,3628,431,250,1,
271,0,0,3627,465,500,1,
246,0,0,3378,462,150,1,
271,0,0,3626,461,300,1,
246,0,0,3379,516,50,1,
246,0,0,3380,516,50,1,
253,0,0,3439,365,100,1,
246,0,0,3381,480,50,1,
245,0,0,3369,462,100,1,
347,1,7,5003,HR,11,1,
346,3,28,4977,AG,18,1,
347,1,7,5002,AG,44,1,
247,0,0,3386,426,300,1,
271,0,0,3623,426,250,1,
247,0,0,3387,426,200,1,
271,0,0,3622,461,300,1,
271,0,0,3621,462,150,1,
271,0,0,3620,407,300,1,
271,0,0,3619,312,250,1,
252,0,0,3430,365,50,1,
346,3,28,4976,AG,38,1,
244,0,0,3357,461,300,1,
244,0,0,3352,306,150,1,
273,0,0,3637,407,150,1,
273,0,0,3636,462,150,1,
273,0,0,3635,407,100,1,12 cm on datasheet
244,0,0,3353,306,200,1,
347,2,12,5008,R,134,1,
347,2,12,5007,LH,46,1,
347,2,12,5006,P,53,1,
347,2,12,5005,A,85,1,
244,0,0,3355,306,300,1,
244,0,0,3356,461,500,1,
245,0,0,3372,461,200,1,
346,3,28,4975,AG,41,1,
245,0,0,3370,312,100,1,
244,0,0,3358,306,100,1,
244,0,0,3359,306,400,1,
245,0,0,3360,461,350,1,
245,0,0,3361,461,400,1,
245,0,0,3362,304,100,1,
245,0,0,3364,306,150,1,
245,0,0,3365,461,300,1,
245,0,0,3366,461,350,1,
245,0,0,3367,461,100,1,
245,0,0,3368,306,100,1,
247,0,0,3389,461,300,1,
346,3,28,4974,AG,41,1,
251,0,0,3424,461,150,1,
247,0,0,3388,407,250,1,
250,0,0,3416,418,150,1,
250,0,0,3417,402,100,1,marked as yellowtail/black juv rockfish.
250,0,0,3418,402,50,1,marked as yellowtail/black juv rockfish.
270,0,0,3603,426,250,1,
269,0,0,3601,479,50,1,
251,0,0,3419,407,200,1,
251,0,0,3420,461,350,1,
269,0,0,3600,461,350,1,
269,0,0,3599,312,300,1,
269,0,0,3597,306,150,1,
270,0,0,3607,426,200,1,
251,0,0,3423,461,400,1,
250,0,0,3414,461,100,1,
251,0,0,3426,365,100,1,
251,0,0,3427,365,50,1,
251,0,0,3428,461,50,1,
269,0,0,3594,407,350,1,
269,0,0,3593,407,250,1,
234,0,0,3236,303,100,1,
347,1,7,5000,AG,47,1,
253,0,0,3433,461,400,1,
253,0,0,3434,407,25,1,
253,0,0,3437,465,500,1,
273,0,0,3638,407,250,1,27 cm on datasheet
251,0,0,3422,304,100,1,
248,0,0,3401,461,300,1,
269,0,0,3590,426,400,1,
247,0,0,3390,461,250,1,
346,3,28,4978,AG,36,1,
247,0,0,3391,426,300,1,
247,0,0,3392,426,250,1,
247,0,0,3393,306,100,1,
247,0,0,3394,516,50,1,
247,0,0,3395,480,50,1,
347,1,7,4979,P,63,1,
270,0,0,3613,365,50,1,"datsheet says ""4"" (might be 4 at 10 cm)"
270,0,0,3612,479,50,1,
270,0,0,3606,426,350,1,
247,0,0,3400,431,250,1,
271,0,0,3616,461,350,1,
248,0,0,3402,461,250,1,
248,0,0,3404,461,350,1,
270,0,0,3610,426,100,1,
270,0,0,3609,479,50,1,
249,0,0,3406,461,300,1,
249,0,0,3407,461,200,1,
249,0,0,3408,461,200,1,
249,0,0,3410,472,50,1,
270,0,0,3608,407,200,1,
347,1,7,5001,AG,43,1,
250,0,0,3413,461,100,1,
247,0,0,3398,418,100,1,
191,1,25,2590,AG,43,1,
191,1,25,2598,AG,47,1,
191,1,25,2597,AG,45,1,
191,1,25,2596,AG,35,1,
191,1,25,2595,AG,35,1,
191,1,25,2594,AG,46,1,
191,1,25,2593,AG,45,1,
192,1,13,2617,AM,86,1,
191,1,25,2591,AG,50,1,
191,2,26,2601,AG,40,1,
191,1,25,2589,AG,37,1,
191,1,25,2588,AG,30,1,
191,1,25,2587,AG,44,1,
191,1,25,2586,AG,38,1,
190,3,19,2585,R,71,1,
190,3,19,2584,R,75,1,
191,1,25,2592,AG,40,1,
191,2,26,2608,R,99,1,
189,3,11,2547,R,27,1,
191,3,26,2615,R,75,1,
191,3,26,2614,R,70,1,
191,3,26,2613,R,83,1,
191,3,26,2612,AG,28,1,
191,3,26,2611,AG,42,1,
191,1,25,2599,AG,40,1,
191,2,26,2609,R,84,1,
191,1,25,2600,PN,30,1,Approximate measurement
191,2,26,2607,R,75,1,
191,2,26,2606,R,67,1,
191,2,26,2605,LS,29,1,
191,2,26,2604,PL,55,1,
191,2,26,2603,PL,50,1,
191,2,26,2602,AG,36,1,
190,3,19,2581,AG,14,1,
191,3,26,2610,AG,47,1,
189,3,11,2555,AG,42,1,
190,3,19,2583,HR,15,1,
190,1,18,2562,LS,53,1,
190,1,18,2561,R,77,1,
190,1,18,2560,R,67,1,
190,1,18,2559,AG,12,1,
190,1,18,2558,AG,37,1,
190,1,18,2564,LH,41,1,
190,1,18,2556,AG,43,1,
190,2,19,2565,AG,35,1,
189,3,11,2554,AG,40,1,
189,3,11,2553,PN,,1,no measurement
189,3,11,2552,AG,45,1,
189,3,11,2551,AG,39,1,
189,3,11,2550,AG,37,1,
189,3,11,2549,AG,34,1,
196,2,19,2688,R,80,1,
190,1,18,2557,AG,46,1,
190,2,19,2573,LH,42,1,
192,1,13,2618,AM,66,1,
190,3,19,2580,AG,37,1,
190,3,19,2579,AG,34,1,
190,3,19,2578,AG,41,1,
190,3,19,2577,PY,57,1,
190,2,19,2576,R,63,1,
190,1,18,2563,LH,34,1,
190,2,19,2574,R,67,1,
190,3,19,2582,AG,14,1,
190,2,19,2572,LH,38,1,
190,2,19,2571,AG,27,1,
190,2,19,2570,AG,40,1,
190,2,19,2569,AG,37,1,
190,2,19,2568,AG,35,1,
190,2,19,2567,AG,43,1,
190,2,19,2566,AG,38,1,
190,2,19,2575,R,66,1,
195,2,12,2661,A,65,1,
195,3,13,2669,A,,1,no measurement
195,3,13,2668,A,,1,no measurement
195,3,13,2667,A,81,1,
195,3,13,2666,R,86,1,
195,3,13,2665,FE,126,1,
195,3,13,2664,PO,68,1,
192,1,13,2616,AM,105,1,
195,2,12,2662,LS,38,1,
195,3,13,2672,A,74,1,
195,2,12,2660,LS,42,1,
195,2,12,2659,A,,1,no measurement
195,2,12,2658,A,51,1,
195,2,12,2657,A,85,1,
195,1,12,2656,R,,1,no measurement
195,1,12,2655,R,,1,no measurement
195,2,12,2663,AM,102,1,
196,1,19,2679,LH,43,1,
234,0,0,3238,407,150,1,
196,2,19,2686,LS,47,1,
196,1,19,2685,R,15,1,
196,1,19,2684,R,75,1,
196,1,19,2683,AM,85,1,
196,1,19,2682,A,33,1,
195,3,13,2670,R,81,1,
196,1,19,2680,A,31,1,
195,3,13,2671,R,41,1,
195,3,13,2678,A,50,1,
195,3,13,2677,R,95,1,
195,3,13,2676,R,49,1,
195,3,13,2675,R,84,1,
195,3,13,2674,A,34,1,
195,3,13,2673,A,90,1,
195,1,12,2652,R,81,1,
196,1,19,2681,A,30,1,
192,2,13,2626,LH,47,1,
195,1,12,2654,LH,37,1,
193,2,17,2633,HR,19,1,
193,1,19,2632,LS,67,1,
192,3,13,2631,R,63,1,
192,3,13,2630,A,75,1,
192,3,13,2629,A,70,1,
193,3,18,2635,LH,59,1,
192,2,13,2627,LH,25,1,
193,3,18,2636,LH,56,1,
192,2,13,2625,A,75,1,
192,1,13,2624,LH,,1,no measurement
192,1,13,2623,AG,45,1,
192,1,13,2622,AG,45,1,
192,1,13,2621,AG,47,1,
192,1,13,2620,LS,48,1,
192,1,13,2619,AM,82,1,
192,2,13,2628,AG,48,1,
194,3,22,2644,LH,51,1,
189,3,11,2546,AG,45,1,
195,1,12,2651,LH,52,1,
195,1,12,2650,LH,50,1,
195,1,12,2649,PO,50,1,
195,1,12,2648,R,76,1,
195,1,12,2647,R,86,1,
193,3,18,2634,PY,14,1,
194,3,22,2645,LH,46,1,
195,1,12,2653,A,51,1,
194,3,22,2643,LS,50,1,
194,3,22,2642,R,94,1,
194,2,22,2641,HR,14,1,
194,1,24,2640,PN,23,1,
194,1,24,2639,LH,31,1,
194,1,24,2638,LS,72,1,
193,3,18,2637,A,52,1,
194,3,22,2646,LH,48,1,
187,3,18,2455,G,,1,no measurement
187,3,18,2462,AM,46,1,
187,3,18,2461,PN,,1,no measurement
187,3,18,2460,WS,92,1,
187,3,18,2459,A,,1,no measurement
347,3,9,5041,P,54,1,
187,3,18,2458,A,,1,no measurement
188,1,26,2479,R,86,1,
187,3,18,2456,G,,1,no measurement
347,3,9,5040,P,66,1,
187,2,18,2454,P,,1,no measurement
187,2,18,2453,R,,1,no measurement
187,2,18,2452,R,95,1,
187,2,18,2451,R,44,1,
187,2,18,2450,R,80,1,
187,2,18,2449,R,73,1,
187,3,18,2457,A,,1,no measurement
187,3,18,2470,R,55,1,
189,3,11,2548,AG,40,1,
188,1,26,2477,FE,107,1,
188,1,26,2476,AM,67,1,
188,1,26,2475,LH,44,1,
187,3,18,2474,R,60,1,
187,3,18,2473,FE,78,1,
187,3,18,2463,AM,75,1,
187,3,18,2471,R,82,1,
187,3,18,2464,P,,1,no measurement
187,3,18,2469,R,96,1,
187,3,18,2468,R,76,1,
187,3,18,2467,AM,85,1,
187,3,18,2466,AM,,1,no measurement
187,3,18,2465,R,112,1,
347,3,9,5039,P,44,1,
187,2,18,2446,PN,27,1,
187,3,18,2472,R,,1,no measurement
186,3,12,2401,HR,14,1,
187,2,18,2448,R,88,1,
186,3,12,2408,AM,61,1,
186,3,12,2407,PO,41,1,
186,3,12,2406,PO,55,1,
186,3,12,2405,AM,70,1,
186,3,12,2404,LS,57,1,
186,3,12,2410,AM,54,1,
186,3,12,2402,R,116,1,
186,3,12,2411,LS,59,1,
186,3,12,2400,LS,8,1,
186,3,12,2399,PL,59,1,
186,3,12,2398,PO,69,1,
186,3,12,2397,PL,42,1,
186,3,12,2396,AM,68,1,
186,3,12,2395,AM,60,1,
186,3,12,2394,RA,77,1,
186,3,12,2403,R,127,1,
187,1,19,2438,PN,20,1,
347,3,9,5038,P,63,1,
187,2,18,2445,R,100,1,
187,2,18,2444,R,102,1,
187,1,19,2443,R,93,1,
187,1,19,2442,R,98,1,
187,1,19,2441,R,70,1,
186,3,12,2409,LS,43,1,
187,1,19,2439,LH,31,1,
187,2,18,2447,R,62,1,
187,1,19,2437,A,,1,no measurement
187,1,19,2436,A,,1,no measurement
187,1,19,2435,AM,65,1,
187,1,19,2434,AM,45,1,
186,3,12,2414,AM,51,1,
186,3,12,2413,LS,45,1,
186,3,12,2412,PN,33,1,
187,1,19,2440,R,79,1,
189,1,11,2519,AG,43,1,
189,1,11,2527,AG,28,1,
189,1,11,2526,AG,34,1,
189,1,11,2525,AG,32,1,
189,1,11,2524,AG,41,1,
189,1,11,2523,AG,42,1,
189,1,11,2522,HR,16,1,
188,1,26,2478,R,73,1,
189,1,11,2520,LH,39,1,
189,2,13,2530,R,71,1,
189,1,11,2518,R,75,1,
189,1,11,2517,R,69,1,
189,1,11,2516,R,68,1,
189,1,11,2515,R,73,1,
189,1,11,2514,AG,47,1,
189,1,11,2513,R,73,1,
189,1,11,2521,AG,38,1,
189,2,13,2537,AG,49,1,
189,3,11,2545,AG,41,1,
189,3,11,2544,AG,45,1,
189,3,11,2543,AG,42,1,
189,3,11,2542,AG,39,1,
189,3,11,2541,R,74,1,
189,3,11,2540,AG,43,1,
189,2,13,2528,R,79,1,
189,3,11,2538,AG,47,1,
189,2,13,2529,R,66,1,
189,2,13,2536,R,66,1,
189,2,13,2535,R,52,1,
189,2,13,2534,R,76,1,
189,2,13,2533,R,90,1,
189,2,13,2532,R,73,1,
189,2,13,2531,R,86,1,
188,3,26,2510,AM,61,1,
189,3,11,2539,AG,44,1,
188,1,26,2487,R,97,1,
188,3,26,2512,R,85,1,
188,1,26,2491,LH,39,1,
347,3,9,5035,P,62,1,
188,1,26,2490,WS,42,1,
188,1,26,2489,A,,1,no measurement
347,3,9,5036,P,63,1,
188,1,26,2493,R,,1,no measurement
188,1,26,2488,A,,1,no measurement
188,2,26,2494,LH,40,1,
188,1,26,2486,R,82,1,
188,1,26,2485,R,80,1,
188,1,26,2484,AM,53,1,
188,1,26,2483,R,67,1,
188,1,26,2482,A,50,1,
188,1,26,2481,R,59,1,
188,1,26,2480,R,74,1,
347,3,9,5037,P,51,1,
188,3,26,2502,FE,90,1,
196,2,19,2689,R,80,1,
188,3,26,2509,R,86,1,
188,3,26,2508,PN,,1,no measurement
188,3,26,2507,PN,28,1,
188,3,26,2506,AM,90,1,
188,3,26,2505,R,47,1,
188,1,26,2492,R,,1,no measurement
188,3,26,2503,A,80,1,
188,3,26,2511,R,,1,no measurement
188,3,26,2501,R,77,1,
188,2,26,2500,R,,1,no measurement
188,2,26,2499,AM,37,1,
188,2,26,2498,LH,41,1,
188,2,26,2497,A,40,1,
188,2,26,2496,LS,9,1,
188,2,26,2495,R,68,1,
188,3,26,2504,R,50,1,
200,2,29,2868,LS,34,1,
347,2,12,5026,AG,46,1,
230,0,0,3205,365,100,1,
230,0,0,3204,365,150,1,
347,2,12,5027,AG,49,1,
230,0,0,3202,407,250,1,
347,2,12,5028,AG,48,1,
232,0,0,3220,407,30,1,
200,3,28,2869,PN,19,1,
231,0,0,3208,365,100,1,
200,2,29,2867,LS,28,1,
200,2,29,2866,LS,58,1,
200,2,29,2865,MT,16,1,
200,2,29,2864,A,131,1,
200,2,29,2863,PN,15,1,
200,1,29,2862,MT,8,1,
200,3,28,2870,LS,31,1,
231,0,0,3213,365,100,1,
198,3,16,2831,AG,18,1,
347,2,12,5020,AG,49,1,
347,2,12,5021,AG,47,1,
231,0,0,3216,480,50,1,
231,0,0,3215,480,50,1,
347,2,12,5022,AG,49,1,
231,0,0,3206,461,350,1,
231,0,0,3214,365,100,1,
231,0,0,3207,407,250,1,
231,0,0,3212,365,100,1,
231,0,0,3211,365,100,1,
347,2,12,5024,AG,42,1,
347,2,12,5025,AG,68,1,
231,0,0,3210,365,50,1,
231,0,0,3209,365,50,1,
199,3,22,2859,LS,50,1,
347,2,12,5023,AG,45,1,
199,1,22,2839,AG,9,1,
200,1,29,2861,A,,1,
347,3,9,5034,P,60,1,
199,2,22,2845,AG,58,1,
199,2,22,2844,AG,15,1,
199,2,22,2843,AG,25,1,
199,2,22,2842,PY,20,1,
199,3,22,2847,AG,49,1,
199,1,22,2840,AG,14,1,
199,3,22,2848,AG,53,1,
199,1,22,2838,MT,18,1,
199,1,22,2837,AG,10,1,
199,1,22,2836,AG,10,1,
199,1,22,2835,AG,12,1,
199,1,22,2834,LH,44,1,
199,1,22,2833,LS,10,1,
196,2,19,2687,R,75,1,
199,1,22,2841,AG,15,1,
199,3,22,2854,AG,40,1,
232,0,0,3221,461,400,1,
347,3,9,5029,P,62,1,
347,3,9,5030,P,63,1,
347,3,9,5031,P,57,1,
199,3,22,2858,HR,9,1,
199,3,22,2857,AG,45,1,
199,2,22,2846,PY,48,1,
199,3,22,2855,AG,50,1,
200,1,29,2860,A,73,1,
199,3,22,2853,PY,18,1,
347,3,9,5032,P,74,1,
347,3,9,5033,P,63,1,
199,3,22,2852,G,24,1,
199,3,22,2851,AG,11,1,
199,3,22,2850,AG,44,1,
199,3,22,2849,AG,39,1,
199,3,22,2856,AG,47,1,
238,0,0,3281,461,400,1,
239,0,0,3294,461,50,1,
239,0,0,3292,365,50,1,
239,0,0,3291,516,50,1,
239,0,0,3289,306,200,1,
239,0,0,3287,461,200,1,
239,0,0,3286,312,200,1,
232,0,0,3219,407,200,1,
239,0,0,3284,461,150,1,
240,0,0,3298,365,150,1,
238,0,0,3280,426,300,1,
238,0,0,3279,461,350,1,
237,0,0,3278,538,50,1,
237,0,0,3277,365,100,1,
237,0,0,3276,365,50,1,
237,0,0,3274,426,250,1,
239,0,0,3285,312,250,1,
241,0,0,3307,365,100,1,
242,0,0,3319,461,150,1,
347,2,12,5017,AG,53,1,
242,0,0,3318,306,200,1,
242,0,0,3317,312,100,1,
242,0,0,3316,306,250,1,
241,0,0,3311,516,50,1,
240,0,0,3296,462,150,1,
241,0,0,3308,516,50,1,
240,0,0,3297,426,250,1,
241,0,0,3305,461,50,1,
241,0,0,3304,516,50,1,
241,0,0,3302,365,100,1,
240,0,0,3301,462,100,1,
240,0,0,3300,461,150,1,
240,0,0,3299,365,100,1,
237,0,0,3271,426,30,1,
241,0,0,3310,461,100,1,
347,2,12,5019,AG,44,1,
237,0,0,3273,407,350,1,
235,0,0,3245,303,150,1,
234,0,0,3242,312,400,1,
234,0,0,3241,461,400,1,
234,0,0,3240,465,600,1,
347,2,12,5018,AG,57,1,
235,0,0,3250,407,400,1,
234,0,0,3237,407,250,1,
235,0,0,3251,407,200,1,
233,0,0,3234,461,250,1,
233,0,0,3233,407,100,1,
232,0,0,3230,480,50,1,
232,0,0,3229,516,50,1,
232,0,0,3224,461,400,1,
232,0,0,3223,426,300,1,
232,0,0,3222,407,300,1,
321,1,16,3778,R,90,1,
236,0,0,3262,462,150,1,
198,3,16,2830,AG,22,1,
236,0,0,3269,461,400,1,
236,0,0,3268,402,100,1,Called yellowtail/black juv complex
236,0,0,3267,402,100,1,Called yellowtail/black juv complex
236,0,0,3266,407,200,1,
236,0,0,3265,431,300,1,
235,0,0,3249,407,100,1,
236,0,0,3263,426,200,1,
237,0,0,3272,407,300,1,
236,0,0,3260,306,350,1,
235,0,0,3259,461,200,1,
235,0,0,3258,516,100,1,
235,0,0,3255,306,200,1,
235,0,0,3254,306,150,1,
235,0,0,3253,461,400,1,
235,0,0,3252,407,250,1,
236,0,0,3264,461,400,1,
197,2,27,2732,GP,100,1,
197,3,28,2740,R,75,1,
197,3,28,2739,R,43,1,
197,2,27,2738,AM,100,1,
197,2,27,2737,LH,32,1,
197,2,27,2736,LH,28,1,
197,2,27,2735,LH,20,1,
197,3,28,2759,GP,95,1,
197,2,27,2733,LH,25,1,
197,3,28,2743,A,64,1,
197,2,27,2731,GP,90,1,
197,2,27,2730,GP,70,1,
197,2,27,2729,GP,65,1,
197,2,27,2728,GP,80,1,
197,2,27,2727,GP,110,1,
197,2,27,2726,GP,90,1,
197,2,27,2734,LH,25,1,
197,3,28,2750,LH,28,1,
199,1,22,2832,AG,7,1,
197,3,28,2757,LH,37,1,
197,3,28,2756,LH,32,1,
197,3,28,2755,LH,42,1,
197,3,28,2754,LH,35,1,
197,3,28,2753,LH,32,1,
197,3,28,2741,AM,94,1,
197,3,28,2751,LH,40,1,
197,3,28,2742,A,65,1,
197,3,28,2749,LH,27,1,
197,3,28,2748,LH,28,1,
197,3,28,2747,LH,35,1,
197,3,28,2746,LH,40,1,
197,3,28,2745,A,40,1,
197,3,28,2744,A,30,1,
197,2,27,2723,GP,165,1,
197,3,28,2752,LH,30,1,
196,3,19,2697,A,81,1,
197,2,27,2725,GP,90,1,
197,1,27,2704,R,75,1,
196,3,19,2703,A,7,1,
196,3,19,2702,A,30,1,
196,3,19,2701,A,30,1,
196,3,19,2700,A,33,1,
197,1,27,2706,R,80,1,
196,3,19,2698,A,30,1,
197,1,27,2707,R,74,1,
196,3,19,2696,R,85,1,
196,3,19,2695,AM,71,1,
196,3,19,2694,R,115,1,
196,3,19,2693,R,91,1,
196,2,19,2692,A,27,1,
196,2,19,2691,A,27,1,
196,2,19,2690,A,40,1,
196,3,19,2699,A,43,1,
197,2,27,2715,R,95,1,
197,3,28,2760,GP,40,1,
197,2,27,2722,LH,28,1,
197,2,27,2721,LH,30,1,
197,2,27,2720,LH,30,1,
197,2,27,2719,R,47,1,
197,2,27,2718,R,66,1,
197,1,27,2705,R,70,1,
197,2,27,2716,R,65,1,
197,2,27,2724,GP,155,1,
197,2,27,2714,R,58,1,
197,1,27,2713,LH,30,1,
197,1,27,2712,LH,27,1,
197,1,27,2711,LH,20,1,
197,1,27,2710,LH,27,1,
197,1,27,2709,LH,43,1,
197,1,27,2708,R,113,1,
197,2,27,2717,R,93,1,
198,3,16,2803,AG,44,1,
198,3,16,2811,AG,35,1,
198,3,16,2810,AG,44,1,
198,3,16,2809,AG,46,1,
198,3,16,2808,AG,48,1,
198,3,16,2807,AG,42,1,
198,3,16,2806,AG,44,1,
197,3,28,2758,LH,32,1,
198,3,16,2804,AG,45,1,
198,3,16,2814,AG,33,1,
198,3,16,2802,AG,40,1,
198,3,16,2801,AG,51,1,
198,3,16,2800,AG,60,1,
198,2,15,2799,HR,15,1,
198,2,15,2798,AG,29,1,
198,2,15,2797,A,133,1,
198,3,16,2805,AG,52,1,
198,3,16,2821,AG,34,1,
198,3,16,2829,AG,59,1,
198,3,16,2828,AG,46,1,
198,3,16,2827,AG,35,1,
198,3,16,2826,AG,39,1,
198,3,16,2825,AG,40,1,
198,3,16,2824,AG,40,1,
198,3,16,2812,AG,39,1,
198,3,16,2822,AG,38,1,
198,3,16,2813,AG,46,1,
198,3,16,2820,AG,45,1,
198,3,16,2819,AG,26,1,
198,3,16,2818,AG,45,1,
198,3,16,2817,AG,39,1,
198,3,16,2816,AG,38,1,
198,3,16,2815,AG,45,1,
198,2,15,2794,AG,12,1,
198,3,16,2823,AG,33,1,
198,1,16,2768,AG,31,1,
198,2,15,2796,AG,44,1,
198,2,15,2775,AG,39,1,
198,2,15,2774,LS,14,1,
198,2,15,2773,AG,44,1,
198,2,15,2772,AG,41,1,
198,2,15,2771,AG,43,1,
198,2,15,2777,AG,45,1,
198,1,16,2769,AG,41,1,
198,2,15,2778,AG,37,1,
198,1,16,2767,AG,38,1,
198,1,16,2766,AG,35,1,
198,1,16,2765,HR,16,1,
198,1,16,2764,PN,24,1,
198,1,16,2763,LS,35,1,
197,3,28,2762,GP,110,1,
197,3,28,2761,GP,54,1,
198,2,15,2770,AG,45,1,
198,2,15,2786,AG,11,1,
242,0,0,3320,461,200,1,
198,2,15,2793,AG,15,1,
198,2,15,2792,AG,13,1,
198,2,15,2791,AG,13,1,
198,2,15,2790,AG,12,1,
198,2,15,2789,AG,14,1,
198,2,15,2776,AG,47,1,
198,2,15,2787,AG,13,1,
198,2,15,2795,AG,10,1,
198,2,15,2785,AG,12,1,
198,2,15,2784,AG,10,1,
198,2,15,2783,AG,13,1,
198,2,15,2782,AG,14,1,
198,2,15,2781,AG,13,1,
198,2,15,2780,AG,9,1,
198,2,15,2779,AG,42,1,
198,2,15,2788,LS,8,1,
340,2,28,4542,R,50,1,
339,3,18,4535,AG,4,1,
340,2,28,4549,R,68,1,
340,2,28,4548,R,58,1,
340,2,28,4547,R,55,1,
340,2,28,4546,R,55,1,
340,2,28,4545,R,59,1,
340,2,28,4551,PN,27,1,
340,2,28,4543,R,53,1,
340,2,28,4552,A,42,1,
340,1,28,4541,R,91,1,
340,1,28,4540,R,79,1,
340,1,28,4539,R,88,1,
340,1,28,4538,R,64,1,
340,1,28,4537,R,67,1,
346,3,28,4966,R,34,1,
340,2,28,4544,R,59,1,
340,3,25,4559,R,49,1,
340,3,25,4567,LS,44,1,
340,3,25,4566,A,43,1,
340,3,25,4565,A,55,1,
340,3,25,4564,A,60,1,
340,3,25,4563,A,51,1,
340,3,25,4562,A,50,1,
340,2,28,4550,PN,19,1,
340,3,25,4560,A,46,1,
339,3,18,4534,PN,39,1,
340,3,25,4558,R,59,1,
340,3,25,4557,R,59,1,
340,3,25,4556,R,78,1,
340,3,25,4555,R,112,1,
340,2,28,4554,WS,101,1,
340,2,28,4553,A,42,1,
340,3,25,4561,A,82,1,
339,1,19,4508,R,61,1,
340,1,28,4536,PN,33,1,
339,2,18,4515,R,76,1,
339,2,18,4514,AG,27,1,
339,2,18,4513,PB,98,1,
339,1,19,4512,LS,17,1,
339,1,19,4511,AG,8,1,
339,2,18,4517,R,77,1,
339,1,19,4509,AG,9,1,
339,2,18,4518,R,24,1,
339,1,19,4507,R,65,1,
339,1,19,4506,R,69,1,
339,1,19,4505,R,55,1,
339,1,19,4504,R,51,1,
339,1,19,4503,R,98,1,
339,1,19,4502,R,99,1,
339,1,19,4510,AG,42,1,
339,3,18,4525,R,54,1,
339,3,18,4533,AM,104,1,
339,3,18,4532,AM,63,1,
339,3,18,4531,AM,42,1,
339,3,18,4530,AM,62,1,
339,3,18,4529,AM,67,1,
339,3,18,4528,A,40,1,
339,2,18,4516,R,64,1,
339,3,18,4526,R,59,1,
341,1,13,4570,R,114,1,
339,3,18,4524,R,53,1,
339,3,18,4523,R,59,1,
339,3,18,4522,R,70,1,
339,3,18,4521,R,54,1,
339,3,18,4520,R,52,1,
339,2,18,4519,AM,54,1,
339,3,18,4527,R,58,1,
341,2,15,4611,R,97,1,
340,3,25,4568,GA,51,1,
341,2,15,4618,R,67,1,
341,2,15,4617,R,91,1,
341,2,15,4616,R,97,1,
341,2,15,4615,R,108,1,
341,2,15,4614,R,92,1,
341,2,15,4620,R,93,1,
341,2,15,4612,R,105,1,
341,2,15,4621,R,92,1,
341,2,15,4610,R,101,1,
341,2,15,4609,R,106,1,
341,1,13,4608,GA,124,1,
341,1,13,4607,PL,12,1,
341,1,13,4606,LS,34,1,
341,1,13,4605,RA,57,1,
341,2,15,4613,R,77,1,
341,2,15,4628,R,19,1,
341,2,15,4636,GA,82,1,
341,2,15,4635,WS,66,1,
341,2,15,4634,AM,22,1,
341,2,15,4633,AM,37,1,
341,2,15,4632,AM,46,1,
341,2,15,4631,LS,20,1,
341,2,15,4619,R,60,1,
341,2,15,4629,P,67,1,
341,1,13,4602,GA,117,1,
341,2,15,4627,R,68,1,
341,2,15,4626,R,79,1,
341,2,15,4625,R,67,1,
341,2,15,4624,R,103,1,
341,2,15,4623,R,120,1,
341,2,15,4622,R,115,1,
341,2,15,4630,LS,67,1,
341,1,13,4576,R,58,1,
341,1,13,4584,R,88,1,
341,1,13,4583,R,75,1,
341,1,13,4582,R,86,1,
341,1,13,4581,R,68,1,
341,1,13,4580,R,107,1,
341,1,13,4579,R,76,1,
341,1,13,4604,PO,37,1,
341,1,13,4577,R,76,1,
341,1,13,4587,R,91,1,
341,1,13,4575,R,75,1,
341,1,13,4574,R,74,1,
341,1,13,4573,R,70,1,
341,1,13,4572,R,91,1,
341,1,13,4571,R,94,1,
338,3,15,4499,A,47,1,
341,1,13,4578,R,89,1,
341,1,13,4594,R,75,1,
340,3,25,4569,PY,60,1,
341,1,13,4601,P,76,1,
341,1,13,4600,P,60,1,
341,1,13,4599,P,67,1,
341,1,13,4598,P,50,1,
341,1,13,4597,P,51,1,
341,1,13,4585,R,96,1,
341,1,13,4595,R,68,1,
341,1,13,4586,R,79,1,
341,1,13,4593,P,57,1,
341,1,13,4592,R,64,1,
341,1,13,4591,R,78,1,
341,1,13,4590,R,72,1,
341,1,13,4589,R,104,1,
341,1,13,4588,R,90,1,
341,1,13,4603,GA,141,1,
341,1,13,4596,R,98,1,
336,3,16,4413,A,76,1,
337,2,28,4436,LS,64,1,
336,3,16,4420,AM,,1,
336,3,16,4419,A,,1,
336,3,16,4418,LS,28,1,
336,3,16,4417,LH,30,1,
336,3,16,4416,HR,10,1,
337,1,27,4422,R,89,1,
336,3,16,4414,FE,100,1,
337,1,27,4423,R,69,1,
336,3,16,4412,A,55,1,
336,3,16,4411,A,67,1,
336,3,16,4410,PN,37,1,
336,3,16,4409,PN,27,1,
336,3,16,4408,R,67,1,
336,3,16,4407,R,100,1,
336,3,16,4415,FE,114,1,
337,1,27,4428,A,24,1,
339,1,19,4501,R,80,1,
337,2,28,4434,LS,64,1,
337,2,28,4433,LS,69,1,
346,1,28,4918,R,49,1,
337,2,28,4432,LS,71,1,
337,2,28,4431,LS,80,1,
336,3,16,4421,HR,,1,
337,1,27,4430,PY,,1,
336,2,,4404,LH,48,1,
337,1,27,4427,AM,52,1,
337,1,27,4426,LS,33,1,
346,1,28,4920,LH,35,1,
346,1,28,4921,LH,32,1,
337,1,27,4425,R,43,1,
337,1,27,4424,R,78,1,
346,1,28,4919,LH,26,1,
336,1,15,4378,R,72,1,
336,1,15,4386,FE,69,1,
336,1,15,4385,R,66,1,
336,1,15,4384,R,69,1,
336,1,15,4383,R,61,1,
336,1,15,4382,R,83,1,
336,1,15,4381,R,64,1,
336,3,16,4406,R,85,1,
336,1,15,4379,R,66,1,
336,1,15,4389,LH,36,1,
336,1,15,4377,R,79,1,
336,1,15,4376,R,83,1,
336,1,15,4375,R,75,1,
336,1,15,4374,R,90,1,
335,3,10,4373,AM,62,1,
335,3,10,4372,LS,17,1,
336,1,15,4380,R,114,1,
336,2,,4396,R,72,1,
337,2,28,4437,LS,54,1,
336,2,,4403,LH,38,1,
336,2,,4402,A,55,1,
336,2,,4401,A,48,1,
336,2,,4400,P,17,1,
336,2,,4399,HR,17,1,
336,1,15,4387,FE,101,1,
336,2,,4397,R,54,1,
336,1,15,4388,LH,45,1,
336,2,,4395,R,74,1,
336,2,,4394,R,114,1,
336,2,,4393,R,99,1,
336,2,,4392,R,69,1,
336,1,15,4391,PN,,1,
336,1,15,4390,A,,1,
336,3,16,4405,R,65,1,
336,2,,4398,HR,8,1,
338,2,14,4474,R,63,1,
337,2,28,4435,LS,56,1,
338,2,14,4481,R,88,1,
338,2,14,4480,R,57,1,
338,2,14,4479,R,75,1,
338,2,14,4478,R,79,1,
338,2,14,4477,R,62,1,
338,2,14,4483,PY,64,1,
338,2,14,4475,R,63,1,
338,3,15,4484,R,89,1,
338,2,14,4473,R,76,1,
338,2,14,4472,R,60,1,
338,2,14,4471,R,89,1,
338,2,14,4470,R,66,1,
338,2,14,4469,A,55,1,
338,2,14,4468,A,56,1,
338,2,14,4476,R,56,1,
338,3,15,4491,R,70,1,
341,2,15,4639,PL,86,1,
338,3,15,4498,R,57,1,
338,3,15,4497,R,105,1,
338,3,15,4496,R,58,1,
338,3,15,4495,R,87,1,
338,3,15,4494,R,68,1,
338,2,14,4482,P,59,1,
338,3,15,4492,R,57,1,
338,1,13,4465,A,53,1,
338,3,15,4490,R,132,1,
338,3,15,4489,R,106,1,
338,3,15,4488,R,62,1,
338,3,15,4487,R,63,1,
338,3,15,4486,R,56,1,
338,3,15,4485,R,68,1,
338,3,15,4493,R,60,1,
337,2,28,4441,LH,38,1,
337,3,28,4449,PN,15,1,
337,3,28,4448,LS,66,1,
337,3,28,4447,LS,84,1,
337,3,28,4446,LS,52,1,
337,3,28,4445,LS,47,1,
337,3,28,4444,LS,52,1,
338,2,14,4467,A,59,1,
337,2,28,4442,A,34,1,
337,3,28,4451,LH,40,1,
346,1,28,4915,R,94,1,
337,2,28,4440,R,79,1,
337,2,28,4439,R,50,1,
346,1,28,4916,R,65,1,
346,1,28,4917,R,78,1,
337,2,28,4438,R,56,1,
337,3,28,4443,LS,55,1,
338,1,13,4457,PO,88,1,
338,3,15,4500,A,43,1,
338,1,13,4464,R,91,1,
338,1,13,4463,R,61,1,
338,1,13,4462,R,102,1,
338,1,13,4461,R,83,1,
338,1,13,4460,R,70,1,
346,1,28,4914,R,61,1,
338,1,13,4458,PO,51,1,
337,3,28,4450,LH,44,1,
337,3,28,4456,A,60,1,
346,1,28,4913,R,42,1,
337,3,28,4455,R,53,1,
337,3,28,4454,R,89,1,
337,3,28,4453,R,95,1,
337,3,28,4452,LH,41,1,
338,2,14,4466,A,42,1,
338,1,13,4459,PO,80,1,
343,3,28,4813,LH,40,1,
344,1,13,4839,AG,40,1,
343,3,28,4820,PN,41,1,
343,3,28,4819,PN,17,1,
343,3,28,4818,PN,24,1,
343,3,28,4817,PN,13,1,
343,3,28,4816,LH,32,1,
343,3,28,4822,AM,41,1,
343,3,28,4814,LH,24,1,
343,3,28,4823,AM,41,1,
343,3,28,4812,LH,38,1,
343,3,28,4811,LH,37,1,
343,3,28,4810,R,72,1,
343,3,28,4809,R,65,1,
343,3,28,4808,R,58,1,
343,3,28,4807,R,89,1,
343,3,28,4815,LH,19,1,
344,1,13,4830,R,79,1,
343,1,27,4771,R,44,1,
344,1,13,4837,AG,17,1,
344,1,13,4836,AG,39,1,
344,1,13,4835,AG,42,1,
344,1,13,4834,R,82,1,
344,1,13,4833,R,85,1,
343,3,28,4821,AM,43,1,
344,1,13,4831,R,100,1,
343,3,28,4804,R,66,1,
344,1,13,4829,R,133,1,
344,1,13,4828,R,64,1,
343,3,28,4827,A,44,1,
343,3,28,4826,AM,31,1,
343,3,28,4825,AM,28,1,
343,3,28,4824,AM,47,1,
344,1,13,4832,R,60,1,
343,1,27,4778,R,72,1,
343,1,27,4786,AM,21,1,
343,1,27,4785,AM,24,1,
343,1,27,4784,AM,34,1,
343,1,27,4783,AM,39,1,
343,1,27,4782,AM,34,1,
343,1,27,4781,LS,17,1,
343,3,28,4806,R,73,1,
343,1,27,4779,MT,37,1,
343,1,27,4789,PN,36,1,
343,1,27,4777,R,81,1,
343,1,27,4776,R,68,1,
343,1,27,4775,R,83,1,
343,1,27,4774,R,80,1,
343,1,27,4773,R,91,1,
341,2,15,4637,GA,112,1,
343,1,27,4780,A,63,1,
343,2,28,4796,R,101,1,
344,1,13,4840,PN,,1,
343,3,28,4803,R,69,1,
343,2,28,4802,PY,14,1,
343,2,28,4801,PY,17,1,
343,2,28,4800,PY,19,1,
343,2,28,4799,LH,29,1,
343,1,27,4787,AM,22,1,
343,2,28,4797,LH,37,1,
343,1,27,4788,PN,19,1,
343,2,28,4795,R,66,1,
343,2,28,4794,R,92,1,
343,2,28,4793,R,72,1,
343,1,27,4792,PN,16,1,
343,1,27,4791,PN,41,1,
343,1,27,4790,PN,25,1,
343,3,28,4805,R,63,1,
343,2,28,4798,LH,31,1,
345,1,18,4882,AG,12,1,
344,1,13,4838,AG,21,1,
345,1,18,4889,AG,15,1,
345,1,18,4888,AG,15,1,
345,1,18,4887,AG,13,1,
345,1,18,4886,AG,15,1,
345,1,18,4885,AG,15,1,
345,2,17,4891,R,61,1,
345,1,18,4883,AG,17,1,
345,2,17,4892,R,42,1,
345,1,18,4881,AG,20,1,
345,1,18,4880,AG,14,1,
345,1,18,4879,AG,41,1,
345,1,18,4878,AG,41,1,
345,1,18,4877,AG,35,1,
345,1,18,4876,R,77,1,
345,1,18,4884,AG,18,1,
345,2,17,4899,AG,13,1,
345,3,19,4907,AG,23,1,
345,3,19,4906,AG,16,1,
345,3,19,4905,AG,38,1,
345,3,19,4904,A,40,1,
345,3,19,4903,R,74,1,
345,3,19,4902,R,66,1,
345,1,18,4890,LH,39,1,
345,2,17,4900,AG,15,1,
345,1,18,4873,R,54,1,
345,2,17,4898,AG,34,1,
345,2,17,4897,AG,40,1,
345,2,17,4896,AG,39,1,
345,2,17,4895,LH,32,1,
345,2,17,4894,HR,12,1,
345,2,17,4893,R,70,1,
345,2,17,4901,AG,12,1,
344,2,13,4847,R,79,1,
344,3,12,4855,R,57,1,
344,3,12,4854,R,61,1,
344,3,12,4853,R,55,1,
344,2,13,4852,LH,29,1,
344,2,13,4851,LS,23,1,
344,2,13,4850,AG,49,1,
345,1,18,4875,R,60,1,
344,2,13,4848,AG,44,1,
344,3,12,4858,R,84,1,
344,2,13,4846,R,62,1,
344,2,13,4845,R,63,1,
344,2,13,4844,R,54,1,
344,2,13,4843,R,71,1,
344,2,13,4842,R,67,1,
344,1,13,4841,LS,,1,
344,2,13,4849,AG,15,1,
344,3,12,4865,AG,41,1,
343,1,27,4770,R,75,1,
344,3,12,4872,PN,23,1,
344,3,12,4871,LS,48,1,
344,3,12,4870,AG,51,1,
344,3,12,4869,AG,41,1,
344,3,12,4868,AG,43,1,
344,3,12,4856,R,56,1,
344,3,12,4866,AG,44,1,
344,3,12,4857,R,82,1,
344,3,12,4864,AG,45,1,
344,3,12,4863,AG,49,1,
344,3,12,4862,AG,37,1,
344,3,12,4861,AG,37,1,
344,3,12,4860,AG,42,1,
344,3,12,4859,AG,21,1,
345,1,18,4874,R,36,1,
344,3,12,4867,AG,46,1,
342,1,19,4680,PY,22,1,
342,1,19,4706,R,41,1,
342,1,19,4687,AM,44,1,
342,1,19,4686,AM,51,1,
342,1,19,4685,AM,33,1,
342,1,19,4684,AM,41,1,
342,1,19,4683,PY,12,1,
342,1,19,4689,AM,55,1,
342,1,19,4681,PY,34,1,
342,1,19,4690,AM,55,1,
341,3,14,4679,PN,21,1,
341,3,14,4678,PO,54,1,
341,3,14,4677,P,42,1,
341,3,14,4676,PL,10,1,
341,3,14,4675,PL,27,1,
341,3,14,4674,WS,100,1,
342,1,19,4682,PY,16,1,
342,1,19,4697,AM,62,1,
343,1,27,4772,R,78,1,
342,1,19,4704,R,42,1,
342,1,19,4703,R,77,1,
342,1,19,4702,R,29,1,
342,1,19,4701,R,52,1,
342,1,19,4700,R,74,1,
342,1,19,4688,AM,67,1,
342,1,19,4698,AM,60,1,
341,3,14,4671,LS,15,1,
342,1,19,4696,AM,35,1,
342,1,19,4695,AM,37,1,
342,1,19,4694,AM,50,1,
342,1,19,4693,AM,51,1,
342,1,19,4692,AM,47,1,
342,1,19,4691,AM,46,1,
342,1,19,4699,AM,15,1,
341,3,14,4645,R,59,1,
341,3,14,4653,R,64,1,
341,3,14,4652,R,68,1,
341,3,14,4651,R,75,1,
341,3,14,4650,R,102,1,
341,3,14,4649,R,67,1,
341,3,14,4648,R,66,1,
341,3,14,4673,RA,87,1,
341,3,14,4646,R,64,1,
341,3,14,4656,R,109,1,
341,3,14,4644,R,71,1,
341,3,14,4643,R,102,1,
341,2,15,4642,PL,52,1,
341,2,15,4641,PL,99,1,
341,2,15,4640,PL,82,1,
335,3,10,4369,WS,96,1,
341,3,14,4647,R,78,1,
341,3,14,4663,AM,57,1,
342,1,19,4707,R,25,1,
341,3,14,4670,A,70,1,
341,3,14,4669,A,61,1,
341,3,14,4668,AM,20,1,
341,3,14,4667,AM,46,1,
341,3,14,4666,AM,41,1,
341,3,14,4654,R,70,1,
341,3,14,4664,AM,49,1,
341,3,14,4655,R,119,1,
341,3,14,4662,AM,62,1,
341,3,14,4661,AM,48,1,
341,3,14,4660,AM,53,1,
341,3,14,4659,AM,93,1,
341,3,14,4658,AM,60,1,
341,3,14,4657,R,110,1,
341,3,14,4672,LS,17,1,
341,3,14,4665,AM,49,1,
342,3,20,4744,R,67,1,
342,1,19,4705,R,55,1,
342,3,20,4751,R,58,1,
342,3,20,4750,R,57,1,
342,3,20,4749,R,56,1,
342,3,20,4748,R,78,1,
342,3,20,4747,R,71,1,
342,3,20,4753,R,58,1,
342,3,20,4745,R,48,1,
342,3,20,4754,R,66,1,
345,3,19,4908,AG,46,1,
342,3,20,4743,R,80,1,
342,3,20,4742,R,96,1,
342,2,19,4741,LS,46,1,
342,2,19,4740,LS,20,1,
342,2,19,4739,A,45,1,
342,3,20,4746,R,50,1,
342,3,20,4761,AG,40,1,
342,3,20,4769,LS,14,1,
342,3,20,4768,PL,39,1,
342,3,20,4767,AM,47,1,
342,3,20,4766,AM,44,1,
342,3,20,4765,AM,45,1,
342,3,20,4764,AM,55,1,
342,3,20,4752,R,42,1,
342,3,20,4762,AG,16,1,
342,2,19,4736,A,35,1,
342,3,20,4760,AG,47,1,
342,3,20,4759,R,62,1,
342,3,20,4758,R,71,1,
342,3,20,4757,R,40,1,
342,3,20,4756,R,35,1,
342,3,20,4755,R,71,1,
342,3,20,4763,FE,147,1,
345,3,19,4911,AG,16,1,
342,2,19,4719,R,60,1,
342,2,19,4718,R,40,1,
342,2,19,4717,R,58,1,
342,2,19,4716,R,62,1,
345,3,19,4910,AG,15,1,
342,2,19,4715,R,62,1,
342,2,19,4738,A,63,1,
342,1,19,4713,R,58,1,
345,3,19,4909,AG,16,1,
345,3,19,4912,AG,12,1,
342,1,19,4712,R,62,1,
342,1,19,4711,R,58,1,
342,1,19,4710,R,96,1,
342,1,19,4709,R,27,1,
342,1,19,4708,R,55,1,
342,2,19,4714,R,87,1,
342,2,19,4728,AM,21,1,
341,2,15,4638,PL,108,1,
342,2,19,4735,A,73,1,
342,2,19,4734,A,76,1,
342,2,19,4733,A,53,1,
342,2,19,4732,A,56,1,
342,2,19,4731,A,65,1,
342,2,19,4720,R,58,1,
342,2,19,4729,A,82,1,
342,2,19,4721,R,48,1,
342,2,19,4727,AM,45,1,
342,2,19,4726,AM,52,1,
342,2,19,4725,AM,35,1,
342,2,19,4724,AM,40,1,
342,2,19,4723,AM,37,1,
342,2,19,4722,AM,45,1,
342,2,19,4737,A,53,1,
342,2,19,4730,A,81,1,
324,2,18,3949,LS,18,1,
324,3,20,3970,AG,16,1,
324,2,18,3952,LS,3,1,
324,2,18,3951,LS,22,1,
346,3,28,4959,R,74,1,
346,3,28,4960,R,54,1,
346,3,28,4961,R,69,1,
324,2,18,3954,HR,8,1,
324,2,18,3950,LS,6,1,
324,3,20,3955,AG,57,1,
324,2,18,3948,AG,11,1,
324,2,18,3947,AG,18,1,
346,3,28,4963,R,59,1,
324,2,18,3946,AG,7,1,
324,2,18,3945,AG,18,1,
324,2,18,3944,AG,15,1,
346,3,28,4962,R,67,1,
324,3,20,3962,AG,19,1,
346,3,28,4969,AG,40,1,
324,3,20,3968,AG,46,1,
324,3,20,3967,AG,54,1,
346,3,28,4958,R,56,1,
324,3,20,3966,AG,53,1,
324,3,20,3965,AG,59,1,
324,2,18,3953,PY,8,1,
324,3,20,3963,AG,18,1,
346,3,28,4964,R,71,1,
324,3,20,3961,AG,15,1,
324,3,20,3960,AG,52,1,
324,3,20,3959,AG,52,1,
324,3,20,3958,AG,49,1,
324,3,20,3957,AG,47,1,
324,3,20,3956,AG,58,1,
324,3,20,3964,AG,24,1,
324,1,18,3918,LS,7,1,
324,1,18,3925,AG,55,1,
324,1,18,3924,AG,55,1,
324,1,18,3923,AG,46,1,
324,1,18,3922,AG,50,1,
324,1,18,3921,AG,49,1,
324,1,18,3920,LS,5,1,
324,2,18,3943,AG,17,1,
346,3,28,4967,R,74,1,
324,1,18,3928,MT,5,1,
324,1,18,3917,LS,8,1,
324,1,18,3916,PY,5,1,
324,1,18,3915,PY,11,1,
346,3,28,4968,AG,39,1,
324,1,18,3914,PY,10,1,
346,2,29,4945,R,49,1,
324,1,18,3919,LS,88,1,double checked this value.  No comma between the 2 8's
324,2,18,3934,AG,22,1,
324,3,20,3971,AG,16,1,
324,2,18,3941,AG,15,1,
324,2,18,3940,AG,24,1,
324,2,18,3939,AG,50,1,
324,2,18,3938,AG,50,1,
324,2,18,3937,AG,16,1,
324,1,18,3926,AG,42,1,
324,2,18,3935,AG,21,1,
324,1,18,3927,AG,53,1,
346,3,28,4965,R,84,1,
324,2,18,3933,AG,20,1,
324,2,18,3932,AG,18,1,
324,2,18,3931,AG,44,1,
324,2,18,3930,AG,48,1,
324,2,18,3929,AG,46,1,
324,2,18,3942,AG,16,1,
324,2,18,3936,AG,18,1,
326,3,14,4007,RA,52,1,
324,3,20,3969,AG,16,1,
327,1,20,4012,P,66,1,
327,1,20,4011,R,73,1,
327,1,20,4010,R,110,1,
346,2,29,4951,LH,29,1,
327,1,20,4009,R,81,1,
346,2,29,4949,LH,34,1,
326,3,14,4008,HR,26,1,
346,2,29,4948,LH,39,1,
326,3,14,4006,R,102,1,
326,2,14,4005,R,99,1,
326,2,14,4004,R,86,1,
326,2,14,4003,R,101,1,
326,2,14,4002,R,70,1,
326,2,14,4001,R,92,1,
346,2,29,4952,LS,58,1,
327,2,20,4017,LS,20,1,
335,3,10,4371,FE,162,1,
327,3,21,4024,R,108,1,
327,3,21,4023,R,73,1,
327,3,21,4022,R,122,1,
327,3,21,4021,R,72,1,
327,2,20,4020,G,30,1,
346,2,29,4950,LH,30,1,
327,2,20,4018,WS,86,1,
326,2,14,3998,R,72,1,
327,2,20,4016,PO,65,1,
327,1,20,4015,RA,48,1,
327,1,20,4014,WS,73,1,
346,2,29,4946,R,66,1,
327,1,20,4013,G,74,1,
346,2,29,4947,R,48,1,
327,2,20,4019,R,102,1,
180,3,13,2237,R,47,1,
325,1,26,3982,LS,25,1,
324,3,20,3981,LS,6,1,
324,3,20,3980,LS,6,1,
324,3,20,3979,LS,11,1,
324,3,20,3978,LS,5,1,
346,3,28,4955,R,75,1,
326,2,14,4000,R,85,1,
324,3,20,3976,LS,12,1,
325,3,26,3985,VC,28,1,
346,3,28,4956,R,72,1,
186,3,12,2393,R,77,1,
346,3,28,4957,R,66,1,
324,3,20,3974,AG,14,1,"I'm interpreting this measurement as ""14.5"", rather than one at 14 and ond at 5. measurement includes .5 decimal.  Rounded down to nearest mm"
324,3,20,3973,AG,54,1,
324,3,20,3972,AG,18,1,
324,3,20,3977,LS,5,1,
326,1,14,3990,R,74,1,
324,1,18,3912,PY,20,1,
326,2,14,3997,R,66,1,
326,1,14,3996,P,67,1,
326,1,14,3995,P,68,1,
326,1,14,3994,P,72,1,
326,1,14,3993,LS,47,1,
325,1,26,3983,LS,8,1,
326,1,14,3991,R,88,1,
325,1,26,3984,VC,28,1,measurement includes .5 decimal.  Rounded down to nearest mm
325,3,26,3989,LS,15,1,
325,3,26,3988,LS,9,1,
346,2,29,4953,LS,46,1,
346,2,29,4954,LS,16,1,
325,3,26,3987,PY,13,1,
325,3,26,3986,PY,10,1,measurement includes .5 decimal.  Rounded down to nearest mm
326,2,14,3999,R,65,1,
326,1,14,3992,R,81,1,
322,1,27,3821,R,78,1,
322,3,26,3847,LH,27,1,
322,1,27,3828,A,35,1,
322,1,27,3827,A,42,1,
322,1,27,3826,A,36,1,
322,1,27,3825,G,24,1,
322,1,27,3824,R,15,1,
322,2,,3830,R,71,1,
322,1,27,3822,R,78,1,
322,2,,3831,R,113,1,
322,1,27,3820,R,73,1,
322,1,27,3819,R,74,1,
322,1,27,3818,R,79,1,
322,1,27,3817,R,63,1,
321,3,15,3816,A,81,1,
321,3,15,3815,A,64,1,
322,1,27,3823,R,56,1,
322,2,,3838,R,38,1,
324,1,18,3913,PY,12,1,
322,3,26,3845,R,77,1,
322,2,,3844,AG,28,1,
322,2,,3843,A,54,1,
322,2,,3842,A,40,1,
322,2,,3841,LS,30,1,
322,2,,3829,R,78,1,
322,2,,3839,PN,12,1,
321,3,15,3812,LS,44,1,
322,2,,3837,R,64,1,
322,2,,3836,R,93,1,
322,2,,3835,R,68,1,
322,2,,3834,R,107,1,
322,2,,3833,R,77,1,
322,2,,3832,R,70,1,
322,2,,3840,PN,23,1,
321,2,16,3786,R,85,1,
321,2,16,3794,LH,41,1,
321,2,16,3793,LH,36,1,
321,2,16,3792,AM,105,1,
321,2,16,3791,AM,81,1,
321,2,16,3790,R,10,1,
321,2,16,3789,R,50,1,
321,3,15,3814,PN,39,1,
321,2,16,3787,R,62,1,
321,2,16,3797,A,60,1,
321,2,16,3785,R,81,1,
321,2,16,3784,R,84,1,
321,1,16,3783,LH,40,1,
321,1,16,3782,LH,30,1,
321,1,16,3781,LH,20,1,
321,1,16,3780,R,84,1,
321,2,16,3788,R,36,1,
321,3,15,3804,R,55,1,
322,3,26,3848,A,43,1,
321,3,15,3811,AM,91,1,
321,3,15,3810,AM,81,1,
321,3,15,3809,LH,34,1,
321,3,15,3808,LH,21,1,
321,3,15,3807,R,22,1,
321,2,16,3795,A,92,1,
321,3,15,3805,R,84,1,
321,2,16,3796,A,56,1,
321,3,15,3803,R,105,1,Could be 103 mm
321,2,16,3802,G,30,1,
321,2,16,3801,G,15,1,
321,2,16,3800,AG,16,1,
321,2,16,3799,AG,15,1,
321,2,16,3798,AG,19,1,measurement includes .5 decimal.  Rounded down to nearest mm
321,3,15,3813,PN,44,1,
321,3,15,3806,R,56,1,
323,3,13,3890,AG,43,1,
322,3,26,3846,LH,40,1,
323,3,13,3897,AG,46,1,
323,3,13,3896,AG,51,1,
323,3,13,3895,AG,40,1,
323,3,13,3894,AG,42,1,
323,3,13,3893,AG,41,1,
324,1,18,3899,AG,27,1,
323,3,13,3891,AG,43,1,
324,1,18,3900,AG,17,1,
323,3,13,3889,AG,47,1,
323,3,13,3888,AG,47,1,
323,3,13,3887,AG,57,1,
323,3,13,3886,AG,44,1,
323,3,13,3885,AG,50,1,
323,3,13,3884,AG,49,1,
323,3,13,3892,AG,41,1,
324,1,18,3904,AG,20,1,
324,1,18,3911,AG,46,1,
324,1,18,3910,AG,22,1,
324,1,18,3909,AG,46,1,
324,1,18,3908,AG,55,1,
324,1,18,3907,AG,40,1,
324,1,18,3906,AG,42,1,
324,1,18,3898,AG,32,1,
324,1,18,3905,AG,49,1,
323,3,13,3881,AG,48,1,
346,3,28,4971,AG,35,1,
324,1,18,3903,AG,21,1,
346,3,28,4972,AG,40,1,
346,3,28,4973,AG,40,1,
324,1,18,3902,AG,59,1,
324,1,18,3901,AG,18,1,
346,3,28,4970,AG,42,1,
323,1,12,3855,AG,44,1,
323,2,13,3863,AG,49,1,
323,2,13,3862,AG,30,1,
323,2,13,3861,AG,42,1,
323,2,13,3860,AG,46,1,
323,2,13,3859,AG,40,1,
323,2,13,3858,AG,35,1,
323,3,13,3883,AG,52,1,
323,1,12,3856,AG,28,1,
323,2,13,3866,AG,33,1,
323,1,12,3854,AG,48,1,
323,1,12,3853,AG,47,1,
323,1,12,3852,AM,41,1,
322,3,26,3851,A,36,1,
322,3,26,3850,A,35,1,
322,3,26,3849,A,39,1,
323,2,13,3857,AG,44,1,
323,2,13,3873,AG,22,1,
328,1,26,4078,A,109,1,
323,3,13,3880,AG,21,1,
323,3,13,3879,AG,38,1,
323,3,13,3878,AG,45,1,
323,3,13,3877,AG,45,1,
323,3,13,3876,AG,39,1,
323,2,13,3864,AG,33,1,
323,3,13,3874,LH,44,1,
323,2,13,3865,AG,41,1,
323,2,13,3872,AG,45,1,
323,2,13,3871,AG,21,1,
323,2,13,3870,AG,53,1,
323,2,13,3869,AG,25,1,
323,2,13,3868,AG,46,1,
323,2,13,3867,AG,19,1,
323,3,13,3882,AG,47,1,
323,3,13,3875,AG,37,1,
332,2,13,4286,A,50,1,
332,3,14,4304,A,74,1,
332,3,14,4293,R,95,1,
332,3,14,4292,R,85,1,
332,3,14,4291,R,87,1,
332,3,14,4290,AG,51,1,
332,3,14,4289,AG,44,1,
346,2,29,4933,AG,42,1,
332,2,13,4287,A,73,1,
346,2,29,4932,AG,37,1,
332,2,13,4285,A,53,1,
332,2,13,4284,A,70,1,
332,2,13,4283,A,87,1,
332,2,13,4282,AM,70,1,
332,2,13,4281,AM,51,1,
332,2,13,4280,AM,77,1,
332,2,13,4288,RA,79,1,
332,3,14,4297,R,97,1,
331,2,26,4207,R,65,1,
346,1,28,4926,AG,45,1,
346,1,28,4927,AG,40,1,
332,3,14,4302,A,63,1,
332,3,14,4301,R,73,1,
332,3,14,4300,R,73,1,
332,3,14,4294,R,99,1,
332,3,14,4298,R,83,1,
332,2,13,4277,R,105,1,
332,3,14,4296,R,84,1,
346,1,28,4928,PN,15,1,
346,2,29,4929,AG,12,1,
346,2,29,4930,AG,45,1,
346,2,29,4931,AG,45,1,
332,3,14,4295,R,99,1,
332,3,14,4299,R,64,1,
331,2,26,4214,WS,81,1,
331,3,26,4222,PA,28,1,
331,3,26,4221,R,61,1,
331,3,26,4220,R,67,1,
331,3,26,4219,R,91,1,
331,3,26,4218,R,93,1,
331,3,26,4217,R,78,1,
332,2,13,4279,AM,55,1,
331,2,26,4215,A,66,1,
332,1,15,4264,R,63,1,
331,2,26,4213,FE,130,1,
331,2,26,4212,AM,83,1,
331,2,26,4211,AM,21,1,
331,2,26,4210,R,81,1,
331,2,26,4209,R,86,1,
327,3,21,4025,R,101,1,
331,2,26,4216,LH,38,1,
346,2,29,4935,AG,42,1,
332,3,14,4305,LS,9,1,
332,2,13,4276,R,138,1,
332,2,13,4275,R,118,1,
332,2,13,4274,R,91,1,
332,1,15,4273,AM,63,1,
332,1,15,4272,A,41,1,
331,3,26,4223,LH,28,1,
346,2,29,4934,AG,40,1,
332,1,15,4263,R,44,1,
332,1,15,4270,R,71,1,
332,1,15,4269,R,66,1,
332,1,15,4268,R,64,1,
332,1,15,4267,R,68,1,
332,1,15,4266,R,82,1,
332,1,15,4265,R,88,1,
332,2,13,4278,AG,45,1,
332,1,15,4271,AG,45,1,
334,3,22,4344,AG,30,1,
332,3,14,4303,A,82,1,
335,1,9,4351,PL,70,1,
335,1,9,4350,PO,10,1,
335,1,9,4349,RA,76,1,
335,1,9,4348,R,82,1,
334,3,22,4347,A,33,1,
335,1,9,4353,LS,23,1,
334,3,22,4345,A,39,1,
335,1,9,4354,LS,34,1,
334,3,22,4343,R,53,1,
334,3,22,4342,R,42,1,
334,3,22,4341,R,69,1,
334,3,22,4340,LH,33,1,
334,3,22,4339,LS,55,1,
334,2,22,4338,LS,69,1,
334,3,22,4346,A,38,1,
335,2,10,4361,R,97,1,
321,1,16,3779,R,67,1,
335,3,10,4368,WS,94,1,
335,3,10,4367,R,107,1,
335,2,10,4366,AM,74,1,
335,2,10,4365,LS,73,1,
335,2,10,4364,R,68,1,
335,1,9,4352,LS,48,1,
335,2,10,4362,R,92,1,
334,1,22,4335,R,52,1,
335,2,10,4360,R,117,1,
335,1,9,4359,HR,,1,
335,1,9,4358,AM,66,1,
335,1,9,4357,AM,70,1,
335,1,9,4356,LS,70,1,
335,1,9,4355,LS,20,1,
335,2,10,4363,R,83,1,
333,1,18,4313,R,37,1,
333,1,18,4319,A,28,1,
333,1,18,4318,A,39,1,
333,1,18,4317,R,48,1,
333,1,18,4316,R,78,1,
333,1,18,4315,R,42,1,
346,1,28,4924,LH,35,1,
334,2,22,4337,LH,39,1,
346,1,28,4925,LH,33,1,
333,2,17,4321,R,73,1,
333,1,18,4312,R,25,1,
333,1,18,4311,R,55,1,
333,1,18,4310,R,40,1,
333,1,18,4309,R,37,1,
332,3,14,4307,P,,1,
332,3,14,4306,LS,9,1,
333,1,18,4314,R,51,1,
333,3,18,4327,LS,66,1,
331,2,26,4206,R,99,1,
333,3,18,4334,LH,,1,
333,3,18,4333,A,,1,
333,3,18,4332,A,14,1,
333,3,18,4331,A,51,1,
333,3,18,4330,A,43,1,
333,1,18,4320,A,40,1,
333,3,18,4328,LS,28,1,
346,1,28,4923,LH,34,1,
333,3,18,4326,R,58,1,
346,1,28,4922,LH,23,1,
333,3,18,4325,R,44,1,
333,2,17,4324,AM,73,1,
333,2,17,4323,R,72,1,
333,2,17,4322,R,38,1,
334,1,22,4336,AG,40,1,
333,3,18,4329,A,66,1,
328,3,25,4119,P,64,1,
329,2,7,4145,R,100,1,
328,3,25,4126,P,80,1,
328,3,25,4125,P,70,1,
328,3,25,4124,P,26,1,
328,3,25,4123,P,63,1,
328,3,25,4122,P,60,1,
328,3,25,4128,A,100,1,
328,3,25,4120,P,78,1,
328,3,25,4129,GA,113,1,
328,3,25,4118,P,75,1,
328,3,25,4117,R,116,1,
328,3,25,4116,R,88,1,
328,3,25,4115,R,111,1,
328,3,25,4114,R,104,1,
328,3,25,4113,R,115,1,
328,3,25,4121,P,66,1,
329,1,7,4136,R,126,1,
331,2,26,4208,R,53,1,
329,2,7,4143,R,116,1,
329,2,7,4142,R,89,1,
329,2,7,4141,R,64,1,
329,1,7,4140,R,76,1,
329,1,7,4139,R,76,1,
328,3,25,4127,P,85,1,
329,1,7,4137,R,68,1,
328,3,25,4110,R,111,1,
329,1,7,4135,R,96,1,
329,1,7,4134,R,108,1,
329,1,7,4133,R,112,1,
329,1,7,4132,R,111,1,
329,1,7,4131,R,104,1,
329,1,7,4130,R,73,1,
329,1,7,4138,R,114,1,
328,1,26,4084,R,82,1,
328,2,26,4092,R,86,1,
328,2,26,4091,R,96,1,
328,2,26,4090,R,128,1,
328,2,26,4089,R,151,1,
328,1,26,4088,PY,11,1,
328,1,26,4087,PY,11,1,
328,3,25,4112,R,98,1,
328,1,26,4085,R,77,1,
328,2,26,4095,R,138,1,
328,1,26,4083,R,76,1,
328,1,26,4082,PO,55,1,
328,1,26,4081,LH,51,1,
328,1,26,4080,A,110,1,
346,2,29,4944,R,54,1,
328,1,26,4079,A,99,1,
328,1,26,4086,PY,19,1,
328,2,26,4102,P,64,1,
346,2,29,4943,R,30,1,
328,3,25,4109,R,118,1,
328,3,25,4108,R,100,1,
328,3,25,4107,R,124,1,
328,3,25,4106,R,135,1,
328,2,26,4105,PY,21,1,
328,2,26,4093,R,122,1,
328,2,26,4103,P,95,1,
328,2,26,4094,R,122,1,
328,2,26,4101,P,67,1,
328,2,26,4100,P,80,1,
328,2,26,4099,R,136,1,
328,2,26,4098,R,92,1,
328,2,26,4097,R,90,1,
328,2,26,4096,R,86,1,
328,3,25,4111,R,115,1,
328,2,26,4104,PO,59,1,
330,2,16,4181,AG,50,1,
329,2,7,4144,R,97,1,
330,3,16,4187,LH,51,1,
330,3,16,4186,LH,52,1,
330,3,16,4185,R,102,1,
330,3,16,4184,R,75,1,
330,3,16,4183,R,74,1,
330,3,16,4189,AG,46,1,
346,2,29,4936,AG,47,1,
330,3,16,4190,WS,100,1,
330,2,16,4180,AG,39,1,
330,2,16,4179,R,107,1,
330,2,16,4178,R,111,1,
330,2,16,4177,R,70,1,
330,2,16,4176,R,64,1,
330,1,14,4175,LH,45,1,
330,2,16,4182,PO,50,1,
331,1,27,4197,R,37,1,
331,2,26,4205,R,74,1,
331,1,27,4204,LH,39,1,
331,1,27,4203,LH,57,1,
331,1,27,4202,A,84,1,
331,1,27,4201,A,57,1,
331,1,27,4200,R,55,1,
330,3,16,4188,AG,36,1,
331,1,27,4198,R,85,1,
346,2,29,4937,AG,39,1,
331,1,27,4196,R,49,1,
331,1,27,4195,R,75,1,
331,1,27,4194,R,71,1,
331,1,27,4193,R,76,1,
330,3,16,4192,PN,,1,
330,3,16,4191,A,33,1,
331,1,27,4199,R,100,1,
329,2,7,4151,R,102,1,
329,3,7,4158,R,77,1,
329,3,7,4157,R,79,1,
329,3,7,4156,R,61,1,
329,3,7,4155,R,97,1,
346,2,29,4941,AG,36,1,
329,3,7,4154,R,97,1,
330,1,14,4174,AG,53,1,
329,3,7,4152,R,99,1,
346,2,29,4940,AG,41,1,
329,2,7,4150,R,76,1,
329,2,7,4149,R,78,1,
329,2,7,4148,R,85,1,
329,2,7,4147,R,79,1,
329,2,7,4146,R,94,1,
346,2,29,4942,AG,35,1,
329,3,7,4153,R,82,1,
346,2,29,4938,AG,43,1,
335,3,10,4370,A,68,1,
330,1,14,4172,R,72,1,
330,1,14,4171,R,62,1,
330,1,14,4170,R,87,1,
330,1,14,4169,R,78,1,
330,1,14,4168,R,100,1,
329,3,7,4159,AM,89,1,
329,3,7,4166,PN,21,1,
329,3,7,4160,AM,65,1,
329,3,7,4165,PN,27,1,
329,3,7,4164,PO,88,1,
329,3,7,4163,AM,70,1,
329,3,7,4162,AM,45,1,
346,2,29,4939,AG,45,1,
329,3,7,4161,AM,57,1,
330,1,14,4173,AM,69,1,
329,3,7,4167,PN,,1,
63,3,12,757,R,70,1,
63,3,12,765,A,101,1,
63,3,12,764,R,73,1,
63,3,12,763,R,80,1,
63,3,12,762,R,46,1,
63,3,12,761,R,81,1,
63,3,12,760,R,106,1,
63,2,11,750,R,105,1,
63,3,12,758,R,48,1,
64,1,17,768,R,68,1,
63,2,11,756,R,46,1,
63,2,11,755,R,104,1,
63,2,11,754,R,67,1,
63,2,11,753,R,67,1,
63,2,11,752,R,114,1,
59,2,16,572,R,132,1,
63,3,12,759,R,75,1,
64,3,18,775,R,100,1,
65,1,13,783,P,12,1,
65,1,13,782,R,122,1,
65,1,13,781,R,51,1,
65,1,13,780,R,104,1,
65,1,13,779,R,51,1,
65,1,13,778,R,103,1,
64,1,17,766,R,75,1,
64,3,18,776,PY,71,1,
64,1,17,767,R,78,1,
64,2,18,774,R,91,1,
64,1,17,773,R,70,1,
64,1,17,772,R,20,1,
64,1,17,771,R,19,1,
64,1,17,770,R,85,1,
64,1,17,769,R,96,1,
63,1,11,749,R,69,1,
65,1,13,777,R,97,1,
62,2,22,721,A,44,1,
62,3,22,729,R,73,1,
62,3,22,728,R,74,1,
62,3,22,727,R,78,1,
62,3,22,726,R,42,1,
62,3,22,725,R,71,1,
62,3,22,724,A,55,1,
63,2,11,751,R,79,1,
62,2,22,722,A,73,1,
62,3,22,732,R,47,1,
62,2,22,720,A,60,1,
62,2,22,719,R,63,1,
62,2,22,718,A,81,1,
62,2,22,717,R,74,1,
62,2,22,716,R,66,1,
62,2,22,715,R,76,1,
62,2,22,723,A,,1,ABL - Not measured
62,3,22,739,R,97,1,
63,1,11,748,R,51,1,
63,1,11,747,R,69,1,
63,1,11,746,R,92,1,
63,1,11,745,R,70,1,
63,1,11,744,R,45,1,
63,1,11,743,R,70,1,
62,3,22,730,R,43,1,
62,3,22,740,R,88,1,
62,3,22,731,R,85,1,
62,3,22,738,R,62,1,
62,3,22,737,R,74,1,
62,3,22,736,R,18,1,
62,3,22,735,R,61,1,
62,3,22,734,R,97,1,
62,3,22,733,R,70,1,
65,2,13,786,R,118,1,
63,1,11,742,R,69,1,
65,3,14,828,PY,80,1,
112,0,0,842,365,50,1,
112,0,0,841,462,150,1,
112,0,0,839,461,250,1,
111,0,0,849,465,350,1,
111,0,0,835,461,50,1,
65,3,14,831,A,,1,ABL - Not measured
65,2,13,784,R,37,1,
65,3,14,829,A,43,1,
113,0,0,845,461,50,1,
65,3,14,827,A,90,1,
65,3,14,826,A,68,1,
65,3,14,825,A,67,1,
65,3,14,824,R,96,1,
65,3,14,823,R,97,1,
65,3,14,822,R,95,1,
65,3,14,830,A,74,1,
114,0,0,867,461,250,1,
115,0,0,870,461,350,1,
115,0,0,862,431,250,1,
115,0,0,861,365,50,1,
115,0,0,860,426,250,1,
115,0,0,859,461,350,1,
115,0,0,858,461,250,1,
113,0,0,843,466,50,1,
114,0,0,868,461,250,1,
113,0,0,844,466,150,1,
114,0,0,866,527,50,1,
114,0,0,855,407,250,1,
114,0,0,854,461,250,1,
113,0,0,848,479,50,1,
113,0,0,847,461,250,1,
113,0,0,846,461,150,1,
65,3,14,819,R,72,1,
114,0,0,869,426,250,1,
65,2,13,793,R,97,1,
65,3,14,821,R,85,1,
65,2,13,800,R,87,1,
65,2,13,799,R,77,1,
65,2,13,798,R,37,1,
65,2,13,797,R,38,1,
65,2,13,796,R,85,1,
65,2,13,802,R,84,1,
65,2,13,794,R,112,1,
65,2,13,803,R,80,1,
65,2,13,792,R,35,1,
65,2,13,791,R,53,1,
65,2,13,790,R,102,1,
65,2,13,789,R,103,1,
65,2,13,788,R,109,1,
65,2,13,787,R,87,1,
62,2,22,712,R,84,1,
65,2,13,795,R,51,1,
65,3,14,811,R,97,1,
65,2,13,785,R,46,1,
65,3,14,818,R,116,1,
65,3,14,817,R,82,1,
65,3,14,816,R,102,1,
65,3,14,815,R,113,1,
65,3,14,814,R,108,1,
65,2,13,801,R,60,1,
65,3,14,812,R,78,1,
65,3,14,820,R,39,1,
65,3,14,810,R,90,1,
65,3,14,809,R,82,1,
65,3,14,808,R,79,1,
65,3,14,807,R,119,1,
65,2,13,806,R,,1,RSU - Not measured
65,2,13,805,R,102,1,
65,2,13,804,R,44,1,
65,3,14,813,R,109,1,
60,1,20,615,R,110,1,
60,2,21,623,R,66,1,
60,1,20,622,R,,1,RSU - Not measured
60,1,20,621,R,87,1,
60,1,20,620,R,72,1,
60,1,20,619,R,60,1,
60,1,20,618,R,29,1,
61,1,17,642,R,71,1,
60,1,20,616,R,108,1,
60,2,21,626,R,113,1,
60,1,20,614,R,95,1,
60,1,20,613,R,74,1,
60,1,20,612,R,93,1,
60,1,20,611,R,81,1,
60,1,20,610,R,22,1,
59,3,16,609,R,87,1,
60,1,20,617,R,69,1,
60,3,21,633,R,99,1,
62,2,22,714,R,89,1,
60,3,21,640,R,,1,RSU - Not measured
60,3,21,639,A,91,1,
60,3,21,638,R,66,1,
60,3,21,637,R,65,1,
60,3,21,636,R,40,1,
60,2,21,624,R,97,1,
60,3,21,634,R,76,1,
60,2,21,625,R,35,1,
60,3,21,632,R,68,1,
60,3,21,631,P,53,1,
60,2,21,630,R,,1,RSU - Not measured
60,2,21,629,R,,1,RSU - Not measured
60,2,21,628,R,62,1,
60,2,21,627,R,84,1,
59,3,16,606,R,80,1,
60,3,21,635,R,74,1,
59,2,16,580,R,112,1,
59,3,16,608,R,79,1,
59,3,16,587,R,44,1,
59,2,16,586,R,96,1,
59,2,16,585,R,90,1,
59,2,16,584,R,113,1,
59,2,16,583,R,45,1,
59,3,16,589,R,124,1,
59,2,16,581,R,129,1,
59,3,16,590,R,98,1,
59,2,16,579,R,101,1,
59,2,16,578,R,76,1,
59,2,16,577,R,90,1,
59,2,16,576,R,92,1,
59,2,16,575,R,79,1,
59,2,16,574,R,56,1,
152,0,0,1279,303,50,1,
59,2,16,582,R,117,1,
59,3,16,598,R,89,1,
61,1,17,643,R,105,1,
59,3,16,605,R,65,1,
59,3,16,604,R,40,1,
59,3,16,603,R,39,1,
59,3,16,602,R,80,1,
59,3,16,601,R,101,1,
59,3,16,588,R,44,1,
59,3,16,599,R,95,1,
59,3,16,607,R,101,1,
59,3,16,597,R,39,1,
59,3,16,596,R,78,1,
59,3,16,595,R,76,1,
59,3,16,594,R,73,1,
59,3,16,593,R,87,1,
59,3,16,592,R,70,1,
59,3,16,591,R,117,1,
59,3,16,600,R,72,1,
61,3,17,686,R,76,1,
61,3,17,694,A,95,1,
61,3,17,693,R,70,1,
61,3,17,692,R,70,1,
61,3,17,691,R,65,1,
61,3,17,690,R,43,1,
61,3,17,689,R,73,1,
61,1,17,641,R,89,1,
61,3,17,687,R,70,1,
62,1,23,697,R,,1,
61,3,17,685,R,74,1,
61,2,17,684,R,72,1,
61,2,17,683,R,82,1,
61,2,17,682,R,97,1,
61,2,17,681,R,71,1,
61,2,17,680,R,73,1,
61,3,17,688,R,71,1,
62,1,23,704,R,,1,
115,0,0,873,426,250,1,
62,1,23,711,A,,1,
62,1,23,710,A,,1,
62,1,23,709,R,,1,
62,1,23,708,R,,1,
62,1,23,707,R,,1,
61,3,17,695,R,80,1,
62,1,23,705,R,,1,
62,1,23,696,R,,1,
62,1,23,703,R,,1,
62,1,23,702,R,,1,
62,1,23,701,R,,1,
62,1,23,700,R,,1,
62,1,23,699,R,,1,
62,1,23,698,R,,1,
61,2,17,677,R,65,1,
62,1,23,706,R,,1,
61,1,17,651,R,70,1,
61,2,17,679,R,80,1,
61,1,17,658,R,92,1,
61,1,17,657,R,113,1,
61,1,17,656,R,109,1,
61,1,17,655,R,104,1,
61,1,17,654,R,94,1,
61,1,17,660,R,91,1,
61,1,17,652,R,64,1,
61,1,17,661,R,108,1,
61,1,17,650,R,99,1,
61,1,17,649,R,62,1,
61,1,17,648,R,103,1,
61,1,17,647,R,43,1,
61,1,17,646,R,35,1,
61,1,17,645,R,108,1,
61,1,17,644,R,94,1,
61,1,17,653,R,66,1,
61,2,17,669,R,89,1,
62,2,22,713,R,81,1,
61,2,17,676,R,96,1,
61,2,17,675,R,67,1,
61,2,17,674,R,67,1,
61,2,17,673,R,87,1,
61,2,17,672,R,106,1,
61,1,17,659,R,90,1,
61,2,17,670,R,55,1,
61,2,17,678,R,60,1,
61,2,17,668,R,113,1,
61,2,17,667,R,105,1,
61,2,17,666,R,68,1,
61,1,17,665,R,86,1,
61,1,17,664,R,98,1,
61,1,17,663,R,70,1,
61,1,17,662,R,83,1,
61,2,17,671,R,93,1,
141,0,0,1130,304,50,1,
141,0,0,1141,461,250,1,
141,0,0,1140,461,250,1,
141,0,0,1139,312,50,1,
141,0,0,1138,312,150,1,
141,0,0,1137,312,150,1,
141,0,0,1136,306,50,1,
142,0,0,1162,479,50,1,
141,0,0,1134,306,150,1,
141,0,0,1144,516,50,1,
141,0,0,1129,304,50,1,
141,0,0,1128,304,50,1,
140,0,0,1125,407,150,1,
139,0,0,1123,407,150,1,
139,0,0,1120,306,250,1,
139,0,0,1119,407,350,1,
141,0,0,1135,306,150,1,
141,0,0,1151,461,150,1,
135,0,0,1073,365,50,1,
142,0,0,1160,426,250,1,
142,0,0,1159,461,250,1,
142,0,0,1158,461,250,1,
142,0,0,1155,306,250,1,
141,0,0,1154,479,50,1,
141,0,0,1142,463,150,1,
141,0,0,1152,462,150,1,
141,0,0,1143,516,50,1,
141,0,0,1150,461,150,1,
141,0,0,1149,426,50,1,
141,0,0,1148,426,150,1,
141,0,0,1147,426,50,1,
141,0,0,1146,426,150,1,
141,0,0,1145,516,50,1,
138,0,0,1116,365,50,1,
141,0,0,1153,462,50,1,
136,0,0,1083,461,250,1,
139,0,0,1118,426,350,1,
136,0,0,1090,426,250,1,
136,0,0,1089,407,150,1,
136,0,0,1088,407,150,1,
136,0,0,1087,407,250,1,
136,0,0,1086,407,250,1,
136,0,0,1092,426,250,1,
136,0,0,1084,461,250,1,
136,0,0,1093,306,250,1,
135,0,0,1082,461,50,1,
135,0,0,1081,312,50,1,
135,0,0,1080,365,50,1,
135,0,0,1079,365,50,1,
135,0,0,1077,365,50,1,
135,0,0,1075,365,50,1,
115,0,0,871,461,350,1,
136,0,0,1085,461,250,1,
137,0,0,1106,461,250,1,
142,0,0,1163,479,50,1,
138,0,0,1115,312,50,1,
138,0,0,1113,426,50,1,
138,0,0,1112,304,50,1,
138,0,0,1111,407,150,1,
138,0,0,1110,303,50,1,
136,0,0,1091,426,250,1,
138,0,0,1107,303,50,1,
139,0,0,1117,462,250,1,
137,0,0,1104,418,150,1,
136,0,0,1103,426,150,1,
136,0,0,1098,418,150,1,
136,0,0,1097,312,150,1,
136,0,0,1096,462,150,1,
136,0,0,1095,306,150,1,
136,0,0,1094,306,150,1,
138,0,0,1108,407,150,1,
147,0,0,1259,418,250,1,
148,0,0,1252,407,350,1,
148,0,0,1249,426,350,1,
148,0,0,1248,465,550,1,
148,0,0,1247,461,450,1,
147,0,0,1265,426,350,1,
147,0,0,1264,462,350,1,
142,0,0,1161,462,150,1,
147,0,0,1260,462,350,1,
149,0,0,1228,407,350,1,
147,0,0,1256,462,350,1,
146,0,0,1225,347,150,1,
146,0,0,1224,538,50,1,
146,0,0,1222,424,50,1,
146,0,0,1221,461,150,1,
146,0,0,1220,461,250,1,
147,0,0,1263,407,350,1,
149,0,0,1239,461,350,1,
181,1,19,2239,R,77,1,
151,0,0,1275,461,150,1,
150,0,0,1274,461,150,1,
150,0,0,1270,407,150,1,
150,0,0,1269,312,50,1,
150,0,0,1268,303,50,1,Order of transects switched on datasheet
148,0,0,1253,462,350,1,
149,0,0,1240,424,150,1,
149,0,0,1227,431,250,1,
149,0,0,1238,407,250,1,
149,0,0,1237,431,350,1,
149,0,0,1235,407,350,1,
149,0,0,1233,461,350,1,
149,0,0,1230,461,350,1,
149,0,0,1229,407,150,1,
145,0,0,1216,426,150,1,
149,0,0,1243,462,150,1,
143,0,0,1176,516,50,1,
145,0,0,1219,550,150,1,
144,0,0,1195,461,150,1,
143,0,0,1182,418,150,1,
143,0,0,1181,365,50,1,
143,0,0,1180,516,50,1,
143,0,0,1179,516,50,1,
144,0,0,1197,306,150,1,
143,0,0,1177,516,50,1,
144,0,0,1198,306,150,1,
143,0,0,1175,516,50,1,
143,0,0,1170,306,50,1,
143,0,0,1169,306,50,1,
143,0,0,1167,461,250,1,
143,0,0,1166,461,250,1,
143,0,0,1165,461,250,1,
142,0,0,1164,516,50,1,
143,0,0,1178,516,50,1,
144,0,0,1206,312,50,1,
135,0,0,1072,365,50,1,
145,0,0,1215,461,250,1,
144,0,0,1214,407,150,1,
144,0,0,1213,303,50,1,
144,0,0,1210,365,50,1,
144,0,0,1209,365,50,1,
144,0,0,1196,461,150,1,
144,0,0,1207,462,150,1,
145,0,0,1218,348,150,1,
144,0,0,1205,312,50,1,
144,0,0,1204,312,150,1,
144,0,0,1203,312,150,1,
144,0,0,1202,312,150,1,
144,0,0,1201,306,150,1,
144,0,0,1200,306,250,1,
144,0,0,1199,306,150,1,
144,0,0,1208,418,150,1,
123,0,0,941,461,150,1,
124,0,0,954,306,150,1,
124,0,0,953,426,250,1,
123,0,0,950,306,50,1,
123,0,0,948,540,350,1,
123,0,0,946,461,250,1,
123,0,0,945,312,150,1,
126,0,0,980,306,150,1,
123,0,0,942,303,50,1,
124,0,0,959,462,250,1,
123,0,0,940,461,350,1,
123,0,0,938,306,50,1,
123,0,0,937,306,150,1,
123,0,0,936,312,250,1,
122,0,0,935,516,50,1,
122,0,0,934,527,50,1,
123,0,0,943,461,50,1,
125,0,0,968,312,50,1,
135,0,0,1074,365,50,1,
126,0,0,977,312,150,1,
126,0,0,976,306,250,1,
126,0,0,975,461,350,1,
126,0,0,974,461,350,1,
125,0,0,973,407,250,1,
124,0,0,956,306,150,1,
125,0,0,969,306,50,1,
124,0,0,957,465,550,1,
125,0,0,967,426,50,1,
125,0,0,965,461,350,1,
125,0,0,964,306,350,1,
124,0,0,963,407,350,1,
124,0,0,962,462,250,1,
124,0,0,961,407,250,1,
122,0,0,931,461,350,1,
125,0,0,970,461,250,1,
116,0,0,882,426,350,1,
122,0,0,933,407,250,1,
118,0,0,896,481,50,1,
118,0,0,895,461,150,1,
117,0,0,890,461,150,1,
117,0,0,889,540,250,1,
117,0,0,888,466,150,1,
118,0,0,899,461,150,1,
117,0,0,885,312,250,1,
118,0,0,901,527,50,1,
116,0,0,881,461,350,1,
116,0,0,880,461,350,1,
116,0,0,877,461,350,1,
116,0,0,876,365,50,1,
116,0,0,875,426,250,1,
116,0,0,874,426,350,1,
59,2,16,571,R,32,1,
117,0,0,887,461,150,1,
121,0,0,913,306,350,1,
127,0,0,981,462,150,1,
121,0,0,928,516,50,1,
121,0,0,926,462,250,1,
121,0,0,924,365,50,1,
121,0,0,921,462,250,1,
121,0,0,918,407,250,1,
118,0,0,897,461,150,1,
121,0,0,916,407,350,1,
122,0,0,932,479,50,1,
121,0,0,912,465,350,1,
121,0,0,911,426,250,1,
120,0,0,910,479,50,1,
120,0,0,909,461,350,1,
120,0,0,908,516,50,1,
120,0,0,907,527,50,1,
119,0,0,906,479,50,1,
121,0,0,917,462,250,1,
133,0,0,1043,538,50,1,
134,0,0,1051,461,350,1,
134,0,0,1050,461,250,1,
134,0,0,1049,461,350,1,
134,0,0,1048,461,350,1,
134,0,0,1047,426,250,1,
134,0,0,1046,426,250,1,
126,0,0,978,461,50,1,
134,0,0,1044,426,250,1,
134,0,0,1054,365,50,1,
133,0,0,1042,516,50,1,
133,0,0,1041,516,50,1,
133,0,0,1040,516,50,1,
133,0,0,1039,516,50,1,
133,0,0,1038,479,50,1,
133,0,0,1037,479,50,1,
134,0,0,1045,426,250,1,
135,0,0,1061,461,250,1,
135,0,0,1070,365,50,1,
135,0,0,1069,365,50,1,
135,0,0,1067,516,50,1,
135,0,0,1066,303,50,1,
135,0,0,1065,303,50,1,
135,0,0,1064,426,150,1,
134,0,0,1052,365,50,1,
135,0,0,1062,306,50,1,
134,0,0,1053,365,50,1,
134,0,0,1060,479,50,1,
134,0,0,1059,365,50,1,
134,0,0,1058,365,50,1,
134,0,0,1057,365,50,1,
134,0,0,1056,365,50,1,
134,0,0,1055,365,50,1,
132,0,0,1034,461,50,1,
135,0,0,1063,306,150,1,
127,0,0,991,462,150,1,
133,0,0,1036,479,50,1,
129,0,0,1002,466,150,1,
129,0,0,1001,466,150,1,
128,0,0,999,516,50,1,
128,0,0,996,465,450,1,
128,0,0,995,461,350,1,
129,0,0,1005,461,250,1,
128,0,0,993,465,450,1,
129,0,0,1007,461,450,1,
127,0,0,990,516,50,1,
127,0,0,988,461,250,1,
127,0,0,987,461,350,1,
127,0,0,986,516,50,1,
127,0,0,985,461,350,1,
127,0,0,984,465,350,1,
127,0,0,982,461,350,1,
128,0,0,994,461,350,1,
132,0,0,1023,306,150,1,"written as both ""Emb"" and ""pile perch"".  Coded as ""Emb"" (Embiotoca lateralis)"
115,0,0,872,426,250,1,
132,0,0,1033,516,50,1,
132,0,0,1032,516,50,1,
132,0,0,1031,499,250,1,
132,0,0,1030,426,50,1,
132,0,0,1028,312,150,1,
129,0,0,1003,461,250,1,
132,0,0,1024,306,150,1,"written as both ""Emb"" and ""pile perch"".  Coded as ""Emb"" (Embiotoca lateralis)"
132,0,0,1035,461,250,1,
132,0,0,1022,461,350,1,
132,0,0,1021,461,150,1,
132,0,0,1020,461,350,1,
132,0,0,1019,461,350,1,"written as ""40"" on datasheet."
130,0,0,1015,516,50,1,
130,0,0,1014,527,50,1,
130,0,0,1010,516,50,1,
132,0,0,1025,304,50,1,
47,1,14,189,R,17,1,
47,2,13,197,R,133,1,
47,2,13,196,R,142,1,
47,1,14,195,R,85,1,
47,1,14,194,R,18,1,
47,1,14,193,R,19,1,
47,1,14,192,R,17,1,
47,1,14,182,R,13,1,
47,1,14,190,R,17,1,
47,3,14,200,R,48,1,
47,1,14,188,R,16,1,
47,1,14,187,R,23,1,
47,1,14,186,R,15,1,
47,1,14,185,R,19,1,
47,1,14,184,R,17,1,
59,2,16,573,R,106,1,
47,1,14,191,R,22,1,
47,3,14,207,R,70,1,
48,1,20,215,R,18,1,
48,1,20,214,R,27,1,
48,1,20,213,R,101,1,
48,1,20,212,R,120,1,
48,1,20,211,R,98,1,
48,1,20,210,R,100,1,
47,3,14,198,R,40,1,
47,3,14,208,R,44,1,
47,3,14,199,R,95,1,
47,3,14,206,R,74,1,
47,3,14,205,R,45,1,
47,3,14,204,R,60,1,
47,3,14,203,R,103,1,
47,3,14,202,R,47,1,
47,3,14,201,R,90,1,
47,1,14,181,R,92,1,
48,1,20,209,R,39,1,
47,1,14,154,R,127,1,
47,1,14,162,R,15,1,
47,1,14,161,R,15,1,
47,1,14,160,R,22,1,
47,1,14,159,R,19,1,
47,1,14,158,R,36,1,
47,1,14,157,R,14,1,
47,1,14,183,R,112,1,
47,1,14,155,R,98,1,
47,1,14,165,R,23,1,
47,1,14,153,R,75,1,
47,1,14,152,R,70,1,
47,1,14,151,R,100,1,
46,2,22,150,R,130,1,
46,1,22,149,R,144,1,
45,2,13,148,A,,1,ABL - No measurement
47,1,14,156,R,76,1,
47,1,14,172,R,45,1,
47,1,14,180,R,84,1,
47,1,14,179,R,22,1,
47,1,14,178,R,141,1,
47,1,14,177,R,20,1,
47,1,14,176,R,91,1,
47,1,14,175,R,17,1,
47,1,14,163,R,16,1,
47,1,14,173,R,78,1,
47,1,14,164,R,18,1,
47,1,14,171,R,20,1,
47,1,14,170,R,32,1,
47,1,14,169,R,24,1,
47,1,14,168,R,20,1,
47,1,14,167,R,17,1,
47,1,14,166,R,83,1,
48,1,20,218,R,102,1,
47,1,14,174,R,38,1,
49,2,18,260,R,76,1,
49,2,18,268,R,70,1,
49,2,18,267,R,68,1,
49,2,18,266,R,90,1,
49,2,18,265,R,72,1,
49,2,18,264,R,115,1,
49,2,18,263,R,78,1,
48,1,20,216,R,18,1,
49,2,18,261,R,107,1,
49,3,17,271,R,73,1,
49,2,18,259,R,81,1,
49,1,18,258,R,104,1,
49,1,18,257,R,73,1,
48,3,20,256,R,79,1,
48,3,20,255,R,104,1,
48,3,20,254,R,68,1,
49,2,18,262,R,110,1,
50,1,23,278,R,63,1,
50,3,23,286,R,77,1,
50,2,23,285,R,17,1,
50,2,23,284,R,78,1,
50,2,23,283,R,70,1,
50,2,23,282,R,69,1,
50,2,23,281,R,71,1,
49,2,18,269,R,95,1,
50,1,23,279,R,73,1,
49,2,18,270,A,,1,ABL - not measured
50,1,23,277,R,48,1,
49,3,17,276,R,85,1,
49,3,17,275,R,70,1,
49,3,17,274,R,62,1,
49,3,17,273,R,83,1,
49,3,17,272,R,64,1,
48,3,20,251,R,92,1,
50,2,23,280,R,42,1,
48,2,20,225,R,70,1,
48,3,20,253,R,85,1,
48,2,20,232,R,97,1,
48,2,20,231,R,135,1,
48,2,20,230,R,33,1,
48,2,20,229,R,29,1,
48,2,20,228,R,140,1,
48,2,20,234,R,93,1,
48,2,20,226,R,34,1,
48,2,20,235,R,17,1,
48,2,20,224,R,37,1,
48,2,20,223,R,23,1,
48,2,20,222,R,18,1,
48,2,20,221,R,38,1,
48,2,20,220,R,136,1,
48,1,20,219,R,97,1,
45,2,13,145,A,95,1,
48,2,20,227,R,77,1,
48,3,20,243,R,90,1,
48,1,20,217,R,104,1,
48,3,20,250,R,37,1,
48,3,20,249,R,97,1,
48,3,20,248,R,86,1,
48,3,20,247,R,42,1,
48,3,20,246,R,79,1,
48,2,20,233,R,95,1,
48,3,20,244,R,94,1,
48,3,20,252,R,141,1,
48,3,20,242,R,98,1,
48,2,20,241,R,92,1,
48,2,20,240,R,37,1,
48,2,20,239,R,24,1,
48,2,20,238,R,45,1,
48,2,20,237,R,23,1,
48,2,20,236,R,46,1,
48,3,20,245,R,73,1,
39,2,18,48,R,60,1,
39,2,18,56,R,93,1,
39,2,18,55,R,73,1,
39,2,18,54,R,83,1,
39,2,18,53,R,72,1,
39,2,18,52,R,107,1,
39,2,18,51,R,99,1,
39,2,18,75,P,48,1,
39,2,18,49,R,70,1,
39,2,18,59,P,65,1,
39,1,17,47,R,76,1,
39,1,17,46,R,107,1,
33,3,18,20,A,,1,Abl - No measurement
33,3,18,19,A,82,1,
33,3,18,18,A,66,1,
33,3,18,17,A,51,1,
39,2,18,50,R,88,1,
39,2,18,66,P,13,1,
45,2,13,147,A,94,1,
39,2,18,73,P,67,1,
39,2,18,72,P,55,1,
39,2,18,71,P,84,1,
39,2,18,70,P,73,1,
39,2,18,69,R,33,1,
39,2,18,57,R,74,1,
39,2,18,67,P,32,1,
39,2,18,58,R,89,1,
39,2,18,65,P,81,1,
39,2,18,64,P,84,1,
39,2,18,63,P,75,1,
39,2,18,62,P,70,1,
39,2,18,61,P,58,1,
39,2,18,60,P,69,1,
33,2,19,14,A,,1,Abl - No measurement
39,2,18,68,P,85,1,
32,2,9,30,R,125,1,
33,3,18,16,R,93,1,
32,2,9,37,R,107,1,
32,2,9,36,P,72,1,
32,2,9,35,R,99,1,
32,2,9,34,R,109,1,
32,2,9,33,R,74,1,
32,2,9,39,R,77,1,
32,2,9,31,R,97,1,
32,3,9,40,P,76,1,
32,2,9,29,R,133,1,
32,1,9,28,P,,1,PSU - No measurement
32,1,9,27,R,18,1,
32,1,9,26,A,63,1,
32,1,9,25,A,77,1,
32,1,9,24,R,106,1,
32,1,9,23,R,53,1,
32,2,9,32,R,97,1,
33,1,19,6,R,82,1,
39,2,18,76,R,73,1,
33,2,19,13,A,,1,Abl - No measurement
33,2,19,12,R,79,1,
33,2,19,11,R,77,1,
33,2,19,10,R,83,1,
33,2,19,9,R,30,1,
32,2,9,38,P,78,1,
33,1,19,7,R,36,1,
33,3,18,15,R,81,1,
33,1,19,5,R,72,1,
33,1,19,4,R,55,1,
33,1,19,3,R,114,1,
33,1,19,2,R,80,1,
33,1,19,1,R,81,1,
32,3,9,42,A,50,1,
32,3,9,41,A,96,1,
33,2,19,8,R,127,1,
43,3,17,119,R,76,1,
44,1,21,127,R,93,1,
44,1,21,126,R,43,1,
44,1,21,125,R,95,1,
44,1,21,124,R,72,1,
44,1,21,123,R,66,1,
43,3,17,122,R,68,1,
39,2,18,74,P,67,1,
43,3,17,120,R,83,1,
44,1,21,130,A,64,1,
43,3,17,118,R,71,1,
43,3,17,117,R,115,1,
43,2,16,116,R,116,1,
43,2,16,115,R,65,1,
43,2,16,114,R,54,1,
43,2,16,113,R,70,1,
43,3,17,121,R,95,1,
44,3,22,137,R,41,1,
51,1,12,289,R,71,1,
44,3,22,144,A,,1,ABL - No measurement
44,3,22,143,R,73,1,
44,3,22,142,R,73,1,
44,3,22,141,R,80,1,
44,3,22,140,R,65,1,
44,1,21,128,R,72,1,
44,3,22,138,R,66,1,
44,1,21,129,R,20,1,
44,3,22,136,R,76,1,
44,2,22,135,R,59,1,
44,2,22,134,R,37,1,
44,2,22,133,R,72,1,
44,2,22,132,R,62,1,
44,2,22,131,R,71,1,
43,2,16,110,R,70,1,
44,3,22,139,R,35,1,
40,3,23,84,R,118,1,
43,2,16,112,R,73,1,
40,3,23,91,R,118,1,
40,3,23,90,R,44,1,
40,3,23,89,R,72,1,
40,3,23,88,R,92,1,
40,3,23,87,R,92,1,
40,3,23,93,G,46,1,
40,3,23,85,R,98,1,
40,3,23,94,R,41,1,
40,3,23,83,R,89,1,
40,3,23,82,P,89,1,
40,3,23,81,P,85,1,
40,3,23,80,P,80,1,
40,1,0,79,R,73,1,No depth recorded for this quadrat
40,1,0,78,R,103,1,No depth recorded for this quadrat
39,2,18,77,R,34,1,
40,3,23,86,R,29,1,
43,1,16,102,R,72,1,
45,2,13,146,A,96,1,
43,1,16,109,R,45,1,
43,1,16,108,R,65,1,
43,1,16,107,R,97,1,
43,1,16,106,R,80,1,
43,1,16,105,R,76,1,
40,3,23,92,R,86,1,
43,1,16,103,R,70,1,
43,2,16,111,R,78,1,
42,2,20,101,A,141,1,
40,3,23,100,PY,61,1,
40,3,23,99,R,103,1,
40,3,23,98,R,46,1,
40,3,23,97,P,81,1,
40,3,23,96,R,48,1,
40,3,23,95,R,111,1,
43,1,16,104,R,93,1,
57,2,17,473,R,35,1,
57,2,17,481,R,36,1,
57,2,17,480,R,38,1,
57,2,17,479,R,42,1,
57,2,17,478,R,35,1,
57,2,17,477,R,41,1,
57,2,17,476,R,35,1,
57,3,16,500,R,40,1,
57,2,17,474,R,29,1,
57,3,16,484,R,63,1,
57,2,17,472,R,36,1,
57,2,17,471,R,43,1,
57,2,17,470,R,105,1,
57,2,17,469,R,104,1,
57,1,17,468,A,52,1,
57,1,17,467,R,119,1,
57,2,17,475,R,43,1,
57,3,16,491,R,35,1,
55,3,14,430,R,62,1,
57,3,16,498,R,113,1,
57,3,16,497,R,43,1,
57,3,16,496,R,35,1,
57,3,16,495,R,34,1,
57,3,16,494,R,36,1,
57,2,17,482,R,72,1,
57,3,16,492,R,40,1,
57,2,17,483,R,41,1,
57,3,16,490,R,39,1,
57,3,16,489,R,92,1,
57,3,16,488,R,41,1,
57,3,16,487,R,40,1,
57,3,16,486,R,41,1,
57,3,16,485,R,42,1,
57,1,17,464,R,129,1,
57,3,16,493,R,39,1,
56,2,20,438,R,101,1,
57,1,17,466,R,61,1,
56,3,0,445,R,35,1,No depth recorded
56,2,20,444,R,,1,RSU - Not measured
56,2,20,443,R,,1,RSU - Not measured
56,2,20,442,R,70,1,
56,2,20,441,R,94,1,
56,3,0,447,R,78,1,No depth recorded
56,2,20,439,R,88,1,
56,3,0,448,R,106,1,No depth recorded
56,2,20,437,R,100,1,
56,2,20,436,R,91,1,
56,2,20,435,R,85,1,
56,2,20,434,R,86,1,
56,1,21,433,R,87,1,
56,1,21,432,R,63,1,
50,3,23,287,R,68,1,
56,2,20,440,R,101,1,
57,1,17,456,R,67,1,
57,3,16,501,R,28,1,
57,1,17,463,R,44,1,
57,1,17,462,R,87,1,
57,1,17,461,R,46,1,
57,1,17,460,R,74,1,
57,1,17,459,R,59,1,
56,3,0,446,R,76,1,No depth recorded
57,1,17,457,R,36,1,
57,1,17,465,R,40,1,
57,1,17,455,R,74,1,
57,1,17,454,R,33,1,
57,1,17,453,R,77,1,
56,3,0,452,R,67,1,No depth recorded
56,3,0,451,R,115,1,No depth recorded
56,3,0,450,R,74,1,No depth recorded
56,3,0,449,R,77,1,No depth recorded
57,1,17,458,R,39,1,
58,3,24,544,R,101,1,
59,1,17,552,R,35,1,
59,1,17,551,R,47,1,
59,1,17,550,R,128,1,
59,1,17,549,R,119,1,
59,1,17,548,R,45,1,
59,1,17,547,R,46,1,
57,3,16,499,R,37,1,
59,1,17,545,R,124,1,
59,1,17,555,R,106,1,
58,3,24,543,R,35,1,
58,3,24,542,R,104,1,
58,3,24,541,R,34,1,
58,3,24,540,R,43,1,
58,3,24,539,R,87,1,
58,3,24,538,R,32,1,
59,1,17,546,R,33,1,
59,1,17,562,R,104,1,
59,2,16,570,R,110,1,
59,2,16,569,R,108,1,
59,2,16,568,R,121,1,
59,1,17,567,R,102,1,
59,1,17,566,R,131,1,
59,1,17,565,R,113,1,
59,1,17,553,R,112,1,
59,1,17,563,R,48,1,
59,1,17,554,R,80,1,
59,1,17,561,R,96,1,
59,1,17,560,R,50,1,
59,1,17,559,R,113,1,
59,1,17,558,R,40,1,
59,1,17,557,R,45,1,
59,1,17,556,R,130,1,
58,3,24,535,R,79,1,
59,1,17,564,R,93,1,
57,3,16,509,R,33,1,
58,3,24,537,R,50,1,
57,3,16,516,A,86,1,
57,3,16,515,A,59,1,
57,3,16,514,A,82,1,
57,3,16,513,R,28,1,
57,3,16,512,R,35,1,
58,1,23,518,R,68,1,
57,3,16,510,R,35,1,
58,2,23,519,R,37,1,
57,3,16,508,R,43,1,
57,3,16,507,R,41,1,
57,3,16,506,P,34,1,
57,3,16,505,P,22,1,
57,3,16,504,R,41,1,
57,3,16,503,R,37,1,
57,3,16,502,R,91,1,
57,3,16,511,R,37,1,
58,2,23,527,R,48,1,
55,3,14,429,R,99,1,
58,3,24,534,R,32,1,
58,3,24,533,R,36,1,
58,3,24,532,R,92,1,
58,3,24,531,R,41,1,
58,2,23,530,R,33,1,
58,1,23,517,R,58,1,
58,2,23,528,R,77,1,
58,3,24,536,R,113,1,
58,2,23,526,R,43,1,
58,2,23,525,R,41,1,
58,2,23,524,R,48,1,
58,2,23,523,R,39,1,
58,2,23,522,R,33,1,
58,2,23,521,R,81,1,
58,2,23,520,R,65,1,
58,2,23,529,R,37,1,
51,3,12,331,R,20,1,
52,1,15,339,R,81,1,
52,1,15,338,R,76,1,
52,1,15,337,R,72,1,
52,1,15,336,R,71,1,
52,1,15,335,R,85,1,
52,1,15,334,R,117,1,
52,3,17,358,R,87,1,
51,3,12,332,R,,1,RSU - not measured
52,1,15,342,A,82,1,
51,3,12,330,R,60,1,
51,3,12,329,R,97,1,
51,3,12,328,R,102,1,
51,3,12,327,R,83,1,
51,3,12,326,R,94,1,
51,3,12,325,R,117,1,
52,1,15,333,R,71,1,
52,2,16,349,R,79,1,
55,3,14,431,R,,1,RSU - Not measured
52,3,17,356,R,79,1,
52,3,17,355,R,95,1,
52,3,17,354,R,73,1,
52,2,16,353,A,96,1,
52,2,16,352,R,67,1,
52,1,15,340,R,100,1,
52,2,16,350,R,80,1,
52,1,15,341,R,115,1,
52,2,16,348,R,93,1,
52,2,16,347,R,91,1,
52,2,16,346,R,78,1,
52,2,16,345,R,117,1,
52,2,16,344,R,79,1,
52,1,15,343,A,73,1,
51,3,12,322,R,84,1,
52,2,16,351,R,98,1,
51,1,12,296,R,110,1,
51,3,12,324,R,98,1,
51,2,12,303,R,82,1,
51,2,12,302,R,79,1,
51,2,12,301,R,73,1,
51,1,12,300,R,81,1,
51,1,12,299,R,82,1,
51,2,12,305,R,76,1,
51,1,12,297,R,55,1,
51,2,12,306,R,92,1,
51,1,12,295,R,83,1,
51,1,12,294,R,58,1,
51,1,12,293,R,81,1,
51,1,12,292,R,84,1,
51,1,12,291,R,110,1,
51,1,12,290,R,72,1,
152,0,0,1280,461,450,1,
51,1,12,298,R,87,1,
51,2,12,314,R,76,1,
52,3,17,359,R,104,1,
51,3,12,321,R,98,1,
51,2,12,320,A,106,1,
51,2,12,319,R,87,1,
51,2,12,318,R,100,1,
51,2,12,317,R,88,1,
51,2,12,304,R,67,1,
51,2,12,315,R,88,1,
51,3,12,323,R,62,1,
51,2,12,313,R,97,1,
51,2,12,312,R,93,1,
51,2,12,311,R,102,1,
51,2,12,310,R,67,1,
51,2,12,309,R,102,1,
51,2,12,308,R,112,1,
51,2,12,307,R,107,1,
51,2,12,316,R,94,1,
54,2,23,402,R,71,1,
55,1,14,410,R,60,1,
54,3,23,409,R,61,1,
54,3,23,408,R,61,1,
54,3,23,407,R,56,1,
54,3,23,406,R,63,1,
54,2,23,405,R,18,1,
52,3,17,357,R,107,1,
54,2,23,403,R,46,1,
55,1,14,413,R,97,1,
54,2,23,401,R,74,1,
54,2,23,400,R,27,1,
54,2,23,399,R,110,1,
54,2,23,398,R,57,1,
54,2,23,397,R,46,1,
54,1,23,396,R,55,1,
54,2,23,404,R,26,1,
55,2,13,420,R,83,1,
55,2,13,428,R,,1,RSU - Not measured
55,2,13,427,R,,1,RSU - Not measured
55,2,13,426,R,,1,RSU - Not measured
55,2,13,425,R,,1,RSU - Not measured
55,2,13,424,A,80,1,
55,2,13,423,A,96,1,
55,1,14,411,R,89,1,
55,2,13,421,R,79,1,
55,1,14,412,R,85,1,
55,2,13,419,R,98,1,
55,1,14,418,R,33,1,
55,1,14,417,A,38,1,
55,1,14,416,R,,1,RSU - Not measured
55,1,14,415,R,80,1,
55,1,14,414,R,94,1,
54,1,23,393,R,68,1,
55,2,13,422,R,110,1,
53,1,16,367,R,61,1,
54,1,23,395,R,71,1,
53,1,16,374,R,83,1,
53,1,16,373,R,64,1,
53,1,16,372,R,66,1,
53,1,16,371,R,70,1,
53,1,16,370,R,67,1,
53,2,16,376,R,62,1,
53,1,16,368,R,70,1,
53,2,16,377,R,68,1,
53,1,16,366,R,83,1,
53,1,16,365,R,101,1,
52,3,17,364,R,82,1,
52,3,17,363,R,76,1,
52,3,17,362,R,115,1,
52,3,17,361,R,91,1,
52,3,17,360,R,94,1,
53,1,16,369,R,115,1,
53,3,15,385,R,46,1,
50,3,23,288,R,62,1,
54,1,23,392,R,59,1,
54,1,23,391,R,73,1,
54,1,23,390,R,62,1,
53,3,15,389,R,18,1,
53,3,15,388,R,75,1,
53,2,16,375,R,70,1,
53,3,15,386,R,80,1,
54,1,23,394,R,55,1,
53,2,16,384,R,18,1,
53,2,16,383,R,71,1,
53,2,16,382,R,43,1,
53,2,16,381,R,75,1,
53,2,16,380,R,15,1,
53,2,16,379,R,76,1,
53,2,16,378,R,120,1,
53,3,15,387,R,40,1,
175,3,19,2029,R,74,1,
175,3,19,2037,R,92,1,
175,3,19,2036,R,69,1,
175,3,19,2035,AM,55,1,
175,3,19,2034,AM,54,1,
175,3,19,2033,FE,110,1,
175,3,19,2032,R,35,1,
175,2,20,2022,R,40,1,
175,3,19,2030,R,59,1,
175,3,19,2040,PL,33,1,
175,3,19,2028,R,106,1,
175,2,20,2027,PN,29,1,
175,2,20,2026,A,105,1,
175,2,20,2025,AM,49,1,
175,2,20,2024,AG,9,1,
171,2,15,1845,R,58,1,
175,3,19,2031,R,36,1,
176,1,26,2047,AM,40,1,
176,1,26,2055,R,18,1,
176,1,26,2054,AM,37,1,
176,1,26,2053,AM,46,1,
176,1,26,2052,R,68,1,
176,1,26,2051,R,69,1,
176,1,26,2050,R,70,1,
175,3,19,2038,AM,35,1,
176,1,26,2048,R,68,1,
175,3,19,2039,AG,9,1,
176,1,26,2046,LS,52,1,
176,1,26,2045,AM,43,1,
176,1,26,2044,R,72,1,
176,1,26,2043,R,70,1,
176,1,26,2042,R,80,1,
176,1,26,2041,R,93,1,
175,2,20,2021,R,42,1,
176,1,26,2049,R,77,1,
174,3,12,1994,R,105,1,
174,3,12,2002,LH,33,1,
174,3,12,2001,WS,95,1,
174,3,12,2000,R,73,1,
174,3,12,1999,R,97,1,
174,3,12,1998,R,113,1,
174,3,12,1997,R,49,1,
175,2,20,2023,R,38,1,
174,3,12,1995,R,73,1,
174,3,12,2005,R,80,1,
174,3,12,1993,R,53,1,
174,3,12,1992,R,60,1,
174,3,12,1991,R,70,1,
174,3,12,1990,R,91,1,
174,3,12,1989,R,88,1,
174,3,12,1988,R,84,1,
174,3,12,1996,R,63,1,
175,1,21,2012,R,33,1,
175,2,20,2020,R,58,1,
175,2,20,2019,R,54,1,
175,2,20,2018,R,43,1,
175,2,20,2017,R,67,1,
175,2,20,2016,R,49,1,
175,2,20,2015,R,40,1,
174,3,12,2003,R,55,1,
175,1,21,2013,LH,32,1,
174,3,12,2004,R,77,1,
175,1,21,2011,FE,84,1,
175,1,21,2010,R,72,1,
175,1,21,2009,R,75,1,
175,1,21,2008,A,67,1,
174,3,12,2007,PL,5,1,
174,3,12,2006,PL,5,1,
176,2,26,2058,R,58,1,
175,2,20,2014,R,89,1,
177,2,14,2100,P,59,1,
177,3,13,2108,P,66,1,
177,2,14,2107,MT,11,1,
177,2,14,2106,P,93,1,
177,2,14,2105,MT,5,1,
177,2,14,2104,G,78,1,
177,2,14,2103,HR,14,1,
176,1,26,2056,AM,19,1,
177,2,14,2101,P,87,1,
178,1,20,2111,P,88,1,
177,2,14,2099,P,69,1,
177,2,14,2098,P,78,1,
177,2,14,2097,P,61,1,
177,2,14,2096,LH,29,1,
177,1,14,2095,R,74,1,
177,1,14,2094,R,93,1,
177,2,14,2102,P,53,1,
178,1,20,2118,R,125,1,
178,2,21,2126,R,93,1,
178,2,21,2125,R,78,1,
178,2,21,2124,R,75,1,
178,2,21,2123,R,138,1,
178,2,21,2122,R,125,1,
178,1,20,2121,R,78,1,
177,3,13,2109,P,52,1,
178,1,20,2119,R,138,1,
177,3,13,2110,LS,15,1,
178,1,20,2117,R,114,1,
178,1,20,2116,R,57,1,
178,1,20,2115,R,74,1,
178,1,20,2114,R,60,1,
178,1,20,2113,R,60,1,
178,1,20,2112,PY,50,1,
177,1,14,2091,P,60,1,
178,1,20,2120,R,118,1,
176,2,26,2065,LH,34,1,
177,1,14,2093,LS,20,1,
176,2,26,2072,AM,30,1,
176,2,26,2071,LH,27,1,
176,2,26,2070,LH,30,1,
176,2,26,2069,LH,41,1,
176,2,26,2068,AM,43,1,
176,3,26,2074,R,89,1,
176,2,26,2066,LH,42,1,
176,3,26,2075,R,92,1,
176,2,26,2064,R,71,1,
176,2,26,2063,R,65,1,
176,2,26,2062,AM,43,1,
176,2,26,2061,R,26,1,
176,2,26,2060,R,100,1,
176,2,26,2059,R,52,1,
174,2,13,1985,AM,60,1,
176,2,26,2067,PN,27,1,
176,3,26,2083,PN,20,1,
176,1,26,2057,AM,45,1,
177,1,14,2090,G,50,1,
177,1,14,2089,P,63,1,
177,1,14,2088,P,76,1,
177,1,14,2087,P,62,1,
177,1,14,2086,P,71,1,
176,3,26,2073,R,71,1,
176,3,26,2084,MT,19,1,
177,1,14,2092,LH,50,1,
176,3,26,2082,LH,33,1,
176,3,26,2081,LH,27,1,
176,3,26,2080,LH,37,1,
176,3,26,2079,LH,26,1,
176,3,26,2078,R,75,1,
176,3,26,2077,PN,21,1,
176,3,26,2076,AM,49,1,
177,1,14,2085,P,92,1,
172,2,20,1888,PL,5,1,
172,3,20,1896,R,72,1,
172,3,20,1895,R,68,1,
172,3,20,1894,R,53,1,
172,3,20,1893,R,47,1,
172,3,20,1892,R,49,1,
172,3,20,1891,R,47,1,
173,2,27,1915,R,35,1,
172,2,20,1889,PL,5,1,
172,3,20,1899,R,79,1,
172,2,20,1887,PL,5,1,
172,2,20,1886,PL,5,1,
172,2,20,1885,PL,5,1,
172,2,20,1884,PL,5,1,
172,2,20,1883,PL,5,1,
172,2,20,1882,PL,5,1,
172,3,20,1890,R,63,1,
173,1,28,1906,R,90,1,
174,2,13,1987,PL,5,1,
173,2,27,1913,R,57,1,
173,2,27,1912,R,50,1,
173,2,27,1911,R,80,1,
173,2,27,1910,R,68,1,
173,1,28,1909,WS,105,1,
172,3,20,1897,R,60,1,
173,1,28,1907,R,113,1,
172,3,20,1898,R,44,1,
173,1,28,1905,R,100,1,
173,1,28,1904,R,64,1,
173,1,28,1903,R,95,1,
172,3,20,1902,PN,30,1,
172,3,20,1901,A,57,1,
172,3,20,1900,R,82,1,
172,2,20,1879,LH,35,1,
173,1,28,1908,LS,16,1,
171,3,13,1853,R,83,1,
172,2,20,1881,PL,5,1,
172,1,22,1860,LH,41,1,
172,1,22,1859,WS,70,1,
172,1,22,1858,LS,86,1,
171,3,13,1857,PL,34,1,
171,3,13,1856,PO,32,1,
172,1,22,1862,R,89,1,
171,3,13,1854,R,80,1,
172,1,22,1863,R,73,1,
171,3,13,1852,R,20,1,
171,3,13,1851,R,54,1,
171,3,13,1850,R,81,1,
171,3,13,1849,R,50,1,
171,3,13,1848,R,101,1,
171,2,15,1847,A,48,1,
151,0,0,1278,303,50,1,
171,3,13,1855,R,66,1,
172,2,20,1871,R,90,1,
173,3,27,1916,R,85,1,
172,2,20,1878,P,47,1,
172,2,20,1877,R,57,1,
172,2,20,1876,R,72,1,
172,2,20,1875,R,50,1,
172,2,20,1874,R,50,1,
172,1,22,1861,LH,37,1,
172,2,20,1872,R,45,1,
172,2,20,1880,PL,5,1,
172,2,20,1870,LS,45,1,
172,2,20,1869,LS,65,1,
172,1,22,1868,R,58,1,
172,1,22,1867,R,21,1,
172,1,22,1866,R,55,1,
172,1,22,1865,R,48,1,
172,1,22,1864,R,99,1,
172,2,20,1873,R,90,1,
174,1,12,1959,R,49,1,
174,1,12,1967,PL,5,1,
174,1,12,1966,GP,114,1,
174,1,12,1965,R,80,1,
174,1,12,1964,R,98,1,
174,1,12,1963,R,77,1,
174,1,12,1962,R,67,1,
173,2,27,1914,R,67,1,
174,1,12,1960,R,58,1,
174,2,13,1970,R,100,1,
174,1,12,1958,R,103,1,
174,1,12,1957,R,115,1,
174,1,12,1956,R,89,1,
174,1,12,1955,R,117,1,
174,1,12,1954,R,65,1,
174,1,12,1953,R,85,1,
174,1,12,1961,R,85,1,
174,2,13,1977,R,122,1,
178,2,21,2129,R,94,1,
174,2,13,1984,AM,80,1,
174,2,13,1983,AM,77,1,
174,2,13,1982,AM,75,1,
174,2,13,1981,AM,82,1,
174,2,13,1980,R,103,1,
174,2,13,1968,R,95,1,
174,2,13,1978,R,89,1,
174,2,13,1969,R,43,1,
174,2,13,1976,R,58,1,
174,2,13,1975,R,75,1,
174,2,13,1974,R,73,1,
174,2,13,1973,R,93,1,
174,2,13,1972,R,60,1,
174,2,13,1971,R,59,1,
174,1,12,1950,R,80,1,
174,2,13,1979,R,90,1,
173,3,27,1924,R,94,1,
174,1,12,1952,R,68,1,
173,3,27,1931,PN,22,1,
173,3,27,1930,LS,38,1,
173,3,27,1929,A,58,1,
173,3,27,1928,A,47,1,
173,3,27,1927,A,33,1,
174,1,12,1933,AM,64,1,
173,3,27,1925,R,80,1,
174,1,12,1934,AM,55,1,
173,3,27,1923,R,113,1,
173,3,27,1922,R,100,1,
173,3,27,1921,R,68,1,
173,3,27,1920,R,65,1,
173,3,27,1919,R,115,1,
173,3,27,1918,R,65,1,
173,3,27,1917,R,66,1,
173,3,27,1926,R,60,1,
174,1,12,1942,R,103,1,
174,2,13,1986,WS,93,1,
174,1,12,1949,R,70,1,
174,1,12,1948,R,95,1,
174,1,12,1947,R,95,1,
174,1,12,1946,R,104,1,
174,1,12,1945,R,98,1,
173,3,27,1932,PN,63,1,
174,1,12,1943,R,16,1,
174,1,12,1951,R,105,1,
174,1,12,1941,R,101,1,
174,1,12,1940,R,112,1,
174,1,12,1939,LS,40,1,
174,1,12,1938,PN,15,1,
174,1,12,1937,PO,35,1,
174,1,12,1936,AM,65,1,
174,1,12,1935,AM,56,1,
174,1,12,1944,MT,5,1,
183,3,13,2313,AG,40,1,
183,3,13,2321,AG,48,1,
183,3,13,2320,AG,45,1,
183,3,13,2319,AG,45,1,
183,3,13,2318,LS,10,1,
183,3,13,2317,AG,38,1,
183,3,13,2316,AG,61,1,
184,1,18,2340,AG,35,1,
183,3,13,2314,AG,54,1,
183,3,13,2324,AG,38,1,
183,3,13,2312,AG,38,1,
183,3,13,2311,AG,47,1,
183,3,13,2310,AG,27,1,
183,3,13,2309,AG,48,1,
183,3,13,2308,AG,53,1,
183,3,13,2307,AG,52,1,
183,3,13,2315,AG,45,1,
184,1,18,2331,AG,47,1,
181,3,18,2270,R,29,1,
184,1,18,2338,AG,43,1,
184,1,18,2337,AG,41,1,
184,1,18,2336,AG,42,1,
184,1,18,2335,AG,38,1,
184,1,18,2334,AG,41,1,
183,3,13,2322,AG,34,1,
184,1,18,2332,AG,49,1,
183,3,13,2323,AG,16,1,
184,1,18,2330,AG,40,1,
184,1,18,2329,AG,33,1,
184,1,18,2328,R,105,1,
184,1,18,2327,R,152,1,
184,1,18,2326,R,80,1,
184,1,18,2325,R,105,1,
183,3,13,2304,AG,55,1,
184,1,18,2333,AG,46,1,
183,1,13,2278,AG,37,1,
183,3,13,2306,AG,43,1,
183,1,13,2285,LS,15,1,
183,1,13,2284,AG,33,1,
183,1,13,2283,AG,37,1,
183,1,13,2282,AG,43,1,
183,1,13,2281,AG,46,1,
183,1,13,2287,AG,52,1,
183,1,13,2279,AG,44,1,
183,1,13,2288,AG,43,1,
182,3,25,2277,AM,81,1,
182,1,24,2276,R,64,1,
182,1,24,2275,A,,1,no measurement
181,3,18,2274,A,68,1,
181,3,18,2273,R,18,1,
181,3,18,2272,R,20,1,
178,2,21,2127,R,135,1,
183,1,13,2280,AG,45,1,
183,2,12,2296,AG,44,1,
184,1,18,2341,AG,40,1,
183,2,12,2303,AG,17,1,
183,2,12,2302,LS,51,1,
183,2,12,2301,AG,41,1,
183,2,12,2300,AG,34,1,
183,2,12,2299,AG,38,1,
183,1,13,2286,AG,54,1,
183,2,12,2297,AG,46,1,
183,3,13,2305,AG,41,1,
183,2,12,2295,AG,35,1,
183,2,12,2294,AG,43,1,
183,2,12,2293,AG,47,1,
183,2,12,2292,AG,45,1,
183,2,12,2291,AG,43,1,
183,1,13,2290,AG,46,1,
183,1,13,2289,AG,42,1,
183,2,12,2298,AG,56,1,
185,3,27,2384,AG,57,1,
186,1,12,2427,AM,49,1,
186,1,12,2426,AM,58,1,
186,1,12,2425,WS,79,1,
186,1,12,2424,R,89,1,
186,1,12,2423,R,120,1,"""Number"" sequence out of order for this HKey because quadrats were out of order on datasheets and quadrat # was corrected after data entry"
185,3,27,2387,LS,8,1,
184,1,18,2339,AG,38,1,
185,3,27,2385,AG,48,1,
186,1,12,2430,MT,24,1,
185,3,27,2383,LS,30,1,
185,3,27,2382,PN,17,1,
185,3,27,2381,LS,80,1,
185,3,27,2380,R,133,1,
185,2,28,2379,LS,20,1,
185,2,28,2378,AG,51,1,
185,3,27,2386,AG,46,1,
186,2,13,2418,R,58,1,
186,3,12,2391,R,27,1,
186,3,12,2390,R,133,1,
186,3,12,2389,R,102,1,
186,3,12,2388,R,127,1,
186,2,13,2422,MT,11,1,
186,2,13,2421,PN,15,1,
186,1,12,2428,AM,73,1,
186,2,13,2419,WS,84,1,
186,1,12,2429,LS,29,1,
186,2,13,2417,MT,7,1,
186,2,13,2416,LS,33,1,
186,2,13,2415,WS,112,1,
186,1,12,2433,MT,27,1,
186,1,12,2432,MT,63,1,
186,1,12,2431,MT,73,1,
185,2,28,2375,MT,8,1,
186,2,13,2420,AM,53,1,
184,2,18,2349,R,46,1,
185,2,28,2377,AG,37,1,
184,2,18,2356,AG,57,1,
184,2,18,2355,AG,43,1,
184,2,18,2354,PN,29,1,
184,2,18,2353,R,80,1,
184,2,18,2352,R,126,1,
184,2,18,2358,MT,13,1,
184,2,18,2350,R,85,1,
184,2,18,2359,R,17,1,
184,2,18,2348,R,99,1,
184,2,18,2347,R,81,1,
184,2,18,2346,R,105,1,
184,1,18,2345,LS,10,1,
184,1,18,2344,R,24,1,
184,1,18,2343,AG,36,1,
184,1,18,2342,AG,32,1,
184,2,18,2351,R,46,1,
184,3,19,2367,R,41,1,
181,3,18,2269,AG,63,1,
185,1,27,2374,AG,39,1,
185,1,27,2373,AG,48,1,
185,1,27,2372,AG,45,1,
185,1,27,2371,AG,44,1,
185,1,27,2370,AG,62,1,
184,2,18,2357,AG,49,1,
184,3,19,2368,AG,45,1,
185,2,28,2376,R,90,1,
184,3,19,2366,R,20,1,
184,3,19,2365,R,127,1,
184,3,19,2364,R,86,1,
184,3,19,2363,AG,42,1,
184,3,19,2362,AG,44,1,
184,2,18,2361,AG,44,1,
184,2,18,2360,AG,50,1,
184,3,19,2369,AG,43,1,
179,2,24,2171,R,126,1,
179,2,24,2179,A,102,1,
179,2,24,2178,P,73,1,
179,2,24,2177,R,147,1,
179,2,24,2176,R,101,1,
179,2,24,2175,R,88,1,
179,2,24,2174,R,91,1,
180,1,11,2198,AG,55,1,
179,2,24,2172,R,72,1,
179,3,25,2182,R,94,1,
179,2,24,2170,G,41,1,
179,1,25,2169,PO,74,1,
179,1,25,2168,PO,66,1,
179,1,25,2167,P,85,1,
179,1,25,2166,P,70,1,
179,1,25,2165,P,80,1,
179,2,24,2173,R,51,1,
179,3,25,2189,A,132,1,
181,3,18,2271,A,72,1,
179,3,25,2196,R,83,1,
179,3,25,2195,R,85,1,
179,3,25,2194,R,105,1,
179,3,25,2193,SO,18,1,
179,3,25,2192,P,71,1,
179,3,25,2180,R,116,1,
179,3,25,2190,P,101,1,
179,3,25,2181,R,126,1,
179,3,25,2188,R,115,1,
179,3,25,2187,R,70,1,
179,3,25,2186,R,80,1,
179,3,25,2185,R,101,1,
179,3,25,2184,R,110,1,
179,3,25,2183,R,128,1,
179,1,25,2162,P,78,1,
179,3,25,2191,P,70,1,
178,2,21,2136,R,145,1,
179,1,25,2164,P,68,1,
178,3,21,2143,R,90,1,
178,3,21,2142,R,65,1,
178,3,21,2141,R,85,1,
178,3,21,2140,R,110,1,
178,2,21,2139,MT,12,1,
178,3,21,2145,R,80,1,
178,2,21,2137,R,71,1,
178,3,21,2146,R,95,1,
178,2,21,2135,RA,72,1,
178,2,21,2134,HR,13,1,
178,2,21,2133,P,75,1,
178,2,21,2132,R,115,1,
178,2,21,2131,R,97,1,
178,2,21,2130,R,76,1,
171,2,15,1844,R,60,1,
178,2,21,2138,R,58,1,
179,1,25,2154,R,95,1,
180,1,11,2199,AG,53,1,
179,1,25,2161,P,73,1,
179,1,25,2160,P,72,1,
179,1,25,2159,G,75,1,
179,1,25,2158,PY,40,1,
179,1,25,2157,R,105,1,
178,3,21,2144,R,132,1,
179,1,25,2155,R,77,1,
179,1,25,2163,P,83,1,
179,1,25,2153,R,120,1,
179,1,25,2152,R,134,1,
179,1,25,2151,R,93,1,
179,1,25,2150,R,87,1,
179,1,25,2149,R,87,1,
178,3,21,2148,HR,20,1,
178,3,21,2147,R,55,1,
179,1,25,2156,R,70,1,
181,1,19,2242,AG,51,1,
181,2,18,2250,AM,81,1,
181,2,18,2249,R,92,1,
181,2,18,2248,A,74,1,
181,2,18,2247,A,49,1,
181,1,19,2246,R,25,1,
181,1,19,2245,AG,50,1,
180,1,11,2197,PY,30,1,
181,1,19,2243,AG,49,1,
181,2,18,2253,AG,51,1,
181,1,19,2241,AG,62,1,
181,1,19,2240,R,123,1,
347,3,9,5042,P,54,1,
180,3,13,2238,R,75,1,
353,2,12,5273,R,36,1,
180,3,13,2236,R,41,1,
181,1,19,2244,AG,53,1,
181,2,18,2260,AG,45,1,
181,3,18,2268,R,,1,no measurement
181,3,18,2267,R,,1,no measurement
181,3,18,2266,R,,1,no measurement
181,3,18,2265,R,129,1,
181,3,18,2264,FE,119,1,
181,3,18,2263,FE,127,1,
181,2,18,2251,HR,16,1,
181,3,18,2261,A,,1,no measurement
181,2,18,2252,AM,41,1,
181,2,18,2259,A,,1,no measurement
181,2,18,2258,A,,1,no measurement
181,2,18,2257,A,,1,no measurement
181,2,18,2256,AG,51,1,
181,2,18,2255,AG,48,1,
181,2,18,2254,AG,55,1,
180,3,13,2233,A,75,1,
181,3,18,2262,A,,1,no measurement
180,1,11,2207,AG,13,1,
180,3,13,2235,R,65,1,
180,2,13,2214,AG,48,1,
180,2,13,2213,AG,13,1,
180,2,13,2212,AG,48,1,
180,2,13,2211,AG,48,1,
180,1,11,2210,MT,54,1,
180,3,13,2216,AG,46,1,
180,1,11,2208,AG,13,1,
180,3,13,2217,AG,57,1,
180,1,11,2206,AG,13,1,
180,1,11,2205,AG,16,1,
180,1,11,2204,AG,16,1,
180,1,11,2203,AG,14,1,
180,1,11,2202,AG,12,1,
180,1,11,2201,AG,15,1,
180,1,11,2200,AG,49,1,
180,1,11,2209,AG,13,1,
180,3,13,2225,AG,16,1,
178,2,21,2128,R,125,1,
180,3,13,2232,A,60,1,
180,3,13,2231,A,90,1,
180,3,13,2230,PN,30,1,
180,3,13,2229,AG,47,1,
180,3,13,2228,AG,46,1,
180,2,13,2215,AG,18,1,
180,3,13,2226,AG,43,1,
180,3,13,2234,R,62,1,
180,3,13,2224,AG,15,1,
180,3,13,2223,AG,13,1,
180,3,13,2222,AG,11,1,
180,3,13,2221,AG,52,1,
180,3,13,2220,AG,46,1,
180,3,13,2219,AG,45,1,
180,3,13,2218,AG,47,1,
180,3,13,2227,AG,13,1,
162,2,14,1463,R,70,1,
162,3,14,1471,R,54,1,
162,3,14,1470,R,73,1,
162,2,14,1469,AG,45,1,
162,2,14,1468,AG,38,1,
162,2,14,1467,LH,40,1,
162,2,14,1466,AG,46,1,
162,2,14,1456,R,68,1,
162,2,14,1464,AG,36,1,
162,3,14,1474,R,84,1,
162,2,14,1462,R,57,1,
162,2,14,1461,R,56,1,
162,2,14,1460,R,78,1,
162,2,14,1459,R,75,1,
162,2,14,1458,R,128,1,
171,2,15,1846,R,77,1,
162,2,14,1465,AG,47,1,
162,3,14,1481,AG,52,1,
163,1,17,1489,AG,44,1,
163,1,17,1488,AG,38,1,
163,1,17,1487,AG,40,1,
163,1,17,1486,AG,44,1,
163,1,17,1485,AG,41,1,
162,3,14,1484,AG,55,1,
162,3,14,1472,R,68,1,
162,3,14,1482,AG,51,1,
162,3,14,1473,R,67,1,
162,3,14,1480,AG,43,1,
162,3,14,1479,AG,42,1,
162,3,14,1478,R,81,1,
162,3,14,1477,R,59,1,
162,3,14,1476,R,93,1,
162,3,14,1475,R,71,1,
162,2,14,1455,R,45,1,
162,3,14,1483,AG,43,1,
161,2,28,1428,AM,61,1,
161,3,27,1436,R,106,1,
161,3,27,1435,R,94,1,
161,3,27,1434,R,97,1,
161,3,27,1433,R,77,1,
161,3,27,1432,R,96,1,
161,3,27,1431,R,80,1,
162,2,14,1457,R,77,1,
161,2,28,1429,PN,9,1,
161,3,27,1439,LH,49,1,
161,2,28,1427,MT,17,1,
161,2,28,1426,R,84,1,
161,2,28,1425,R,101,1,
161,2,28,1424,PN,26,1,
161,2,28,1423,R,91,1,
161,2,28,1422,R,80,1,
161,2,28,1430,A,,1,No measurement
162,1,17,1446,R,79,1,
162,1,17,1454,LH,49,1,
162,1,17,1453,PY,77,1,
162,1,17,1452,LH,46,1,
162,1,17,1451,R,71,1,
162,1,17,1450,R,52,1,
162,1,17,1449,R,69,1,
161,3,27,1437,R,106,1,
162,1,17,1447,R,93,1,
161,3,27,1438,PN,10,1,
162,1,17,1445,R,108,1,
161,3,27,1444,A,160,1,
161,3,27,1443,MT,6,1,
161,3,27,1442,LH,32,1,
161,3,27,1441,LH,50,1,
161,3,27,1440,LH,59,1,
163,1,17,1492,AG,40,1,
162,1,17,1448,R,85,1,
164,2,25,1534,R,80,1,
164,3,26,1542,LH,45,1,
164,3,26,1541,LS,49,1,
164,3,26,1540,HR,14,1,
164,3,26,1539,AG,40,1,
164,3,26,1538,AG,42,1,
164,3,26,1537,AG,40,1,
163,1,17,1490,AG,52,1,
164,2,25,1535,LS,66,1,
164,3,26,1545,R,92,1,
164,2,25,1533,AG,15,1,
164,2,25,1532,AG,46,1,
164,1,25,1531,R,67,1,
164,1,25,1530,R,70,1,
164,1,25,1529,LS,55,1,
163,3,19,1528,AG,40,1,
164,3,26,1536,AG,40,1,
165,1,13,1552,R,73,1,
165,1,13,1560,AG,30,1,
165,1,13,1559,AG,29,1,
165,1,13,1558,AG,32,1,
165,1,13,1557,PO,31,1,
165,1,13,1556,R,46,1,
165,1,13,1555,R,47,1,
164,3,26,1543,R,90,1,
165,1,13,1553,R,42,1,
164,3,26,1544,R,110,1,
165,1,13,1551,R,47,1,
165,1,13,1550,R,145,1,
165,1,13,1549,R,62,1,
165,1,13,1548,R,58,1,
165,1,13,1547,R,64,1,
164,3,26,1546,R,63,1,
163,3,19,1525,AG,40,1,
165,1,13,1554,R,36,1,
163,1,17,1499,R,68,1,
163,3,19,1527,AG,37,1,
163,2,19,1506,R,54,1,
163,2,19,1505,R,26,1,
163,2,19,1504,R,73,1,
163,1,17,1503,R,30,1,
163,1,17,1502,R,73,1,
163,2,19,1508,R,70,1,
163,1,17,1500,R,70,1,
163,2,19,1509,AG,35,1,
163,1,17,1498,AG,42,1,
163,1,17,1497,AG,42,1,
163,1,17,1496,AG,41,1,
163,1,17,1495,AG,40,1,
163,1,17,1494,AG,41,1,
163,1,17,1493,AG,39,1,
161,2,28,1419,FE,147,1,
163,1,17,1501,R,85,1,
163,3,19,1517,R,78,1,
163,1,17,1491,AG,40,1,
163,3,19,1524,AG,38,1,
163,3,19,1523,AG,45,1,
163,3,19,1522,AG,45,1,
163,3,19,1521,AG,46,1,
163,3,19,1520,AG,45,1,
163,2,19,1507,R,80,1,
163,3,19,1518,R,74,1,
163,3,19,1526,AG,43,1,
163,3,19,1516,LS,10,1,
163,2,19,1515,LH,42,1,
163,2,19,1514,AG,42,1,
163,2,19,1513,AG,44,1,
163,2,19,1512,AG,46,1,
163,2,19,1511,AG,40,1,
163,2,19,1510,AG,38,1,
163,3,19,1519,AG,43,1,
157,1,16,1322,AG,41,1,
157,2,15,1330,R,83,1,
157,2,15,1329,R,69,1,
157,1,16,1328,LH,70,1,
157,1,16,1327,A,40,1,
157,1,16,1326,HR,,1,Seastars measured tip to tip in this quadrat  35 mm
157,1,16,1325,HR,,1,Seastars measured tip to tip in this quadrat  60 mm
158,2,24,1349,P,24,1,
157,1,16,1323,AM,,1,Seastars measured tip to tip in this quadrat  94 mm
157,2,15,1333,AG,30,1,
157,1,16,1321,AG,41,1,
156,3,10,1320,PO,,1,Seastars measured tip to tipin this quadrat 116 mm
156,3,10,1319,PO,,1,Seastars measured tip to tip in this quadrat  122 mm
156,3,10,1318,PO,,1,Seastars measured tip to tip in this quadrat 147 mm
156,3,10,1317,A,92,1,
156,3,10,1316,A,77,1,
157,1,16,1324,AM,,1,Seastars measured tip to tip in this quadrat  107 mm
157,3,19,1340,AG,37,1,
161,2,28,1421,PN,22,1,
158,2,24,1347,PO,15,1,Seastars measured by central disk size from now on
158,1,24,1346,P,32,1,
158,1,24,1345,R,66,1,
158,1,24,1344,R,57,1,
158,1,24,1343,R,92,1,
157,2,15,1331,R,72,1,
157,3,19,1341,AG,20,1,
157,2,15,1332,LS,,1,Seastars measured tip to tip in this quadrat  27 mm
157,3,19,1339,AG,38,1,
157,3,19,1338,R,80,1,
157,3,19,1337,R,85,1,
157,3,19,1336,R,83,1,
157,3,19,1335,R,77,1,
157,2,15,1334,AG,45,1,
156,3,10,1313,R,123.5,1,
157,3,19,1342,LH,70,1,
156,1,12,1287,A,82.5,1,"Noted on algae sheet, not Quadrat measurement sheet"
156,3,10,1315,A,70.5,1,
156,1,12,1294,R,98,1,
156,1,12,1293,R,108.5,1,
156,1,12,1292,R,86,1,
156,1,12,1291,R,99.5,1,
156,1,12,1290,R,84,1,
156,1,12,1296,WS,70,1,
156,1,12,1288,A,82,1,"Noted on algae sheet, not Quadrat measurement sheet"
156,1,12,1297,AM,,1,Seastars measured tip to tip in this quadrat 140 mm
154,0,0,1189,516,50,1,
153,0,0,1186,466,150,1,
153,0,0,1184,466,150,1,
152,0,0,1285,407,250,1,
152,0,0,1284,303,150,1,
152,0,0,1282,426,250,1,
152,0,0,1281,303,50,1,
156,1,12,1289,R,83.4,1,
156,2,9,1305,AG,48,1,
158,2,24,1350,MT,4,1,
156,3,10,1312,R,54,1,
156,3,10,1311,R,119,1,
156,3,10,1310,R,57.5,1,
156,3,10,1309,R,5,1,
156,3,10,1308,R,85,1,
156,1,12,1295,R,104,1,
156,2,9,1306,A,88.5,1,
156,3,10,1314,R,90,1,
156,2,9,1304,PO,,1,Seastars measured tip to tip in this quadrat 117 mm
156,2,9,1303,R,124,1,
156,2,9,1302,R,78.5,1,
156,2,9,1301,R,80,1,
156,2,9,1300,R,85.5,1,
156,1,12,1299,LH,70,1,
156,1,12,1298,PO,,1,Seastars measured tip to tip in this quadrat 140 mm
156,3,10,1307,R,109.5,1,
160,1,17,1393,R,78,1,
160,2,18,1401,AG,44,1,
160,2,18,1400,AG,42,1,
160,2,18,1399,R,93,1,
160,2,18,1398,R,71,1,
160,1,17,1397,PN,,1,no measurement
160,1,17,1396,AM,65,1,
158,2,24,1348,R,84,1,
160,1,17,1394,R,71,1,
160,3,18,1404,R,74,1,
160,1,17,1392,R,79,1,
160,1,17,1391,R,80,1,
159,3,9,1390,A,102,1,
159,3,9,1389,R,81,1,
159,3,9,1388,R,66,1,
159,3,9,1387,R,94,1,
160,1,17,1395,AM,84,1,
161,1,28,1411,R,75,1,
165,1,13,1563,AG,24,1,
161,2,28,1418,R,71,1,
161,2,28,1417,R,93,1,
161,2,28,1416,R,101,1,
161,1,28,1415,AG,15,1,
161,1,28,1414,LH,26,1,
160,3,18,1402,R,71,1,
161,1,28,1412,PN,13,1,
160,3,18,1403,R,30,1,
161,1,28,1410,R,77,1,
161,1,28,1409,R,92,1,
161,1,28,1408,R,96,1,
161,1,28,1407,R,104,1,
160,3,18,1406,AG,29,1,
160,3,18,1405,LS,10,1,
159,3,9,1384,R,21,1,
161,1,28,1413,MT,6,1,
159,1,11,1358,LS,5,1,
159,3,9,1386,R,78,1,
159,1,11,1365,R,81,1,
159,1,11,1364,R,61,1,
159,1,11,1363,R,62,1,
159,1,11,1362,R,57,1,
159,1,11,1361,R,110,1,
159,1,11,1367,P,35,1,
159,1,11,1359,AM,65,1,
159,2,10,1368,A,97,1,
159,1,11,1357,LS,66,1,
158,3,23,1356,AG,42,1,
158,3,23,1355,AG,40,1,
158,3,23,1354,LH,52,1,
158,3,23,1353,R,69,1,
158,3,23,1352,R,79,1,
158,3,23,1351,R,75,1,
159,1,11,1360,LF,53,1,
159,2,10,1376,A,112,1,
161,2,28,1420,MT,48,1,
159,3,9,1383,R,119,1,
159,3,9,1382,R,118,1,
159,3,9,1381,R,113,1,
159,3,9,1380,R,95,1,
159,3,9,1379,R,86,1,
159,1,11,1366,R,62,1,
159,3,9,1377,R,81,1,
159,3,9,1385,R,100,1,
159,2,10,1375,A,89,1,
159,2,10,1374,A,100,1,
159,2,10,1373,A,117,1,
159,2,10,1372,R,49,1,
159,2,10,1371,R,120,1,
159,2,10,1370,R,132,1,
159,2,10,1369,R,83,1,
159,3,9,1378,R,120,1,
169,1,22,1747,R,104,1,
169,1,22,1755,R,89,1,
169,1,22,1754,R,91,1,
169,1,22,1753,R,57,1,
169,1,22,1752,R,53,1,
169,1,22,1751,R,100,1,
169,1,22,1750,R,82,1,
169,3,21,1773,AM,81,1,
169,1,22,1748,R,53,1,
169,1,22,1758,PN,22,1,
169,1,22,1746,A,75,1,
169,1,22,1745,R,94,1,
168,3,14,1744,GP,36,1,
168,3,14,1743,R,21,1,
168,3,14,1742,R,37,1,
168,3,14,1741,R,43,1,
169,1,22,1749,A,47,1,
169,2,22,1764,R,17,1,
168,1,13,1704,R,94,1,
169,3,21,1771,A,65,1,
169,2,22,1770,AM,85,1,
169,2,22,1769,PN,25,1,
169,2,22,1768,R,76,1,
169,2,22,1767,R,35,1,
169,1,22,1756,R,44,1,
169,2,22,1765,LH,45,1,
169,1,22,1757,A,64,1,
169,2,22,1763,R,35,1,
169,2,22,1762,R,87,1,
169,2,22,1761,A,64,1,
169,2,22,1760,A,52,1,
169,1,22,2871,LS,10,1,From Invertebrates Quadrat datasheet (Counts and %cover)
169,1,22,1759,A,,1,not measured
168,3,14,1738,R,47,1,
169,2,22,1766,PN,22,1,
168,1,13,1712,R,57,1,
168,3,14,1740,R,70,1,
168,1,13,1719,A,74,1,
168,1,13,1718,A,64,1,
168,1,13,1717,A,68,1,
168,1,13,1716,R,96,1,
168,1,13,1715,R,45,1,
168,1,13,1721,R,38,1,
168,1,13,1713,R,45,1,
168,2,13,1722,R,63,1,
168,1,13,1711,R,69,1,
168,1,13,1710,R,92,1,
168,1,13,1709,R,110,1,
168,1,13,1708,R,24,1,
168,1,13,1707,R,23,1,
168,1,13,1706,R,42,1,
165,1,13,1561,AG,36,1,
168,1,13,1714,R,40,1,
168,2,13,1730,R,54,1,
169,3,21,1774,R,79,1,
168,3,14,1737,R,23,1,
168,3,14,1736,R,61,1,
168,3,14,1735,R,54,1,
168,3,14,1734,A,84,1,
168,2,13,1733,R,53,1,
168,1,13,1720,GP,68,1,
168,2,13,1731,A,67,1,
168,3,14,1739,R,62,1,
168,2,13,1729,R,92,1,
168,2,13,1728,R,75,1,
168,2,13,1727,R,23,1,
168,2,13,1726,R,38,1,
168,2,13,1725,R,36,1,
168,2,13,1724,R,76,1,
168,2,13,1723,R,80,1,
168,2,13,1732,A,47,1,
171,1,13,1817,R,90,1,
171,1,13,1825,R,70,1,
171,1,13,1824,R,73,1,
171,1,13,1823,R,65,1,
171,1,13,1822,R,50,1,
171,1,13,1821,R,104,1,
171,1,13,1820,R,100,1,
169,3,21,1772,R,37,1,
171,1,13,1818,R,87,1,
171,1,13,1828,R,79,1,
171,1,13,1816,R,43,1,
170,3,28,1815,A,5,1,cryptic
170,3,28,1814,A,17,1,cryptic
170,3,28,1813,A,9,1,cryptic
170,3,28,1812,A,8,1,cryptic
170,3,28,1811,A,6,1,cryptic
171,1,13,1819,R,67,1,
171,1,13,1835,A,56,1,
171,2,15,1843,R,64,1,
171,2,15,1842,R,55,1,
171,2,15,1841,R,47,1,
171,2,15,1840,R,59,1,
171,2,15,1839,R,78,1,
171,2,15,1838,R,52,1,
171,1,13,1826,R,66,1,
171,1,13,1836,R,138,1,
171,1,13,1827,R,78,1,
171,1,13,1834,A,67,1,
171,1,13,1833,A,43,1,
171,1,13,1832,PO,50,1,
171,1,13,1831,WS,82,1,
171,1,13,1830,R,51,1,
171,1,13,1829,R,46,1,
170,3,28,1808,A,,1,Not measured
171,2,15,1837,R,60,1,
170,1,27,1782,R,68,1,
170,3,28,1810,A,5,1,cryptic
170,1,27,1789,R,70,1,
170,1,27,1788,R,74,1,
170,1,27,1787,LH,54,1,
170,1,27,1786,R,75,1,
170,1,27,1785,LH,52,1,
170,1,27,1791,A,51,1,
170,1,27,1783,R,78,1,
170,2,29,1792,R,110,1,
170,1,27,1781,R,71,1,
170,1,27,1780,R,67,1,
170,1,27,1779,LH,36,1,
169,3,21,1778,LH,25,1,
169,3,21,1777,LH,23,1,
169,3,21,1776,R,15,1,
169,3,21,1775,LH,32,1,
170,1,27,1784,A,52,1,
170,3,28,1800,R,73,1,
167,3,24,1703,AG,32,1,
170,3,28,1807,A,,1,Not measured
170,3,28,1806,A,35,1,
170,3,28,1805,A,15,1,cryptic
170,3,28,1804,A,25,1,
170,3,28,1803,R,109,1,
170,1,27,1790,R,23,1,
170,3,28,1801,R,92,1,
170,3,28,1809,PN,16,1,
170,3,28,1799,AM,60,1,
170,2,29,1798,R,76,1,
170,2,29,1797,AG,48,1,
170,2,29,1796,R,70,1,
170,2,29,1795,R,77,1,
170,2,29,1794,R,74,1,
170,2,29,1793,AG,31,1,
170,3,28,1802,R,32,1,
165,3,13,1605,AG,39,1,
166,1,21,1613,R,58,1,
166,1,21,1612,R,42,1,
166,1,21,1611,R,62,1,
166,1,21,1610,R,69,1,
166,1,21,1609,R,83,1,
166,1,21,1608,R,89,1,
166,1,21,1632,AG,33,1,
165,3,13,1606,AG,29,1,
166,1,21,1616,LS,90,1,
165,3,13,1604,AG,27,1,
165,3,13,1603,AG,25,1,
165,3,13,1602,AG,31,1,
165,3,13,1601,AG,34,1,
165,3,13,1600,R,96,1,
165,3,13,1599,R,101,1,
166,1,21,1607,R,43,1,
166,1,21,1623,AG,30,1,
168,1,13,1705,R,74,1,
166,1,21,1630,AG,29,1,
166,1,21,1629,AG,29,1,
166,1,21,1628,AG,34,1,
166,1,21,1627,AG,29,1,
166,1,21,1626,AG,25,1,
166,1,21,1614,R,63,1,
166,1,21,1624,AG,35,1,
166,1,21,1615,R,52,1,
166,1,21,1622,AG,22,1,
166,1,21,1621,AG,22,1,
166,1,21,1620,AG,22,1,
166,1,21,1619,AG,38,1,
166,1,21,1618,LH,38,1,
166,1,21,1617,LH,40,1,
165,3,13,1596,R,80,1,
166,1,21,1625,AG,28,1,
165,2,13,1570,R,55,1,
165,3,13,1598,R,90,1,
165,2,13,1577,R,79,1,
165,2,13,1576,R,53,1,
165,2,13,1575,R,97,1,
165,2,13,1574,R,44,1,
165,2,13,1573,R,32,1,
165,2,13,1579,AG,31,1,
165,2,13,1571,R,75,1,
165,2,13,1580,AG,28,1,
165,2,13,1569,R,66,1,
165,2,13,1568,R,71,1,
165,2,13,1567,R,75,1,
165,2,13,1566,R,71,1,
165,2,13,1565,R,52,1,
165,1,13,1564,AG,26,1,
186,3,12,2392,R,123,1,
165,2,13,1572,R,36,1,
165,3,13,1588,R,90,1,
166,1,21,1633,AG,34,1,
165,3,13,1595,R,98,1,
165,3,13,1594,R,49,1,
165,3,13,1593,R,54,1,
165,3,13,1592,R,116,1,
165,3,13,1591,R,75,1,
165,2,13,1578,AG,34,1,
165,3,13,1589,R,54,1,
165,3,13,1597,R,98,1,
165,2,13,1587,AG,23,1,
165,2,13,1586,AG,27,1,
165,2,13,1585,AG,29,1,
165,2,13,1584,AG,27,1,
165,2,13,1583,AG,28,1,
165,2,13,1582,AG,28,1,
165,2,13,1581,AG,25,1,
165,3,13,1590,R,49,1,
166,3,20,1676,A,30,1,
167,1,25,1684,AG,30,1,
167,1,25,1683,R,53,1,
167,1,25,1682,R,67,1,
167,1,25,1681,R,26,1,
167,1,25,1680,R,59,1,
167,1,25,1679,R,50,1,
166,1,21,1631,AG,33,1,
166,3,20,1677,LS,70,1,
167,2,25,1687,R,55,1,
166,3,20,1675,A,35,1,
166,3,20,1674,A,30,1,
166,3,20,1673,A,35,1,
166,3,20,1672,A,35,1,
166,3,20,1671,R,70,1,
166,3,20,1670,R,66,1,
166,3,20,1678,VC,46,1,
167,3,24,1694,R,60,1,
167,3,24,1702,AG,35,1,
167,3,24,1701,AG,30,1,
167,3,24,1700,AG,32,1,
167,3,24,1699,AG,28,1,
167,3,24,1698,AG,37,1,
167,3,24,1697,AG,36,1,
167,1,25,1685,MT,10,1,
167,3,24,1695,R,64,1,
167,1,25,1686,AG,45,1,
167,3,24,1693,R,58,1,
167,2,25,1692,R,60,1,
167,2,25,1691,R,55,1,
167,2,25,1690,R,55,1,
167,2,25,1689,R,83,1,
167,2,25,1688,R,65,1,
166,3,20,1667,R,81,1,
167,3,24,1696,R,60,1,
166,2,20,1641,R,70,1,
166,3,20,1669,R,75,1,
166,2,20,1648,LH,28,1,
166,2,20,1647,LH,33,1,
166,2,20,1646,LH,37,1,
166,2,20,1645,AG,36,1,
166,2,20,1644,AG,32,1,
166,3,20,1650,P,40,1,
166,2,20,1642,AG,34,1,
166,3,20,1651,HR,17,1,
166,2,20,1640,R,68,1,
166,2,20,1639,R,58,1,
166,1,21,1638,AG,33,1,
166,1,21,1637,AG,33,1,
166,1,21,1636,AG,32,1,
166,1,21,1635,AG,28,1,
166,1,21,1634,AG,27,1,
166,2,20,1643,AG,25,1,
166,3,20,1659,R,60,1,
165,1,13,1562,AG,25,1,
166,3,20,1666,R,32,1,
166,3,20,1665,R,52,1,
166,3,20,1664,R,38,1,
166,3,20,1663,R,64,1,
166,3,20,1662,R,62,1,
166,2,20,1649,A,20,1,
166,3,20,1660,R,82,1,
166,3,20,1668,R,63,1,
166,3,20,1658,R,48,1,
166,3,20,1657,R,47,1,
166,3,20,1656,AG,30,1,
166,3,20,1655,AG,39,1,
166,3,20,1654,AG,35,1,
166,3,20,1653,AG,32,1,
166,3,20,1652,HR,20,1,
166,3,20,1661,R,47,1,
410,3,10,6124,R,74,1,
410,3,10,6132,LH,28,1,
410,3,10,6131,P,60,1,
410,3,10,6130,P,58,1,
410,3,10,6129,AM,8,1,
410,3,10,6128,R,14,1,
410,3,10,6127,R,115,1,
410,3,10,6117,R,69,1,
410,3,10,6125,R,116,1,
410,3,10,6135,AG,46,1,
410,3,10,6123,R,102,1,
410,3,10,6122,R,80,1,
410,3,10,6121,R,111,1,
410,3,10,6120,R,128,1,
410,3,10,6119,R,108,1,
630,1,23,9600,R,84,1,
410,3,10,6126,R,51,1,
411,1,16,6142,AG,48,1,
411,1,16,6150,AG,43,1,
411,1,16,6149,AG,41,1,
411,1,16,6148,AG,38,1,
411,1,16,6147,AG,45,1,
411,1,16,6146,AG,44,1,
411,1,16,6145,AG,46,1,
410,3,10,6133,LS,44,1,
411,1,16,6143,AG,48,1,
410,3,10,6134,AG,48,1,
411,1,16,6141,AG,46,1,
410,3,10,6140,AG,49,1,
410,3,10,6139,AG,51,1,
410,3,10,6138,AG,53,1,
410,3,10,6137,AG,58,1,
410,3,10,6136,AG,55,1,
410,3,10,6116,R,106,1,
411,1,16,6144,AG,48,1,
410,1,10,6089,P,58,1,
410,1,10,6097,AG,52,1,
410,1,10,6096,AG,45,1,
410,1,10,6095,AG,51,1,
410,1,10,6094,AG,51,1,
410,1,10,6093,AG,49,1,
410,1,10,6092,AG,57,1,
410,3,10,6118,R,69,1,
410,1,10,6090,PO,45,1,
410,1,10,6100,AG,57,1,
410,1,10,6088,A,53,1,
410,1,10,6087,R,67,1,
410,1,10,6086,R,57,1,
409,0,0,6081,461,300,1,
409,0,0,6080,465,350,1,
619,2,22,9215,A,61,1,
410,1,10,6091,AG,47,1,
410,2,10,6107,LS,52,1,
410,2,10,6115,PN,27,1,
410,2,10,6114,AG,52,1,
410,2,10,6113,AG,50,1,
410,2,10,6112,AG,47,1,
410,2,10,6111,P,61,1,
410,2,10,6110,P,63,1,
410,1,10,6098,AG,50,1,
410,2,10,6108,P,72,1,
410,1,10,6099,AG,51,1,
410,2,10,6106,R,64,1,
410,2,10,6105,R,118,1,
410,2,10,6104,R,75,1,
410,2,10,6103,R,80,1,
410,2,10,6102,R,115,1,
410,2,10,6101,R,74,1,
411,1,16,6153,R,79,1,
410,2,10,6109,P,64,1,
413,1,17,6195,P,85,1,
413,2,17,6203,P,89,1,
413,2,17,6202,LS,26,1,
413,2,17,6201,R,22,1,
413,2,17,6200,R,95,1,
413,2,17,6199,R,85,1,
413,2,17,6198,R,97,1,
411,1,16,6151,R,55,1,
413,1,17,6196,HR,15,1,
413,3,17,6206,LH,28,1,
413,1,17,6194,P,76,1,
413,1,17,6193,LS,27,1,
413,1,17,6192,R,79,1,
413,1,17,6191,R,95,1,
413,1,17,6190,R,85,1,
412,3,14,6189,AG,45,1,
413,2,17,6197,R,124,1,
414,1,20,6213,R,80,1,
414,1,20,6221,R,112,1,
414,1,20,6220,R,12,1,
414,1,20,6219,R,10,1,
414,1,20,6218,R,23,1,
414,1,20,6217,R,10,1,
414,1,20,6216,R,25,1,
413,2,17,6204,P,70,1,
414,1,20,6214,R,114,1,
413,3,17,6205,HR,23,1,
413,3,17,6212,AM,5,1,
413,3,17,6211,LS,28,1,
413,3,17,6210,LS,16,1,
413,3,17,6209,G,50,1,
413,3,17,6208,LH,44,1,
413,3,17,6207,LH,21,1,
412,2,22,6186,LS,75,1,
414,1,20,6215,R,75,1,
411,2,17,6160,R,41,1,
412,3,14,6188,AG,36,1,
411,2,17,6167,AG,43,1,
411,2,17,6166,AG,52,1,
411,2,17,6165,AG,52,1,
411,2,17,6164,R,72,1,
411,2,17,6163,R,56,1,
411,2,17,6169,AG,40,1,
411,2,17,6161,R,72,1,
411,3,17,6170,R,71,1,
411,1,16,6159,WS,67,1,
411,1,16,6158,R,40,1,
411,1,16,6157,R,76,1,
411,1,16,6156,R,55,1,
411,1,16,6155,R,52,1,
411,1,16,6154,R,69,1,
630,1,23,9599,R,125,1,
411,2,17,6162,R,111,1,
411,3,17,6178,AG,40,1,
411,1,16,6152,R,53,1,
412,1,21,6185,AG,16,1,
412,1,21,6184,HR,17,1,
412,1,21,6183,R,97,1,
411,3,17,6182,AG,46,1,
411,3,17,6181,AG,42,1,
411,2,17,6168,AG,33,1,
411,3,17,6179,AG,44,1,
412,3,14,6187,R,85,1,
411,3,17,6177,AG,51,1,
411,3,17,6176,LH,51,1,
411,3,17,6175,P,62,1,
411,3,17,6174,R,43,1,
411,3,17,6173,R,26,1,
411,3,17,6172,R,79,1,
411,3,17,6171,R,71,1,
411,3,17,6180,AG,41,1,
627,2,12,9499,P,66,1,
627,2,12,9507,P,70,1,
627,2,12,9506,P,75,1,
627,2,12,9505,P,83,1,
627,2,12,9504,P,80,1,
627,2,12,9503,P,63,1,
627,2,12,9502,P,88,1,
621,1,16,9307,AG,37,1,
627,2,12,9500,P,80,1,
627,2,12,9510,P,53,1,
621,1,16,9313,AG,37,1,
621,1,16,9312,AG,33,1,
621,1,16,9311,AG,40,1,
621,1,16,9310,AG,35,1,
621,1,16,9309,AG,38,1,
630,1,23,9601,R,100,1,
627,2,12,9501,P,81,1,
627,2,12,9517,R,57,1,
627,3,13,9525,R,126,1,
627,3,13,9524,R,93,1,
627,3,13,9523,R,29,1,
627,3,13,9522,R,39,1,
627,2,12,9521,PT,34,1,
627,2,12,9520,PO,49,1,
627,2,12,9508,P,75,1,
627,2,12,9518,PO,46,1,
627,2,12,9509,P,61,1,
627,2,12,9516,R,53,1,
627,2,12,9515,R,47,1,
627,2,12,9514,R,76,1,
627,2,12,9513,R,92,1,
627,2,12,9512,R,105,1,
627,2,12,9511,R,75,1,
621,1,16,9306,AG,40,1,
627,2,12,9519,PO,42,1,
619,3,23,9222,AG,50,1,
620,1,28,9230,R,58,1,
620,1,28,9229,R,97,1,
620,1,28,9228,R,93,1,
620,1,28,9227,AM,96,1,
619,3,23,9226,LH,41,1,
619,3,23,9225,FE,146,1,
621,1,16,9308,AG,30,1,
619,3,23,9223,PN,26,1,
620,2,28,9233,R,63,1,
619,3,23,9221,AM,86,1,
619,3,23,9220,R,65,1,
619,3,23,9219,R,61,1,
619,3,23,9218,R,76,1,
619,3,23,9217,R,71,1,
641,3,29,10207,R,101,1,
619,3,23,9224,FE,200,1,
620,3,28,9240,R,67,1,
621,1,16,9305,AG,31,1,
621,1,16,9304,AG,50,1,
621,1,16,9303,AG,28,1,
621,1,16,9302,AG,37,1,
621,1,16,9301,AG,31,1,
621,1,16,9300,AG,46,1,
620,1,28,9231,PN,21,1,
620,3,28,9241,R,85,1,
620,2,28,9232,AM,59,1,
620,3,28,9239,R,90,1,
620,3,28,9238,R,88,1,
620,3,28,9237,R,70,1,
620,2,28,9236,PN,23,1,
620,2,28,9235,R,65,1,
620,2,28,9234,R,77,1,
627,3,13,9528,R,113,1,
621,1,16,9299,AG,33,1,
629,1,21,9572,P,81,1,
629,2,22,9580,R,122,1,
629,2,22,9579,P,20,1,
629,1,21,9578,A,87,1,
629,1,21,9577,PY,128,1,
629,1,21,9576,P,62,1,
629,1,21,9575,P,22,1,
627,3,13,9526,R,114,1,
629,1,21,9573,P,63,1,
629,2,22,9583,R,90,1,
629,1,21,9571,P,56,1,
629,1,21,9570,P,76,1,
629,1,21,9569,R,118,1,
629,1,21,9568,R,113,1,
629,1,21,9567,R,62,1,
629,1,21,9566,R,90,1,
629,1,21,9574,P,73,1,
629,3,21,9590,PO,49,1,
630,1,23,9598,R,87,1,
629,3,21,9597,WS,108,1,
629,3,21,9596,P,67,1,
629,3,21,9595,P,78,1,
629,3,21,9594,P,79,1,
629,3,21,9593,PO,50,1,
629,2,22,9581,R,112,1,
629,3,21,9591,PO,49,1,
629,2,22,9582,R,88,1,
629,3,21,9589,PO,42,1,
629,3,21,9588,R,97,1,
629,3,21,9587,R,76,1,
629,3,21,9586,R,118,1,
629,3,21,9585,R,67,1,
629,2,22,9584,R,131,1,
629,1,21,9563,R,129,1,
629,3,21,9592,PO,55,1,
627,3,13,9535,PO,40,1,
629,1,21,9565,R,123,1,
628,1,14,9543,PO,49,1,
628,1,14,9542,PO,49,1,
628,1,14,9541,PO,42,1,
628,1,14,9540,R,97,1,
628,1,14,9539,R,76,1,
628,1,14,9545,PO,50,1,
628,1,14,9537,R,67,1,
628,1,14,9546,P,79,1,
627,3,13,9534,R,24,1,
627,3,13,9533,R,55,1,
627,3,13,9532,R,18,1,
627,3,13,9531,R,99,1,
627,3,13,9530,R,44,1,
627,3,13,9529,R,64,1,
414,1,20,6224,WS,64,1,
628,1,14,9538,R,118,1,
628,3,15,9554,R,97,1,
627,3,13,9527,R,115,1,
628,3,15,9561,G,,1,
628,3,15,9560,PO,,1,
628,3,15,9559,R,49,1,
628,3,15,9558,R,90,1,
628,3,15,9557,R,98,1,
628,1,14,9544,PO,55,1,
628,3,15,9555,R,105,1,
629,1,21,9564,R,96,1,
628,2,15,9553,PO,,1,
628,2,15,9552,LS,70,1,
628,2,15,9551,R,87,1,
628,2,15,9550,R,105,1,
628,1,14,9549,WS,108,1,
628,1,14,9548,P,67,1,
628,1,14,9547,P,78,1,
628,3,15,9556,R,78,1,
624,1,7,9657,R,79,1,
624,2,8,9665,R,78,1,
624,2,8,9664,R,60,1,
624,2,8,9663,R,95,1,
624,2,8,9662,R,75,1,
624,2,8,9661,R,65,1,
624,2,8,9660,R,78,1,
630,3,23,9650,RA,62,1,
624,1,7,9658,R,64,1,
624,2,8,9668,R,143,1,
624,1,7,9656,R,61,1,
624,1,7,9655,R,62,1,
624,1,7,9654,R,64,1,
624,1,7,9653,R,75,1,
624,1,7,9652,R,75,1,
414,1,20,6222,LS,37,1,
624,1,7,9659,R,78,1,
624,2,8,9675,R,34,1,
631,1,22,9683,R,71,1,
631,1,22,9682,R,87,1,
624,3,8,9681,R,82,1,
624,3,8,9680,R,65,1,
624,3,8,9679,R,70,1,
624,3,8,9678,R,75,1,
624,2,8,9666,R,68,1,
624,2,8,9676,R,63,1,
624,2,8,9667,R,28,1,
624,2,8,9674,R,75,1,
624,2,8,9673,R,135,1,
624,2,8,9672,R,65,1,
624,2,8,9671,R,74,1,
624,2,8,9670,R,75,1,
624,2,8,9669,R,63,1,
630,3,23,9649,R,78,1,
624,3,8,9677,R,78,1,
630,2,17,9622,PO,44,1,
630,3,23,9630,LS,46,1,
630,3,23,9629,LS,31,1,
630,3,23,9628,LS,47,1,
630,3,23,9627,LS,25,1,
630,3,23,9626,LS,49,1,
630,3,23,9625,LS,97,1,
624,1,7,9651,R,75,1,
630,2,17,9623,WS,93,1,
630,3,23,9633,AM,71,1,
630,2,17,9621,PO,28,1,
630,2,17,9620,LS,20,1,
630,2,17,9619,LS,45,1,
630,2,17,9618,FE,170,1,
630,2,17,9617,R,114,1,
630,1,23,9616,R,,1,
630,2,17,9624,A,92,1,
630,3,23,9640,PO,56,1,
630,3,23,9648,R,68,1,
630,3,23,9647,R,33,1,
630,3,23,9646,R,111,1,
630,3,23,9645,R,108,1,
630,3,23,9644,WS,72,1,
630,3,23,9643,WS,78,1,
630,3,23,9631,LS,23,1,
630,3,23,9641,PO,70,1,
630,3,23,9632,AM,26,1,
630,3,23,9639,PO,53,1,
630,3,23,9638,PO,58,1,
630,3,23,9637,PO,65,1,
630,3,23,9636,PO,54,1,
630,3,23,9635,AM,65,1,
630,3,23,9634,AM,38,1,
506,0,0,7934,306,100,1,
630,3,23,9642,WS,106,1,
514,0,0,7991,461,150,1,
514,0,0,8002,479,40,1,
514,0,0,8001,365,120,1,
514,0,0,7997,465,300,1,
514,0,0,7996,461,300,1,
514,0,0,7995,461,220,1,
514,0,0,7994,461,210,1,
631,1,22,9684,R,57,1,
514,0,0,7992,461,180,1,
515,0,0,8009,466,100,1,
514,0,0,7990,407,120,1,
513,0,0,7989,479,50,1,
513,0,0,7988,479,40,1,
513,0,0,7986,365,80,1,
513,0,0,7984,407,220,1,
513,0,0,7983,462,170,1,
514,0,0,7993,461,200,1,
516,0,0,8024,462,180,1,
516,0,0,8033,407,200,1,
516,0,0,8032,426,200,1,
516,0,0,8031,431,150,1,
516,0,0,8030,479,80,1,
516,0,0,8029,479,50,1,
516,0,0,8027,426,250,1,
515,0,0,8003,461,100,1,
516,0,0,8025,466,150,1,
515,0,0,8006,461,250,1,
516,0,0,8023,312,220,1,
516,0,0,8022,312,150,1,
516,0,0,8019,306,180,1,
516,0,0,8015,461,280,1,
516,0,0,8013,461,180,1,
515,0,0,8010,333,100,1,
513,0,0,7980,461,250,1,
516,0,0,8026,426,200,1,
506,0,0,7941,365,120,1,
513,0,0,7982,426,250,1,
510,0,0,7953,466,80,1,
509,0,0,7952,306,100,1,
509,0,0,7951,461,300,1,
508,0,0,7949,516,50,1,
508,0,0,7948,407,200,1,
510,0,0,7956,466,250,1,
507,0,0,7942,461,300,1,
510,0,0,7957,461,250,1,
506,0,0,7940,407,300,1,
506,0,0,7939,407,250,1,
506,0,0,7938,461,100,1,
506,0,0,7937,461,400,1,
506,0,0,7936,461,300,1,
506,0,0,7935,306,120,1,
630,1,23,9613,RA,84,1,
508,0,0,7945,426,200,1,
512,0,0,7969,426,200,1,
631,1,22,9685,R,54,1,
512,0,0,7978,462,200,1,
512,0,0,7976,462,100,1,
512,0,0,7975,479,80,1,
512,0,0,7974,479,70,1,
512,0,0,7973,479,50,1,
510,0,0,7954,466,100,1,
512,0,0,7971,407,150,1,
513,0,0,7981,426,220,1,
512,0,0,7966,461,220,1,
512,0,0,7965,461,150,1,
512,0,0,7964,461,120,1,
511,0,0,7963,479,50,1,
511,0,0,7961,01P,70,1,
511,0,0,7959,01P,100,1,
511,0,0,7958,466,120,1,
512,0,0,7972,466,120,1,
415,1,22,6266,MT,29,1,
415,2,23,6274,P,74,1,
415,2,23,6273,R,90,1,
415,2,23,6272,R,83,1,
415,2,23,6271,R,118,1,
415,2,23,6270,R,110,1,
415,2,23,6269,R,133,1,
416,1,18,6293,R,33,1,
415,2,23,6267,R,100,1,
415,2,23,6277,P,77,1,
415,1,22,6265,LH,50,1,
415,1,22,6264,A,85,1,
415,1,22,6263,P,65,1,
415,1,22,6262,P,72,1,
415,1,22,6261,P,80,1,
415,1,22,6260,P,75,1,
415,2,23,6268,R,123,1,
415,3,23,6284,R,78,1,
630,1,23,9615,GA,129,1,
415,3,23,6291,MT,21,1,
415,3,23,6290,MT,20,1,
415,3,23,6289,P,71,1,
415,3,23,6288,P,74,1,
415,3,23,6287,P,63,1,
415,2,23,6275,P,65,1,
415,3,23,6285,PO,60,1,
415,2,23,6276,P,65,1,
415,3,23,6283,R,60,1,
415,3,23,6282,R,117,1,
415,3,23,6281,R,135,1,
415,3,23,6280,R,75,1,
415,3,23,6279,R,130,1,
415,2,23,6278,P,67,1,
415,1,22,6257,R,130,1,
415,3,23,6286,LH,46,1,
414,2,19,6231,P,63,1,
415,1,22,6259,P,70,1,
414,3,20,6238,AM,98,1,
414,3,20,6237,P,62,1,
414,3,20,6236,LH,40,1,
414,3,20,6235,LH,42,1,
414,3,20,6234,HR,18,1,
414,3,20,6240,R,22,1,
414,2,19,6232,A,70,1,
414,3,20,6241,R,122,1,
414,2,19,6230,P,40,1,
414,2,19,6229,R,75,1,
414,2,19,6228,R,84,1,
414,2,19,6227,R,100,1,
414,2,19,6226,R,145,1,
414,2,19,6225,R,112,1,
619,2,22,9214,R,69,1,
414,3,20,6233,FE,118,1,
415,1,22,6249,R,132,1,
416,1,18,6294,R,75,1,
415,1,22,6256,R,128,1,
415,1,22,6255,R,126,1,
415,1,22,6254,R,123,1,
415,1,22,6253,R,76,1,
415,1,22,6252,R,135,1,
414,3,20,6239,R,118,1,
415,1,22,6250,R,115,1,
415,1,22,6258,R,82,1,
415,1,22,6248,R,90,1,
415,1,22,6247,R,100,1,
415,1,22,6246,R,84,1,
414,3,20,6245,R,80,1,
414,3,20,6244,R,85,1,
414,3,20,6243,R,103,1,
414,3,20,6242,R,50,1,
415,1,22,6251,R,18,1,
416,2,17,6337,AM,44,1,
416,3,19,6345,R,85,1,
416,2,17,6344,G,12,1,
416,2,17,6343,A,93,1,
416,2,17,6342,LS,73,1,
416,2,17,6341,LS,24,1,
416,2,17,6340,LS,37,1,
416,1,18,6292,R,72,1,
416,2,17,6338,AM,50,1,
416,3,19,6348,R,71,1,
416,2,17,6336,AM,60,1,
416,2,17,6335,GA,149,1,
416,2,17,6334,R,104,1,
416,2,17,6333,R,29,1,
416,2,17,6332,R,97,1,
416,2,17,6331,R,101,1,
416,2,17,6339,AM,47,1,
630,1,23,9605,P,73,1,
414,1,20,6223,LS,25,1,
630,1,23,9612,RA,97,1,
630,1,23,9611,AM,85,1,
630,1,23,9610,AM,64,1,
630,1,23,9609,AM,36,1,
630,1,23,9608,AM,27,1,
416,3,19,6346,R,93,1,
630,1,23,9606,AM,68,1,
416,3,19,6347,R,100,1,
630,1,23,9604,R,115,1,
630,1,23,9603,R,70,1,
630,1,23,9602,R,112,1,
416,3,19,6351,R,69,1,
416,3,19,6350,R,75,1,
416,3,19,6349,R,53,1,
416,2,17,6328,R,53,1,
630,1,23,9607,AM,68,1,
416,1,18,6302,R,119,1,
416,2,17,6330,R,71,1,
416,1,18,6309,R,30,1,
416,1,18,6308,R,77,1,
416,1,18,6307,R,73,1,
416,1,18,6306,R,101,1,
416,1,18,6305,R,85,1,
416,1,18,6311,R,63,1,
416,1,18,6303,R,103,1,
416,1,18,6312,R,34,1,
416,1,18,6301,R,74,1,
416,1,18,6300,R,63,1,
416,1,18,6299,R,57,1,
416,1,18,6298,R,85,1,
416,1,18,6297,R,87,1,
416,1,18,6296,R,65,1,
416,1,18,6295,R,63,1,
416,1,18,6304,R,77,1,
416,1,18,6320,AM,48,1,
630,1,23,9614,WS,125,1,
416,2,17,6327,R,79,1,
416,2,17,6326,R,99,1,
416,2,17,6325,R,82,1,
416,2,17,6324,R,99,1,
416,2,17,6323,R,99,1,
416,1,18,6310,R,78,1,
416,1,18,6321,MT,12,1,
416,2,17,6329,R,97,1,
416,1,18,6319,AM,68,1,
416,1,18,6318,AM,24,1,
416,1,18,6317,GA,92,1,
416,1,18,6316,GA,125,1,
416,1,18,6315,GA,155,1,
416,1,18,6314,GA,93,1,
416,1,18,6313,P,69,1,
416,1,18,6322,PL,55,1,
608,1,31,8874,R,71,1,
608,1,31,8882,LH,31,1,
608,1,31,8881,LH,30,1,
608,1,31,8880,LH,29,1,
608,1,31,8879,LH,33,1,
608,1,31,8878,LH,25,1,
608,1,31,8877,LH,26,1,
607,3,22,8867,R,58,1,
608,1,31,8875,R,49,1,
608,1,31,8885,LH,39,1,
608,1,31,8873,R,66,1,
608,1,31,8872,R,55,1,
607,3,22,8871,R,56,1,
607,3,22,8870,R,60,1,
607,3,22,8869,R,56,1,
606,3,19,8832,AG,48,1,
608,1,31,8876,R,75,1,
608,1,31,8892,AG,52,1,
608,2,31,8900,R,72,1,
608,2,31,8899,R,81,1,
608,2,31,8898,R,77,1,
608,1,31,8897,LS,,1,
608,1,31,8896,A,3,1,
608,1,31,8895,AG,45,1,
608,1,31,8883,LH,38,1,
608,1,31,8893,AG,45,1,
608,1,31,8884,LH,32,1,
608,1,31,8891,AG,46,1,
608,1,31,8890,AG,43,1,
608,1,31,8889,AG,44,1,
608,1,31,8888,LH,33,1,
608,1,31,8887,LH,33,1,
608,1,31,8886,LH,37,1,
607,3,22,8866,AG,33,1,
608,1,31,8894,AG,43,1,
606,3,19,8839,AG,48,1,
607,1,24,8847,LH,28,1,
607,1,24,8846,LH,30,1,
607,1,24,8845,LH,38,1,
607,1,24,8844,AG,37,1,
607,1,24,8843,AG,44,1,
607,1,24,8842,AG,10,1,
607,3,22,8868,R,56,1,
606,3,19,8840,AG,49,1,
607,1,24,8850,A,62,1,
606,3,19,8838,AG,49,1,
606,3,19,8837,AG,32,1,
606,3,19,8836,AG,47,1,
606,3,19,8835,AG,43,1,
606,3,19,8834,AG,46,1,
619,3,23,9216,R,51,1,
607,1,24,8841,AG,45,1,
607,2,22,8857,R,74,1,
607,3,22,8865,AG,32,1,
607,3,22,8864,AG,34,1,
607,3,22,8863,AG,45,1,
607,3,22,8862,AG,45,1,
607,3,22,8861,AG,48,1,
607,2,22,8860,R,80,1,
607,1,24,8848,R,75,1,
607,2,22,8858,R,89,1,
607,1,24,8849,A,67,1,
607,2,22,8856,R,52,1,
607,2,22,8855,LH,29,1,
607,2,22,8854,AG,38,1,
607,2,22,8853,AG,37,1,
607,2,22,8852,AG,11,1,
607,1,24,8851,LS,27,1,
608,2,31,8903,R,74,1,
607,2,22,8859,R,56,1,
609,3,11,8945,R,92,1,
610,1,16,8954,R,68,1,
610,1,16,8953,R,88,1,
610,1,16,8952,R,77,1,
610,1,16,8951,R,93,1,
609,3,11,8949,AG,45,1,
609,3,11,8948,AG,45,1,
608,2,31,8901,R,48,1,
609,3,11,8946,PO,54,1,
610,1,16,8957,R,80,1,
609,3,11,8944,R,73,1,
609,3,11,8943,R,75,1,
609,3,11,8942,R,94,1,
609,3,11,8941,R,108,1,
609,2,11,8940,A,,1,
609,2,11,8939,A,50,1,
609,3,11,8947,LS,43,1,
610,2,17,8964,R,46,1,
610,3,21,8972,R,83,1,
610,2,17,8971,AG,46,1,
610,2,17,8970,AG,45,1,
610,2,17,8969,AG,46,1,
610,2,17,8968,AG,42,1,
610,2,17,8967,R,69,1,
610,1,16,8955,R,71,1,
610,2,17,8965,R,75,1,
610,1,16,8956,R,79,1,
610,2,17,8963,R,86,1,
610,2,17,8962,R,77,1,
610,1,16,8961,AG,49,1,
610,1,16,8960,AG,47,1,
610,1,16,8959,LH,46,1,
610,1,16,8958,R,63,1,
609,2,11,8936,AG,62,1,
610,2,17,8966,R,78,1,
608,2,31,8910,AG,36,1,
609,2,11,8938,AG,22,1,
608,3,31,8917,AG,45,1,
608,3,31,8916,PN,8,1,
608,3,31,8915,PN,20,1,
608,3,31,8914,R,75,1,
608,2,31,8913,LH,25,1,
608,3,31,8919,LH,43,1,
608,2,31,8911,AG,40,1,
608,3,31,8920,LH,42,1,
608,2,31,8909,AG,48,1,
608,2,31,8908,AG,44,1,
608,2,31,8907,AG,45,1,
608,2,31,8906,AG,39,1,
608,2,31,8905,LS,25,1,
608,2,31,8904,R,52,1,
606,3,19,8831,AG,44,1,
608,2,31,8912,LH,30,1,
609,1,11,8928,AG,21,1,
608,2,31,8902,R,50,1,
609,2,11,8935,AG,19,1,
609,2,11,8934,AM,8,1,
609,2,11,8933,R,72,1,
609,2,11,8932,R,111,1,
609,2,11,8931,R,69,1,
608,3,31,8918,AG,44,1,
609,1,11,8929,AG,23,1,
609,2,11,8937,AG,19,1,
609,1,11,8927,PO,13,1,
609,1,11,8926,R,65,1,
609,1,11,8925,R,72,1,
609,1,11,8924,R,62,1,
609,1,11,8923,R,87,1,
609,1,11,8922,R,83,1,
609,1,11,8921,R,91,1,
609,1,11,8930,AG,34,1,
626,2,22,9439,A,31,1,
626,2,22,9447,AG,39,1,
626,2,22,9446,AG,32,1,
626,2,22,9445,AG,36,1,
626,2,22,9444,AG,39,1,
626,2,22,9443,AG,38,1,
626,2,22,9442,A,5,1,
626,1,23,9432,AG,23,1,
626,2,22,9440,A,26,1,
626,2,22,9450,AG,36,1,
626,2,22,9438,SO,8,1,
626,2,22,9437,G,57,1,
626,2,22,9436,G,55,1,
626,2,22,9435,R,46,1,
626,2,22,9434,R,48,1,
606,3,19,8833,AG,33,1,
626,2,22,9441,A,35,1,
626,2,22,9457,AG,23,1,
626,3,23,9465,R,51,1,
626,3,23,9464,R,67,1,
626,3,23,9463,R,51,1,
626,3,23,9462,R,58,1,
626,3,23,9461,R,45,1,
626,2,22,9460,A,,1,
626,2,22,9448,AG,30,1,
626,2,22,9458,AG,55,1,
626,2,22,9449,AG,25,1,
626,2,22,9456,AG,27,1,
626,2,22,9455,AG,28,1,
626,2,22,9454,AG,41,1,
626,2,22,9453,AG,37,1,
626,2,22,9452,AG,26,1,
626,2,22,9451,AG,27,1,
626,1,23,9431,AG,33,1,
626,2,22,9459,AG,26,1,
604,3,17,10214,PY,25,1,
625,2,17,9411,R,50,1,
625,2,17,9410,R,57,1,
625,2,17,9409,R,53,1,
625,2,17,9408,R,77,1,
625,1,17,9407,LH,34,1,
625,1,17,9406,LH,33,1,
626,2,22,9433,R,62,1,
604,3,17,10215,PY,12,1,
625,2,17,9414,A,47,1,
641,3,29,10213,WS,68,1,
641,3,29,10212,GA,45,1,
641,3,29,10211,A,45,1,
641,3,29,10210,A,60,1,
641,3,29,10209,A,52,1,
353,2,12,5271,R,61,1,
604,3,17,10216,PY,13,1,
626,1,23,9422,R,93,1,
626,1,23,9430,AG,40,1,
626,1,23,9429,AG,31,1,
626,1,23,9428,AG,49,1,
626,1,23,9427,AG,37,1,
626,1,23,9426,P,54,1,
626,1,23,9425,R,59,1,
625,2,17,9412,PN,15,1,
626,1,23,9423,R,73,1,
625,2,17,9413,A,52,1,
626,1,23,9421,R,48,1,
626,1,23,9420,R,44,1,
625,3,17,9419,A,48,1,
625,3,17,9418,R,55,1,
625,3,17,9417,R,56,1,
625,2,17,9415,LS,,1,
626,3,23,9468,G,45,1,
626,1,23,9424,R,61,1,
605,2,29,8804,AG,33,1,
606,1,17,8812,LH,23,1,
606,1,17,8811,R,56,1,
606,1,17,8810,R,74,1,
606,1,17,8809,R,65,1,
606,1,17,8808,R,65,1,
606,1,17,8807,AG,41,1,
626,3,23,9466,R,50,1,
605,2,29,8805,AG,26,1,
606,2,19,8815,AG,11,1,
605,2,29,8803,AG,37,1,
605,1,28,8802,PN,6,1,
605,1,28,8801,AG,10,1,
605,1,28,8800,AG,29,1,
605,1,28,8799,AG,32,1,
605,1,28,8798,AG,26,1,
605,3,30,8806,LS,9,1,
606,2,19,8822,R,60,1,
606,3,19,8830,AG,41,1,
606,3,19,8829,AG,52,1,
606,3,19,8828,A,45,1,
606,3,19,8827,R,70,1,
606,3,19,8826,R,55,1,
606,3,19,8825,R,71,1,
606,1,17,8813,LH,39,1,
606,3,19,8823,R,57,1,
606,1,17,8814,LH,29,1,
606,2,19,8821,R,57,1,
606,2,19,8820,R,63,1,
606,2,19,8819,LS,22,1,
606,2,19,8818,AG,56,1,
606,2,19,8817,AG,44,1,
606,2,19,8816,AG,49,1,
605,1,28,8795,R,71,1,
606,3,19,8824,R,60,1,
626,3,23,9475,AG,41,1,
605,1,28,8797,AG,35,1,
627,1,14,9482,P,75,1,
627,1,14,9481,P,74,1,
627,1,14,9480,P,74,1,
626,3,23,9479,AG,36,1,
626,3,23,9478,AG,25,1,
627,1,14,9484,P,80,1,
626,3,23,9476,AG,33,1,
627,1,14,9485,P,65,1,
626,3,23,9474,AG,38,1,
626,3,23,9473,AG,37,1,
626,3,23,9472,AG,37,1,
626,3,23,9471,AG,34,1,
626,3,23,9470,AG,34,1,
626,3,23,9469,AG,43,1,
610,3,21,8975,A,79,1,
626,3,23,9477,AG,37,1,
627,1,14,9493,P,12,1,
626,3,23,9467,R,67,1,
604,3,17,8794,AG,25,1,
604,3,17,8793,AG,34,1,
627,2,12,9498,P,63,1,
627,2,12,9497,P,40,1,
627,2,12,9496,P,26,1,
627,1,14,9483,P,75,1,
627,1,14,9494,LS,40,1,
605,1,28,8796,R,12,1,
627,1,14,9492,P,84,1,
627,1,14,9491,P,22,1,
627,1,14,9490,P,80,1,
627,1,14,9489,P,91,1,
627,1,14,9488,P,18,1,
627,1,14,9487,P,18,1,
627,1,14,9486,P,83,1,
627,1,14,9495,G,59,1,
634,1,15,9824,AM,35,1,
634,1,15,9832,AG,52,1,
634,1,15,9831,AG,41,1,
634,1,15,9830,AM,62,1,
634,1,15,9829,AM,46,1,
634,1,15,9828,AM,57,1,
634,1,15,9827,AM,80,1,
634,1,15,9817,R,85,1,
634,1,15,9825,AM,53,1,
634,1,15,9835,AG,49,1,
634,1,15,9823,R,59,1,
634,1,15,9822,R,60,1,
634,1,15,9821,R,60,1,
634,1,15,9820,R,84,1,
634,1,15,9819,R,83,1,
610,3,21,8973,R,58,1,
634,1,15,9826,AM,50,1,
634,2,21,9842,R,80,1,
634,2,21,9850,PY,51,1,
634,2,21,9849,A,77,1,
634,2,21,9848,A,85,1,
634,2,21,9847,R,71,1,
634,2,21,9846,R,56,1,
634,2,21,9845,R,31,1,
634,1,15,9833,AG,52,1,
634,2,21,9843,R,88,1,
634,1,15,9834,AG,50,1,
634,2,21,9841,R,54,1,
634,2,21,9840,R,70,1,
634,2,21,9839,R,68,1,
634,2,21,9838,R,55,1,
634,1,15,9837,LS,28,1,
634,1,15,9836,AG,17,1,
633,3,14,9816,R,56,1,
634,2,21,9844,R,54,1,
633,2,14,9789,A,52,1,
633,2,14,9797,R,52,1,
633,2,14,9796,R,70,1,
633,2,14,9795,R,59,1,
633,2,14,9794,R,73,1,
633,2,14,9793,R,60,1,
633,2,14,9792,R,97,1,
634,1,15,9818,R,69,1,
633,2,14,9790,R,78,1,
633,2,14,9800,R,70,1,
633,2,14,9788,A,67,1,
633,2,14,9787,AM,45,1,
633,2,14,9786,AM,47,1,
633,2,14,9785,AM,76,1,
633,2,14,9784,AM,72,1,
633,2,14,9783,P,63,1,
633,2,14,9791,R,71,1,
633,3,14,9807,P,69,1,
633,3,14,9815,R,69,1,
633,3,14,9814,R,84,1,
633,3,14,9813,R,54,1,
633,3,14,9812,R,52,1,
633,3,14,9811,R,60,1,
633,3,14,9810,R,65,1,
633,2,14,9798,R,111,1,
633,3,14,9808,R,77,1,
633,2,14,9799,R,94,1,
633,3,14,9806,AM,63,1,
633,3,14,9805,AM,65,1,
633,3,14,9804,AM,79,1,
633,3,14,9803,A,57,1,
633,3,14,9802,A,75,1,
633,2,14,9801,A,,1,
634,2,21,9853,AM,55,1,
633,3,14,9809,R,61,1,
618,3,12,9187,A,68,1,
618,3,12,9195,R,66,1,
618,3,12,9194,R,110,1,
618,3,12,9193,R,100,1,
618,3,12,9192,R,94,1,
618,3,12,9191,A,94,1,
618,3,12,9190,A,95,1,
634,2,21,9851,AG,65,1,
618,3,12,9188,A,82,1,
618,3,12,9198,R,76,1,
618,3,12,9186,A,100,1,
618,3,12,9185,A,92,1,
618,3,12,9184,A,90,1,
618,3,12,9183,A,89,1,
618,3,12,9182,A,84,1,
618,2,12,9181,A,74,1,
618,3,12,9189,A,84,1,
619,1,19,9205,R,66,1,
619,2,22,9213,R,78,1,
619,2,22,9212,R,59,1,
619,2,22,9211,R,103,1,
619,2,22,9210,R,79,1,
619,1,19,9209,AM,61,1,
619,1,19,9208,AM,91,1,
618,3,12,9196,R,97,1,
619,1,19,9206,R,61,1,
618,3,12,9197,R,108,1,
619,1,19,9204,R,63,1,
619,1,19,9203,R,66,1,
618,3,12,9202,AM,78,1,
618,3,12,9201,R,59,1,
618,3,12,9200,R,67,1,
618,3,12,9199,R,73,1,
618,2,12,9178,PO,81,1,
619,1,19,9207,R,56,1,
634,3,19,9860,R,62,1,
618,2,12,9180,A,113,1,
634,3,19,9867,R,42,1,
634,3,19,9866,R,56,1,
634,3,19,9865,R,30,1,
634,3,19,9864,R,39,1,
634,3,19,9863,R,60,1,
634,3,19,9869,AM,60,1,
634,3,19,9861,R,94,1,
634,3,19,9870,AM,60,1,
634,3,19,9859,R,82,1,
634,3,19,9858,R,40,1,
634,3,19,9857,R,55,1,
634,3,19,9856,R,80,1,
634,3,19,9855,R,81,1,
634,2,21,9854,AM,60,1,
633,1,14,9780,R,79,1,
634,3,19,9862,R,40,1,
618,1,14,9170,LS,60,1,
634,2,21,9852,AM,50,1,
618,2,12,9177,AM,64,1,
618,1,14,9176,A,90,1,
618,1,14,9175,A,118,1,
618,1,14,9174,A,93,1,
618,1,14,9173,A,95,1,
634,3,19,9868,AM,64,1,
618,1,14,9171,A,81,1,
618,2,12,9179,PO,65,1,
617,3,20,9169,PN,30,1,
617,3,20,9168,HR,16,1,
617,3,20,9167,R,86,1,
617,2,21,9166,LH,43,1,
617,2,21,9165,LH,42,1,
617,2,21,9164,A,32,1,
634,3,19,9871,AM,50,1,
618,1,14,9172,A,76,1,
406,0,0,6049,426,250,1,
408,0,0,6070,407,200,1,
407,0,0,6065,461,250,1,
407,0,0,6063,407,300,1,
407,0,0,6061,306,250,1,
406,0,0,6058,516,100,1,
406,0,0,6053,426,300,1,
612,1,17,9001,R,68,1,
406,0,0,6050,407,250,1,
408,0,0,6073,306,300,1,
405,0,0,6047,461,,1,Size not written
405,0,0,6043,426,200,1,
405,0,0,6042,431,150,1,
405,0,0,6040,418,200,1,
405,0,0,6039,429,200,1,
405,0,0,6037,407,200,1,
406,0,0,6051,461,300,1,
611,2,25,8992,MT,20,1,
633,1,14,9782,GA,110,1,
612,1,17,8999,R,82,1,
611,3,23,8998,AG,42,1,
611,3,23,8997,R,73,1,
611,3,23,8996,R,11,1,
611,3,23,8995,R,55,1,
408,0,0,6071,465,350,1,
611,3,23,8993,R,100,1,
408,0,0,6072,306,150,1,
611,2,25,8991,FE,112,1,
611,2,25,8990,R,79,1,
611,2,25,8989,R,82,1,
611,2,25,8988,R,88,1,
611,1,22,8987,R,60,1,
408,0,0,6077,479,50,1,
404,0,0,6021,465,200,1,
611,3,23,8994,R,52,1,
611,1,22,8982,LH,34,1,
405,0,0,6036,461,350,1,
401,0,0,5987,407,250,1,
401,0,0,5986,345,200,1,
401,0,0,5985,502,200,1,
611,1,22,8986,R,58,1,
611,1,22,8985,R,67,1,
402,0,0,5990,312,250,1,
611,1,22,8983,LH,35,1,
402,0,0,5991,407,250,1,
611,1,22,8981,A,38,1,
611,1,22,8980,A,13,1,
610,3,21,8979,AG,48,1,
610,3,21,8978,AG,48,1,
610,3,21,8977,AM,59,1,
610,3,21,8976,A,57,1,
517,0,0,8037,461,100,1,
611,1,22,8984,R,82,1,
403,0,0,6006,351,400,1,
612,1,17,9002,R,55,1,
404,0,0,6020,462,250,1,
404,0,0,6017,462,200,1,
404,0,0,6015,306,150,1,
404,0,0,6012,461,350,1,
404,0,0,6011,429,150,1,
402,0,0,5989,312,150,1,
403,0,0,6007,461,400,1,
405,0,0,6035,426,250,1,
403,0,0,6002,303,150,1,
403,0,0,6001,407,250,1,
402,0,0,5999,407,15,1,
402,0,0,5998,303,5,1,
402,0,0,5997,407,50,1,
402,0,0,5996,461,150,1,
402,0,0,5993,465,250,1,
403,0,0,6008,462,200,1,
612,3,12,9046,A,70,1,
613,1,21,9054,R,78,1,
613,1,21,9053,R,77,1,
613,1,21,9052,R,83,1,
613,1,21,9051,R,48,1,
612,3,12,9050,LS,40,1,
612,3,12,9049,P,68,1,
612,1,17,9000,R,70,1,
612,3,12,9047,A,67,1,
613,1,21,9057,R,78,1,
612,3,12,9045,A,70,1,
612,3,12,9044,A,66,1,
612,3,12,9043,R,30,1,
612,3,12,9042,R,120,1,
612,3,12,9041,R,80,1,
612,3,12,9040,R,82,1,
612,3,12,9048,A,71,1,
613,1,21,9064,A,59,1,
610,3,21,8974,R,72,1,
633,1,14,9779,R,110,1,
613,1,21,9070,LH,33,1,
613,1,21,9069,A,32,1,
613,1,21,9068,A,69,1,
613,1,21,9067,A,72,1,
613,1,21,9055,R,81,1,
613,1,21,9065,A,54,1,
613,1,21,9056,R,98,1,
613,1,21,9063,A,69,1,
613,1,21,9062,A,71,1,
613,1,21,9061,A,72,1,
613,1,21,9060,AM,80,1,
613,1,21,9059,R,15,1,
613,1,21,9058,R,58,1,
612,3,12,9037,R,83,1,
613,1,21,9066,A,64,1,
612,1,17,9010,A,56,1,
612,3,12,9039,R,80,1,
612,2,12,9018,R,60,1,
612,2,12,9017,R,57,1,
612,2,12,9016,R,64,1,
612,2,12,9015,R,70,1,
612,2,12,9014,R,85,1,
612,2,12,9020,R,114,1,
612,2,12,9012,R,70,1,
612,2,12,9021,R,65,1,
612,1,17,9009,A,62,1,
612,1,17,9008,A,64,1,
612,1,17,9007,A,65,1,
612,1,17,9006,A,74,1,
612,1,17,9005,R,12,1,
612,1,17,9004,R,57,1,
612,1,17,9003,R,69,1,
612,2,12,9013,R,56,1,
612,3,12,9029,R,36,1,
633,1,14,9781,GA,82,1,
612,3,12,9036,R,75,1,
612,3,12,9035,R,65,1,
612,3,12,9034,R,95,1,
612,3,12,9033,R,50,1,
612,3,12,9032,R,82,1,
612,2,12,9019,R,85,1,
612,3,12,9030,R,32,1,
612,3,12,9038,R,78,1,
612,2,12,9028,AG,52,1,
612,2,12,9027,A,55,1,
612,2,12,9026,A,57,1,
612,2,12,9025,A,74,1,
612,2,12,9024,R,66,1,
612,2,12,9023,R,73,1,
612,2,12,9022,R,84,1,
612,3,12,9031,R,93,1,
622,1,24,9375,AG,56,1,
622,3,24,9383,R,59,1,
622,3,24,9382,R,77,1,
622,3,24,9381,HR,10,1,
622,2,24,9380,R,82,1,
622,2,24,9379,R,111,1,
622,2,24,9378,R,67,1,
621,3,18,9368,AG,6,1,
622,1,24,9376,R,72,1,
623,1,29,9386,A,53,1,
622,1,24,9374,AG,58,1,
622,1,24,9373,AG,43,1,
622,1,24,9372,AG,56,1,
622,1,24,9371,AG,55,1,
621,3,18,9370,AG,33,1,
621,2,18,9333,LS,131,1,
622,2,24,9377,A,52,1,
623,2,29,9393,HR,11,1,
625,1,17,9401,R,67,1,
625,1,17,9400,R,51,1,
625,1,17,9399,AG,42,1,
623,3,30,9398,R,82,1,
623,3,30,9397,R,89,1,
623,3,30,9396,R,69,1,
622,3,24,9384,R,94,1,
623,2,29,9394,A,74,1,
622,3,24,9385,LS,36,1,
623,2,29,9392,R,79,1,
623,1,29,9391,R,71,1,
623,1,29,9390,R,103,1,
623,1,29,9389,R,84,1,
623,1,29,9388,AG,50,1,
623,1,29,9387,AG,52,1,
621,3,18,9367,AG,12,1,
623,3,30,9395,R,63,1,
621,2,18,9340,AG,32,1,
621,2,18,9348,AG,35,1,
621,2,18,9347,AG,33,1,
621,2,18,9346,AG,32,1,
621,2,18,9345,AG,39,1,
621,2,18,9344,AG,36,1,
621,2,18,9343,AG,36,1,
621,3,18,9369,AG,30,1,
621,2,18,9341,AG,37,1,
621,3,18,9351,R,86,1,
621,2,18,9339,AG,39,1,
621,2,18,9338,AG,40,1,
621,2,18,9337,AG,41,1,
621,2,18,9336,AG,36,1,
621,2,18,9335,AG,36,1,
516,0,0,8034,516,50,1,
621,2,18,9342,AG,36,1,
621,3,18,9358,AG,38,1,
621,3,18,9366,AG,13,1,
621,3,18,9365,AG,40,1,
621,3,18,9364,AG,32,1,
621,3,18,9363,AG,39,1,
621,3,18,9362,AG,45,1,
621,3,18,9361,AG,37,1,
621,2,18,9349,AG,27,1,
621,3,18,9359,AG,34,1,
621,2,18,9350,AG,36,1,
621,3,18,9357,AG,42,1,
621,3,18,9356,AG,39,1,
621,3,18,9355,HR,2,1,
621,3,18,9354,LS,41,1,
621,3,18,9353,R,96,1,
621,3,18,9352,R,106,1,
625,1,17,9404,LH,39,1,
621,3,18,9360,AG,35,1,
536,0,0,8311,407,150,1,
537,0,0,8322,479,80,1,
537,0,0,8320,407,300,1,
537,0,0,8319,407,230,1,
537,0,0,8318,407,180,1,
536,0,0,8317,365,120,1,
536,0,0,8315,365,80,1,
625,1,17,9402,R,74,1,
536,0,0,8312,407,170,1,
538,0,0,8329,437,220,1,
536,0,0,8310,407,140,1,
536,0,0,8308,407,80,1,
536,0,0,8307,479,50,1,
536,0,0,8305,461,200,1,
536,0,0,8303,306,200,1,
536,0,0,8302,306,50,1,
536,0,0,8314,365,70,1,
538,0,0,8337,479,50,1,
634,3,19,9879,LS,42,1,
634,3,19,9878,AM,26,1,
634,3,19,9877,AM,25,1,
634,3,19,9876,AM,24,1,
634,3,19,9875,AM,40,1,
634,3,19,9874,AM,66,1,
537,0,0,8323,407,150,1,
634,3,19,9872,AM,71,1,
537,0,0,8324,424,70,1,
538,0,0,8336,351,300,1,
538,0,0,8335,461,320,1,
538,0,0,8334,461,220,1,
538,0,0,8333,407,210,1,
538,0,0,8332,407,200,1,
538,0,0,8331,407,170,1,
536,0,0,8299,312,80,1,
634,3,19,9873,AM,70,1,
532,0,0,8256,312,50,1,
536,0,0,8301,312,200,1,
533,0,0,8266,461,200,1,
533,0,0,8265,461,180,1,
533,0,0,8264,461,170,1,
532,0,0,8262,365,120,1,
532,0,0,8260,365,40,1,
533,0,0,8269,347,150,1,
532,0,0,8257,431,70,1,
533,0,0,8270,347,180,1,
532,0,0,8255,418,150,1,
532,0,0,8254,303,120,1,
532,0,0,8252,461,350,1,
532,0,0,8251,461,250,1,
531,0,0,8250,365,150,1,
625,1,17,9405,LH,37,1,
621,2,18,9332,R,109,1,
532,0,0,8258,303,70,1,
535,0,0,8287,461,250,1,
625,1,17,9403,R,62,1,
536,0,0,8298,312,70,1,
536,0,0,8297,312,60,1,
535,0,0,8294,365,90,1,
535,0,0,8292,365,60,1,
535,0,0,8290,502,240,1,
533,0,0,8267,461,220,1,
535,0,0,8288,461,350,1,
536,0,0,8300,312,100,1,
535,0,0,8286,424,180,1,
534,0,0,8281,347,140,1,
534,0,0,8280,461,220,1,
533,0,0,8279,365,150,1,
533,0,0,8273,351,300,1,
533,0,0,8272,418,100,1,
533,0,0,8271,424,200,1,
535,0,0,8289,499,180,1,
613,3,21,9083,R,68,1,
613,3,21,9091,AG,35,1,
613,3,21,9090,AG,26,1,
613,3,21,9089,AG,35,1,
613,3,21,9088,LS,31,1,
613,3,21,9087,LS,33,1,
613,3,21,9086,LS,43,1,
613,2,21,9076,R,79,1,
613,3,21,9084,R,60,1,
613,3,21,9094,A,38,1,
613,3,21,9082,R,68,1,
613,2,21,9081,A,38,1,
613,2,21,9080,A,36,1,
613,2,21,9079,A,44,1,
613,2,21,9078,AG,24,1,
621,2,18,9334,LS,27,1,
613,3,21,9085,R,68,1,
614,1,26,9101,R,77,1,
614,2,29,9109,R,110,1,
614,1,26,9108,LS,72,1,
614,1,26,9107,R,58,1,
614,1,26,9106,R,61,1,
614,1,26,9105,R,62,1,
614,1,26,9104,R,72,1,
613,3,21,9092,A,26,1,
614,1,26,9102,R,80,1,
613,3,21,9093,A,46,1,
614,1,26,9100,R,83,1,
613,3,21,9099,AM,88,1,
613,3,21,9098,A,38,1,
613,3,21,9097,A,48,1,
613,3,21,9096,A,36,1,
613,3,21,9095,A,32,1,
613,2,21,9075,R,58,1,
614,1,26,9103,R,76,1,
604,2,19,8770,R,22,1,
604,2,19,8778,LS,15,1,
604,2,19,8777,A,55,1,
604,2,19,8776,AG,28,1,
604,2,19,8775,AG,37,1,
604,2,19,8774,AG,38,1,
604,2,19,8773,AG,32,1,
613,2,21,9077,R,73,1,
604,2,19,8771,AG,35,1,
604,3,17,8781,R,104,1,
604,2,19,8769,R,85,1,
604,1,19,8768,AG,24,1,
604,1,19,8767,AG,14,1,
604,1,19,8766,AG,25,1,
604,1,19,8765,AG,30,1,
604,1,19,8764,R,75,1,
604,2,19,8772,AG,33,1,
604,3,17,8788,AG,41,1,
613,2,21,9074,R,76,1,
613,2,21,9073,R,65,1,
613,2,21,9072,R,83,1,
613,2,21,9071,R,60,1,
604,3,17,8792,AG,32,1,
604,3,17,8791,AG,35,1,
604,2,19,8779,LS,4,1,
604,3,17,8789,AG,39,1,
604,2,19,8780,PY,50,1,
604,3,17,8787,AG,35,1,
604,3,17,8786,AG,28,1,
604,3,17,8785,AG,30,1,
604,3,17,8784,R,71,1,
604,3,17,8783,R,78,1,
604,3,17,8782,R,61,1,
614,2,29,9112,R,55,1,
604,3,17,8790,AG,31,1,
616,3,16,9155,A,78,1,
617,2,21,9163,A,6,1,
617,1,21,9162,LH,50,1,
617,1,21,9161,AM,86,1,
617,1,21,9160,HR,11,1,
617,1,21,9159,R,104,1,
616,3,16,9158,LH,30,1,
614,2,29,9110,R,50,1,
616,3,16,9156,A,14,1,
621,1,16,9316,AG,38,1,
616,3,16,9154,R,73,1,
616,3,16,9153,R,82,1,
616,2,15,9152,A,79,1,
616,2,15,9151,LH,45,1,
616,2,15,9150,LH,55,1,
616,2,15,9149,R,131,1,
616,3,16,9157,LH,43,1,
621,1,16,9323,AG,32,1,
621,2,18,9331,R,138,1,
621,1,16,9330,R,102,1,
621,1,16,9329,R,78,1,
621,1,16,9328,AG,34,1,
621,1,16,9327,AG,32,1,
621,1,16,9326,AG,30,1,
621,1,16,9314,AG,36,1,
621,1,16,9324,AG,44,1,
621,1,16,9315,AG,37,1,
621,1,16,9322,AG,36,1,
621,1,16,9321,AG,45,1,
621,1,16,9320,AG,33,1,
621,1,16,9319,AG,40,1,
621,1,16,9318,AG,35,1,
621,1,16,9317,AG,39,1,
616,2,15,9146,R,94,1,
621,1,16,9325,AG,39,1,
614,3,28,9119,R,55,1,
616,2,15,9148,R,91,1,
615,1,10,9126,A,72,1,
614,3,28,9125,A,62,1,
614,3,28,9124,A,24,1,
614,3,28,9123,PN,19,1,
614,3,28,9122,HR,15,1,
615,2,10,9128,R,71,1,
614,3,28,9120,R,110,1,
615,2,10,9129,R,83,1,
614,3,28,9118,R,96,1,
614,2,29,9117,A,32,1,
614,2,29,9116,A,20,1,
614,2,29,9115,PN,38,1,
614,2,29,9114,MT,17,1,
614,2,29,9113,R,82,1,
634,3,19,9882,A,40,1,
614,3,28,9121,R,66,1,
615,3,12,9137,AM,91,1,
614,2,29,9111,R,77,1,
616,1,15,9145,R,88,1,
616,1,15,9144,R,124,1,
616,1,15,9143,R,97,1,
615,3,12,9141,MT,29,1,
615,3,12,9140,A,88,1,
615,1,10,9127,A,85,1,
615,3,12,9138,AM,76,1,
616,2,15,9147,R,65,1,
615,3,12,9136,AM,47,1,
615,3,12,9135,R,98,1,
615,2,10,9134,A,85,1,
615,2,10,9133,A,69,1,
615,2,10,9132,AM,74,1,
615,2,10,9131,AM,68,1,
615,2,10,9130,R,92,1,
615,3,12,9139,A,96,1,
550,0,0,8444,479,50,1,
597,1,10,8453,LS,49,1,
597,1,10,8452,PO,45,1,
597,1,10,8451,AG,49,1,
597,1,10,8450,AG,50,1,
597,1,10,8449,AG,58,1,
597,1,10,8448,AG,51,1,
549,0,0,8437,461,250,1,
597,1,10,8446,R,71,1,
597,2,11,8456,R,74,1,
550,0,0,8443,426,250,1,
550,0,0,8442,461,300,1,
550,0,0,8441,461,250,1,
550,0,0,8440,461,150,1,
549,0,0,8439,516,50,1,
634,3,19,9880,LS,47,1,
597,1,10,8447,R,73,1,
597,2,11,8463,AG,60,1,
597,2,11,8471,AG,47,1,
597,2,11,8470,AG,49,1,
597,2,11,8469,AG,52,1,
597,2,11,8468,AG,60,1,
597,2,11,8467,AG,51,1,
597,2,11,8466,AG,58,1,
597,1,10,8454,LS,61,1,
597,2,11,8464,AG,47,1,
597,2,11,8455,R,96,1,
597,2,11,8462,AG,47,1,
597,2,11,8461,AG,48,1,
597,2,11,8460,AG,50,1,
597,2,11,8459,AG,46,1,
597,2,11,8458,A,58,1,
597,2,11,8457,R,80,1,
549,0,0,8436,461,200,1,
597,2,11,8465,AG,56,1,
543,0,0,8389,516,40,1,
544,0,0,8402,306,50,1,
544,0,0,8401,461,200,1,
544,0,0,8400,461,300,1,
544,0,0,8399,407,300,1,
544,0,0,8398,426,350,1,
544,0,0,8396,426,200,1,
549,0,0,8438,461,400,1,
543,0,0,8392,516,100,1,
544,0,0,8410,462,120,1,
543,0,0,8387,426,300,1,
543,0,0,8384,306,50,1,
543,0,0,8380,306,150,1,
543,0,0,8378,461,350,1,
542,0,0,8377,461,300,1,
542,0,0,8376,516,100,1,
543,0,0,8394,402,150,1,
547,0,0,8424,418,150,1,
548,0,0,8433,479,100,1,
548,0,0,8432,479,50,1,
548,0,0,8430,461,250,1,
548,0,0,8429,461,200,1,
548,0,0,8428,461,150,1,
548,0,0,8427,461,50,1,
544,0,0,8406,418,100,1,
547,0,0,8425,418,200,1,
544,0,0,8408,365,70,1,
547,0,0,8423,461,350,1,
546,0,0,8419,516,30,1,
546,0,0,8417,424,120,1,
546,0,0,8415,461,250,1,
546,0,0,8414,461,100,1,
545,0,0,8411,312,60,1,
597,2,11,8474,AG,52,1,
548,0,0,8426,461,100,1,
598,3,16,8516,AG,43,1,
640,1,18,10151,R,42,1,
640,1,18,10150,R,64,1,
640,1,18,10149,R,65,1,
640,1,18,10148,R,85,1,
640,1,18,10147,R,100,1,
640,1,18,10146,R,67,1,
597,2,11,8472,AG,44,1,
640,1,18,10144,R,82,1,
640,1,18,10154,R,75,1,
598,3,16,8515,AG,34,1,
598,3,16,8514,LS,36,1,
598,3,16,8513,R,53,1,
598,3,16,8512,R,59,1,
598,3,16,8511,R,85,1,
598,3,16,8510,R,34,1,
640,1,18,10145,R,82,1,
640,2,19,10161,R,56,1,
640,2,19,10169,R,57,1,
640,2,19,10168,R,78,1,
640,2,19,10167,R,58,1,
640,2,19,10166,R,53,1,
640,2,19,10165,R,56,1,
640,2,19,10164,R,110,1,
640,1,18,10152,R,70,1,
640,2,19,10162,R,59,1,
640,1,18,10153,R,110,1,
640,1,18,10160,LH,36,1,
640,1,18,10159,LH,39,1,
640,1,18,10158,LH,38,1,
640,1,18,10157,A,30,1,
640,1,18,10156,R,60,1,
640,1,18,10155,R,62,1,
598,2,15,8507,AG,30,1,
640,2,19,10163,R,105,1,
597,3,11,8481,AG,52,1,
598,3,16,8509,R,79,1,
597,3,11,8488,R,119,1,
597,3,11,8487,AG,60,1,
597,3,11,8486,AG,59,1,
597,3,11,8485,AG,57,1,
597,3,11,8484,AG,54,1,
597,3,11,8490,R,68,1,
597,3,11,8482,AG,49,1,
598,1,14,8491,R,48,1,
597,3,11,8480,AG,49,1,
597,3,11,8479,AG,48,1,
597,3,11,8478,AG,47,1,
597,3,11,8477,AG,53,1,
597,3,11,8476,AG,51,1,
597,2,11,8475,AG,43,1,
542,0,0,8373,462,100,1,
597,3,11,8483,AG,49,1,
598,2,15,8499,R,67,1,
597,2,11,8473,AG,44,1,
598,2,15,8506,AG,38,1,
598,2,15,8505,AG,23,1,
598,2,15,8504,AG,43,1,
598,2,15,8503,MT,26,1,
598,2,15,8502,R,82,1,
597,3,11,8489,R,75,1,
598,2,15,8500,R,85,1,
598,3,16,8508,R,73,1,
598,2,15,8498,R,69,1,
598,2,15,8497,R,69,1,
598,1,14,8496,PY,77,1,
598,1,14,8495,AG,34,1,
598,1,14,8494,AG,39,1,
598,1,14,8493,AG,39,1,
598,1,14,8492,R,65,1,
598,2,15,8501,R,72,1,
635,3,23,9924,R,50,1,
635,3,23,9932,AM,16,1,
635,3,23,9931,AM,30,1,
635,3,23,9930,AM,31,1,
635,3,23,9929,MT,20,1,
635,3,23,9928,A,66,1,
635,3,23,9927,A,64,1,
636,1,14,9951,AG,34,1,
635,3,23,9925,R,63,1,
635,3,23,9935,LH,41,1,
635,3,23,9923,R,50,1,
635,3,23,9922,R,60,1,
635,3,23,9921,R,64,1,
635,3,23,9920,R,66,1,
635,3,23,9919,R,65,1,
635,3,23,9918,R,66,1,
635,3,23,9926,R,74,1,
636,1,14,9942,AG,38,1,
542,0,0,8375,424,150,1,
636,1,14,9949,AG,40,1,
636,1,14,9948,AG,33,1,
636,1,14,9947,AG,54,1,
636,1,14,9946,AG,54,1,
636,1,14,9945,AG,21,1,
635,3,23,9933,A,,1,
636,1,14,9943,AG,34,1,
635,3,23,9934,LH,34,1,
636,1,14,9941,AG,38,1,
636,1,14,9940,AG,34,1,
636,1,14,9939,PY,38,1,
636,1,14,9938,PO,42,1,
635,3,23,9937,AG,45,1,
635,3,23,9936,PN,16,1,
635,2,25,9915,LH,31,1,
636,1,14,9944,AG,35,1,
635,1,26,9889,R,59,1,
635,2,25,9917,LH,35,1,
635,1,26,9896,AM,31,1,
635,1,26,9895,AM,52,1,
635,1,26,9894,AM,60,1,
635,1,26,9893,MT,16,1,
635,1,26,9892,LH,35,1,
635,2,25,9898,R,60,1,
635,1,26,9890,R,60,1,
635,2,25,9899,R,80,1,
635,1,26,9888,R,89,1,
635,1,26,9887,R,60,1,
635,1,26,9886,R,100,1,
634,3,19,9885,PN,21,1,
634,3,19,9884,VC,,1,
634,3,19,9883,A,,1,
603,3,16,8761,AG,8,1,
635,1,26,9891,A,65,1,
635,2,25,9907,AM,25,1,
636,1,14,9952,AG,48,1,
635,2,25,9914,LH,30,1,
635,2,25,9913,LH,21,1,
635,2,25,9912,LH,26,1,
635,2,25,9911,AM,40,1,
635,2,25,9910,AM,35,1,
635,2,25,9897,R,61,1,
635,2,25,9908,AM,43,1,
635,2,25,9916,LH,37,1,
635,2,25,9906,AM,57,1,
635,2,25,9905,AM,30,1,
635,2,25,9904,R,80,1,
635,2,25,9903,R,68,1,
635,2,25,9902,R,63,1,
635,2,25,9901,R,56,1,
635,2,25,9900,R,56,1,
635,2,25,9909,AM,44,1,
637,2,20,10025,AG,27,1,
637,3,21,10033,AG,52,1,"***said ""PG"" on datasheet. Coded it asAG"
637,3,21,10032,AG,55,1,"***said ""PG"" on datasheet. Coded it as AG"
637,3,21,10031,AG,18,1,"***said ""PG"" on datasheet. Coded it as AG"
637,3,21,10030,LS,17,1,
637,3,21,10029,AM,102,1,
637,2,20,10028,AG,12,1,
636,1,14,9950,AG,40,1,
637,2,20,10026,AG,16,1,
637,3,21,10036,AG,37,1,"***said ""PG"" on datasheet. Coded it as AG"
637,2,20,10024,AG,21,1,
637,2,20,10023,AG,25,1,
637,2,20,10022,AG,49,1,
637,2,20,10021,AG,53,1,
637,2,20,10020,AM,86,1,
637,2,20,10019,AM,98,1,
637,2,20,10027,AG,13,1,
540,0,0,8356,365,150,1,
634,3,19,9881,A,70,1,
542,0,0,8372,312,100,1,
542,0,0,8367,306,300,1,
541,0,0,8363,516,50,1,
541,0,0,8361,365,100,1,
541,0,0,8359,461,250,1,
637,3,21,10034,AG,38,1,"***said ""PG"" on datasheet. Coded it as AG"
541,0,0,8357,461,100,1,
637,3,21,10035,AG,17,1,"***said ""PG"" on datasheet. Coded it as AG"
540,0,0,8352,462,150,1,
540,0,0,8350,418,150,1,
540,0,0,8348,461,200,1,
539,0,0,8346,633,200,1,
538,0,0,8343,365,100,1,
538,0,0,8342,365,120,1,
637,1,19,10016,A,139,1,
541,0,0,8358,461,200,1,
636,2,16,9960,AG,43,1,
637,2,20,10018,AM,105,1,
636,3,15,9967,AG,37,1,
636,3,15,9966,AG,33,1,
636,3,15,9965,PO,28,1,
636,2,16,9964,AG,28,1,
636,2,16,9963,AG,54,1,
636,3,15,9969,AG,35,1,
636,2,16,9961,AG,55,1,
636,3,15,9970,AG,48,1,
636,2,16,9959,AG,50,1,
636,2,16,9958,LS,16,1,
636,2,16,9957,LS,82,1,
636,2,16,9956,LS,15,1,
636,1,14,9955,PB,90,1,
636,1,14,9954,AG,36,1,
636,1,14,9953,AG,35,1,
636,2,16,9962,AG,49,1,
637,1,19,10008,AG,48,1,
542,0,0,8374,424,100,1,
637,1,19,10015,LS,52,1,
637,1,19,10014,PY,15,1,
637,1,19,10013,AG,56,1,
637,1,19,10012,AG,15,1,
637,1,19,10011,AG,7,1,
636,3,15,9968,AG,24,1,
637,1,19,10009,AG,49,1,
637,1,19,10017,A,105,1,
637,1,19,10007,AG,42,1,
637,1,19,10006,AG,39,1,
637,1,19,10005,AG,52,1,
637,1,19,10004,AG,56,1,
637,1,19,10003,AG,59,1,
637,1,19,10002,AG,45,1,
637,1,19,10001,AG,30,1,
637,1,19,10010,AG,30,1,
603,1,17,8630,AG,34,1,
603,1,17,8638,AG,38,1,
603,1,17,8637,AG,42,1,
603,1,17,8636,AG,34,1,
603,1,17,8635,AG,36,1,
603,1,17,8634,AG,33,1,
603,1,17,8633,AG,51,1,
603,1,17,8623,R,63,1,
603,1,17,8631,AG,33,1,
603,1,17,8641,AG,36,1,
603,1,17,8629,AG,32,1,
603,1,17,8628,AG,37,1,
603,1,17,8627,AG,51,1,
603,1,17,8626,PA,31,1,
603,1,17,8625,R,128,1,
632,1,29,9714,AM,69,1,
603,1,17,8632,AG,33,1,
603,1,17,8648,A,66,1,
603,2,15,8657,A,92,1,
603,2,15,8656,A,81,1,
603,2,15,8655,R,97,1,
603,2,15,8654,R,101,1,
603,2,15,8653,R,117,1,
603,2,15,8652,R,114,1,
603,1,17,8639,AG,39,1,
603,2,15,8650,R,93,1,
603,1,17,8640,AG,47,1,
603,1,17,8647,A,81,1,
603,1,17,8646,A,83,1,
603,1,17,8645,A,94,1,
603,1,17,8644,A,91,1,
603,1,17,8643,A,87,1,
603,1,17,8642,AG,27,1,
603,1,17,8622,R,93,1,
603,2,15,8651,R,102,1,
602,1,29,8595,R,66,1,
602,1,29,8603,LH,43,1,
602,1,29,8602,AM,99,1,
602,1,29,8601,CS,76,1,
602,1,29,8600,A,42,1,
602,1,29,8599,R,55,1,
602,1,29,8598,R,83,1,
603,1,17,8624,R,85,1,
602,1,29,8596,R,77,1,
602,2,28,8606,R,99,1,
602,1,29,8594,R,72,1,
601,3,21,8593,A,79,1,
601,3,21,8592,AM,82,1,
601,3,21,8591,R,93,1,
601,3,21,8590,R,90,1,
601,3,21,8589,R,150,1,
602,1,29,8597,R,112,1,
602,3,20,8613,R,79,1,
603,1,17,8621,R,77,1,
602,3,20,8620,AM,98,1,
602,3,20,8619,LH,27,1,
602,3,20,8618,A,47,1,
602,3,20,8617,A,36,1,
602,3,20,8616,R,69,1,
602,2,28,8604,R,61,1,
602,3,20,8614,R,110,1,
602,2,28,8605,R,82,1,
602,2,28,8612,LH,31,1,
602,2,28,8611,A,20,1,
602,2,28,8610,A,29,1,
602,2,28,8609,A,14,1,
602,2,28,8608,A,85,1,
602,2,28,8607,PO,69,1,
603,2,15,8660,LS,26,1,
602,3,20,8615,R,55,1,
631,1,22,9686,PN,21,1,
631,2,23,9695,R,65,1,
631,2,23,9694,R,60,1,
631,2,23,9693,R,77,1,
631,2,23,9692,R,75,1,
631,1,22,9691,AM,,1,
631,1,22,9689,AM,56,1,
603,2,15,8658,A,63,1,
631,1,22,9687,AG,24,1,
631,3,23,9698,R,55,1,
603,2,15,8701,AG,11,1,
603,2,15,8700,AG,33,1,
603,2,15,8699,AG,36,1,
603,2,15,8698,AG,44,1,
603,2,15,8697,AG,35,1,
603,2,15,8696,AG,33,1,
631,1,22,9688,WS,47,1,
631,3,23,9705,LH,46,1,
604,1,19,8763,R,69,1,
631,3,23,9712,FE,80,1,
631,3,23,9711,GA,50,1,
631,3,23,9710,A,39,1,
631,3,23,9709,A,42,1,
631,3,23,9708,WS,70,1,
631,2,23,9696,LS,28,1,
631,3,23,9706,WS,,1,
631,2,23,9697,R,,1,
631,3,23,9704,AG,50,1,
631,3,23,9703,HR,14,1,
631,3,23,9702,R,80,1,
631,3,23,9701,R,82,1,
631,3,23,9700,R,90,1,
631,3,23,9699,R,72,1,
603,2,15,8693,AG,35,1,
631,3,23,9707,A,,1,
603,2,15,8667,AG,54,1,
603,2,15,8695,AG,41,1,
603,2,15,8674,AG,33,1,
603,2,15,8673,AG,34,1,
603,2,15,8672,AG,49,1,
603,2,15,8671,AG,49,1,
603,2,15,8670,AG,36,1,
603,2,15,8676,AG,17,1,
603,2,15,8668,AG,33,1,
603,2,15,8677,AG,31,1,
603,2,15,8666,AG,49,1,
603,2,15,8665,AG,33,1,
603,2,15,8664,AG,34,1,
603,2,15,8663,AG,36,1,
603,2,15,8662,AG,33,1,
603,2,15,8661,AG,41,1,
601,2,21,8586,R,136,1,
603,2,15,8669,AG,39,1,
603,2,15,8685,AG,38,1,
603,2,15,8659,A,96,1,
603,2,15,8692,AG,42,1,
603,2,15,8691,AG,47,1,
603,2,15,8690,AG,39,1,
603,2,15,8689,AG,28,1,
603,2,15,8688,AG,34,1,
603,2,15,8675,AG,48,1,
603,2,15,8686,AG,35,1,
603,2,15,8694,AG,34,1,
603,2,15,8684,AG,31,1,
603,2,15,8683,AG,31,1,
603,2,15,8682,AG,33,1,
603,2,15,8681,AG,47,1,
603,2,15,8680,AG,44,1,
603,2,15,8679,AG,31,1,
603,2,15,8678,AG,42,1,
603,2,15,8687,AG,33,1,
522,0,0,8116,479,70,1,
523,0,0,8130,418,180,1,
523,0,0,8126,426,280,1,
523,0,0,8123,461,300,1,
522,0,0,8121,538,8,1,
522,0,0,8120,431,140,1,
522,0,0,8119,472,100,1,
525,0,0,8158,426,25,1,
522,0,0,8117,479,80,1,
523,0,0,8134,407,200,1,
522,0,0,8115,479,30,1,
522,0,0,8113,365,100,1,
522,0,0,8109,407,180,1,
522,0,0,8108,407,120,1,
522,0,0,8107,407,40,1,
522,0,0,8106,461,350,1,
522,0,0,8118,479,100,1,
524,0,0,8147,461,250,1,
601,3,21,8588,R,134,1,
525,0,0,8155,461,350,1,
525,0,0,8154,461,200,1,
525,0,0,8153,461,150,1,
525,0,0,8152,461,100,1,
525,0,0,8151,407,250,1,
523,0,0,8131,418,250,1,
524,0,0,8148,306,200,1,
523,0,0,8133,407,180,1,
524,0,0,8145,461,100,1,
523,0,0,8144,479,70,1,
523,0,0,8143,479,40,1,
523,0,0,8138,365,70,1,
523,0,0,8136,538,80,1,
523,0,0,8135,538,50,1,
522,0,0,8102,462,200,1,
524,0,0,8149,479,50,1,
517,0,0,8049,479,8,1,
522,0,0,8105,461,250,1,
521,0,0,8068,461,150,1,
521,0,0,8067,461,120,1,
520,0,0,8065,462,5,1,
520,0,0,8064,516,70,1,
520,0,0,8060,424,250,1,
521,0,0,8070,461,250,1,
518,0,0,8052,461,200,1,
521,0,0,8071,461,270,1,
517,0,0,8048,499,180,1,
517,0,0,8047,466,200,1,
517,0,0,8046,466,180,1,
517,0,0,8045,466,120,1,
517,0,0,8042,351,800,1,
517,0,0,8038,461,120,1,
641,3,29,10206,R,70,1,
519,0,0,8056,461,150,1,
521,0,0,8086,418,160,1,
525,0,0,8159,306,20,1,
522,0,0,8097,426,250,1,
522,0,0,8096,426,200,1,
522,0,0,8095,426,180,1,
521,0,0,8091,538,50,1,
521,0,0,8090,426,150,1,
521,0,0,8069,461,200,1,
521,0,0,8087,462,220,1,
522,0,0,8104,462,150,1,
521,0,0,8083,418,100,1,
521,0,0,8082,407,220,1,
521,0,0,8080,407,170,1,
521,0,0,8079,407,150,1,
521,0,0,8075,426,170,1,
521,0,0,8073,306,200,1,
521,0,0,8072,461,300,1,
521,0,0,8089,426,120,1,
600,3,16,8559,R,59,1,
600,3,16,8567,LH,31,1,
600,3,16,8566,A,70,1,
600,3,16,8565,A,75,1,
600,3,16,8564,A,32,1,
600,3,16,8563,A,49,1,
600,3,16,8562,A,56,1,
525,0,0,8156,426,50,1,
600,3,16,8560,R,89,1,
601,1,20,8570,R,73,1,
600,3,16,8558,R,60,1,
600,2,15,8557,R,19,1,
600,2,15,8556,R,87,1,
600,2,15,8555,R,62,1,
600,2,15,8554,R,75,1,
600,2,15,8553,R,144,1,
600,3,16,8561,A,80,1,
601,1,20,8577,A,41,1,
632,1,29,9715,AM,62,1,
601,2,21,8585,R,65,1,
601,2,21,8584,R,63,1,
601,2,21,8583,R,143,1,
601,1,20,8581,LH,39,1,
601,1,20,8580,PO,37,1,
601,1,20,8568,R,57,1,
601,1,20,8578,A,66,1,
601,1,20,8569,R,100,1,
601,1,20,8576,A,10,1,
601,1,20,8575,AM,87,1,
601,1,20,8574,AM,82,1,
601,1,20,8573,R,73,1,
601,1,20,8572,R,89,1,
601,1,20,8571,R,78,1,
600,1,12,8550,AM,27,1,
601,1,20,8579,A,45,1,
599,1,19,8524,R,102,1,
600,2,15,8552,R,85,1,
599,1,19,8531,AG,14,1,
599,1,19,8530,R,17,1,
599,1,19,8529,R,127,1,
599,1,19,8528,R,78,1,
599,1,19,8527,R,96,1,
599,1,19,8533,FE,171,1,
599,1,19,8525,R,107,1,
599,2,20,8534,R,67,1,
598,3,16,8523,AG,33,1,
598,3,16,8522,AG,34,1,
598,3,16,8521,AG,36,1,
598,3,16,8520,AG,42,1,
598,3,16,8519,AG,36,1,
598,3,16,8518,AG,51,1,
598,3,16,8517,AG,38,1,
599,1,19,8526,R,101,1,
599,3,21,8542,R,12,1,
601,2,21,8587,LS,36,1,
600,1,12,8549,A,30,1,
600,1,12,8548,A,16,1,
600,1,12,8547,A,40,1,
600,1,12,8546,A,23,1,
600,1,12,8545,A,57,1,
599,1,19,8532,G,10,1,
599,3,21,8543,AG,40,1,
600,2,15,8551,R,76,1,
599,3,21,8541,R,67,1,
599,3,21,8540,R,92,1,
599,3,21,8539,R,114,1,
599,3,21,8538,R,90,1,
599,3,21,8537,R,80,1,
599,3,21,8536,R,94,1,
599,3,21,8535,R,100,1,
600,1,12,8544,R,72,1,
527,0,0,8181,306,220,1,
527,0,0,8196,365,60,1,
527,0,0,8190,516,100,1,
527,0,0,8189,312,30,1,
527,0,0,8188,312,50,1,
527,0,0,8187,479,50,1,
527,0,0,8185,304,80,1,
526,0,0,8173,365,10,1,
527,0,0,8183,407,180,1,
528,0,0,8200,462,170,1,
527,0,0,8179,306,80,1,
527,0,0,8178,461,300,1,
527,0,0,8177,461,280,1,
527,0,0,8176,461,250,1,
526,0,0,8175,479,5,1,
632,1,29,9713,AM,82,1,
527,0,0,8184,426,140,1,
529,0,0,8212,424,140,1,
530,0,0,8226,407,100,1,
530,0,0,8225,407,90,1,
530,0,0,8224,461,350,1,
530,0,0,8220,461,200,1,
529,0,0,8219,365,140,1,
529,0,0,8215,407,170,1,
528,0,0,8198,461,280,1,
529,0,0,8213,462,150,1,
528,0,0,8199,465,350,1,
529,0,0,8211,424,80,1,
529,0,0,8210,462,200,1,
528,0,0,8206,522,200,1,
528,0,0,8205,499,200,1,
528,0,0,8203,407,220,1,
528,0,0,8201,407,150,1,
526,0,0,8172,365,5,1,
529,0,0,8214,418,100,1,
639,3,13,10123,R,73,1,
639,3,13,10131,A,56,1,
639,3,13,10130,PO,77,1,
639,3,13,10129,PO,89,1,
639,3,13,10128,PO,88,1,
639,3,13,10127,PO,84,1,
639,3,13,10126,P,52,1,
526,0,0,8174,479,3,1,
639,3,13,10124,R,113,1,
639,3,13,10134,A,43,1,
639,3,13,10122,R,78,1,
639,3,13,10121,R,27,1,
639,3,13,10120,R,84,1,
639,3,13,10119,R,63,1,
639,3,13,10118,R,66,1,
639,3,13,10117,R,73,1,
639,3,13,10125,R,107,1,
639,3,13,10141,AM,72,1,
526,0,0,8171,426,40,1,
526,0,0,8170,461,300,1,
526,0,0,8169,461,250,1,
526,0,0,8168,461,200,1,
525,0,0,8163,516,100,1,
525,0,0,8162,516,50,1,
639,3,13,10132,A,57,1,
639,3,13,10142,GA,36,1,
639,3,13,10133,A,53,1,
639,3,13,10140,LS,42,1,
639,3,13,10139,A,,1,
639,3,13,10138,A,48,1,
639,3,13,10137,A,52,1,
639,3,13,10136,A,49,1,
639,3,13,10135,A,55,1,
531,0,0,8237,303,50,1,
639,3,13,10143,PA,69,1,
603,3,16,8735,AG,13,1,
603,3,16,8743,AG,12,1,
603,3,16,8742,AG,10,1,
603,3,16,8741,AG,19,1,
603,3,16,8740,AG,17,1,
603,3,16,8739,AG,13,1,
603,3,16,8738,AG,11,1,
530,0,0,8229,312,50,1,
603,3,16,8736,AG,11,1,
603,3,16,8746,AG,17,1,
603,3,16,8734,AG,41,1,
603,3,16,8733,AG,26,1,
603,3,16,8732,AG,57,1,
603,3,16,8731,AG,44,1,
603,3,16,8730,AG,34,1,
603,3,16,8729,AG,32,1,
603,3,16,8737,AG,12,1,
603,3,16,8753,AG,12,1,
516,0,0,8036,538,5,1,
603,3,16,8760,AG,11,1,
603,3,16,8759,AG,14,1,
603,3,16,8758,AG,12,1,
603,3,16,8757,AG,17,1,
603,3,16,8756,AG,12,1,
603,3,16,8744,AG,11,1,
603,3,16,8754,AG,12,1,
603,3,16,8745,AG,33,1,
603,3,16,8752,AG,14,1,
603,3,16,8751,AG,12,1,
603,3,16,8750,AG,11,1,
603,3,16,8749,AG,18,1,
603,3,16,8748,AG,14,1,
603,3,16,8747,AG,14,1,
603,3,16,8726,AG,31,1,
603,3,16,8755,AG,10,1,
531,0,0,8244,306,50,1,
603,3,16,8728,AG,35,1,
603,3,16,8707,R,108,1,
603,3,16,8706,R,102,1,
603,3,16,8705,R,101,1,
603,2,15,8704,AG,11,1,
603,2,15,8703,AG,29,1,
603,3,16,8709,R,115,1,
531,0,0,8246,365,70,1,
603,3,16,8710,R,96,1,
531,0,0,8243,465,400,1,
531,0,0,8242,461,180,1,
531,0,0,8241,461,100,1,
531,0,0,8240,407,80,1,
531,0,0,8239,407,70,1,
531,0,0,8238,407,50,1,
639,3,13,10114,R,88,1,
603,2,15,8702,AG,31,1,
603,3,16,8718,A,27,1,
530,0,0,8233,365,70,1,
603,3,16,8725,AG,33,1,
603,3,16,8724,AG,48,1,
603,3,16,8723,AG,56,1,
603,3,16,8722,LS,9,1,
603,3,16,8721,A,8,1,
603,3,16,8708,R,114,1,
603,3,16,8719,A,28,1,
603,3,16,8727,AG,33,1,
603,3,16,8717,A,27,1,
603,3,16,8716,A,24,1,
603,3,16,8715,A,68,1,
603,3,16,8714,A,49,1,
603,3,16,8713,A,105,1,
603,3,16,8712,A,107,1,
603,3,16,8711,R,17,1,
603,3,16,8720,A,6,1,
632,3,28,9759,A,16,1,
633,1,14,9767,A,82,1,
633,1,14,9766,PO,58,1,
633,1,14,9765,AM,74,1,
633,1,14,9764,AM,77,1,
632,3,28,9763,P,,1,
632,3,28,9762,AM,,1,
638,1,25,10044,AG,13,1,
632,3,28,9760,A,15,1,
633,1,14,9770,A,78,1,
632,3,28,9758,A,25,1,
632,3,28,9757,A,41,1,
632,3,28,9756,PN,20,1,
632,3,28,9755,AM,47,1,
632,3,28,9754,AM,56,1,
632,3,28,9753,AM,42,1,
632,3,28,9761,A,28,1,
633,1,14,9777,R,108,1,
639,3,13,10116,R,59,1,
638,1,25,10042,AM,10,1,
638,1,25,10041,VC,43,1,
638,1,25,10040,LS,9,1,
638,1,25,10039,LS,7,1,
638,1,25,10038,LS,13,1,
633,1,14,9768,A,75,1,
633,1,14,9778,R,108,1,
633,1,14,9769,A,77,1,
633,1,14,9776,R,79,1,
633,1,14,9775,R,120,1,
633,1,14,9774,R,107,1,
633,1,14,9773,R,65,1,
633,1,14,9772,R,65,1,
633,1,14,9771,R,49,1,
632,3,28,9750,AM,56,1,
638,1,25,10037,CU,60,1,
632,1,29,9723,R,87,1,
632,3,28,9752,AM,66,1,
632,2,30,9731,R,66,1,
632,1,29,9729,A,21,1,
632,1,29,9728,AG,30,1,
632,1,29,9727,AG,23,1,
632,1,29,9726,R,84,1,
632,2,30,9733,R,70,1,
632,1,29,9724,R,102,1,
632,2,30,9734,R,67,1,
632,1,29,9722,R,85,1,
632,1,29,9721,R,75,1,
632,1,29,9720,R,70,1,
632,1,29,9719,R,65,1,
632,1,29,9718,R,83,1,
632,1,29,9717,R,70,1,
632,1,29,9716,AM,63,1,
632,1,29,9725,R,65,1,
632,3,28,9742,R,59,1,
638,2,28,10045,LS,20,1,
632,3,28,9749,AM,49,1,
632,3,28,9748,R,71,1,
632,3,28,9747,R,58,1,
632,3,28,9746,R,87,1,
632,3,28,9745,R,64,1,
632,2,30,9732,R,94,1,
632,3,28,9743,R,59,1,
632,3,28,9751,AM,71,1,
632,2,30,9741,VS,30,1,
632,2,30,9740,AM,67,1,
632,2,30,9739,AM,53,1,
632,2,30,9738,AM,92,1,
632,2,30,9737,AG,47,1,
632,2,30,9736,R,95,1,
632,2,30,9735,R,69,1,
632,3,28,9744,R,55,1,
639,2,13,10088,A,48,1,
639,2,13,10096,A,37,1,
639,2,13,10095,A,48,1,
639,2,13,10094,A,46,1,
639,2,13,10093,A,37,1,
639,2,13,10092,A,47,1,
639,2,13,10091,A,58,1,
638,1,25,10043,PN,17,1,
639,2,13,10089,A,49,1,
639,2,13,10099,R,67,1,
639,2,13,10087,A,41,1,
639,2,13,10086,R,30,1,
639,2,13,10085,R,64,1,
639,2,13,10084,R,57,1,
639,2,13,10083,R,76,1,
639,2,13,10082,R,68,1,
639,2,13,10090,A,58,1,
639,2,13,10106,R,118,1,
604,1,19,8762,R,97,1,
639,3,13,10113,R,109,1,
639,3,13,10112,R,93,1,
639,3,13,10111,R,71,1,
639,3,13,10110,R,81,1,
639,3,13,10109,R,58,1,
639,2,13,10097,A,43,1,
639,2,13,10107,R,61,1,
639,2,13,10098,R,69,1,
639,2,13,10105,R,76,1,
639,2,13,10104,R,36,1,
639,2,13,10103,R,79,1,
639,2,13,10102,R,57,1,
639,2,13,10101,R,68,1,
639,2,13,10100,R,74,1,
639,2,13,10079,R,77,1,
639,2,13,10108,P,67,1,
639,1,12,10053,R,67,1,
639,2,13,10081,R,57,1,
639,1,12,10060,R,64,1,
639,1,12,10059,R,55,1,
639,1,12,10058,R,58,1,
639,1,12,10057,R,76,1,
639,1,12,10056,R,77,1,
639,1,12,10062,LS,38,1,
639,1,12,10054,R,74,1,
639,1,12,10063,A,53,1,
639,1,12,10052,R,62,1,
638,3,29,10051,LS,12,1,
638,3,29,10050,LS,5,1,
638,3,29,10049,LS,65,1,
638,3,29,10048,LS,21,1,
638,2,28,10047,LS,16,1,
638,2,28,10046,LS,6,1,
639,1,12,10055,R,73,1,
639,1,12,10071,PO,87,1,
639,3,13,10115,R,111,1,
639,2,13,10078,R,87,1,
639,2,13,10077,R,83,1,
639,2,13,10076,R,73,1,
639,2,13,10075,R,116,1,
639,1,12,10074,GA,118,1,
639,1,12,10061,R,38,1,
639,1,12,10072,PO,76,1,
639,2,13,10080,R,89,1,
639,1,12,10070,PO,57,1,
639,1,12,10069,PO,58,1,
639,1,12,10068,PO,46,1,
639,1,12,10067,A,56,1,
639,1,12,10066,A,63,1,
639,1,12,10065,A,68,1,
639,1,12,10064,A,56,1,
639,1,12,10073,PO,21,1,
401,0,0,5978,306,200,1,
420,2,21,6542,R,113,1,
420,2,21,6541,R,68,1,
420,1,20,6540,AG,48,1,
420,1,20,6539,AG,48,1,
420,1,20,6538,AG,50,1,
420,1,20,6537,AG,41,1,
400,0,0,5960,407,200,1,
401,0,0,5979,304,100,1,
420,2,21,6545,A,73,1,
400,0,0,5971,347,150,1,
400,0,0,5966,431,200,1,
400,0,0,5965,462,150,1,
400,0,0,5964,426,100,1,
400,0,0,5963,306,10,1,
434,1,25,7095,R,63,1,
420,1,20,6536,AG,42,1,
420,2,21,6552,HR,9,1,May be 19 - hard to tell if 1 or comma in front of 9
420,3,20,6560,AG,45,1,
420,3,20,6559,AG,49,1,
420,3,20,6558,AG,49,1,
420,3,20,6557,AG,44,1,
420,3,20,6556,AG,43,1,
420,3,20,6555,AG,45,1,
420,2,21,6543,R,64,1,
420,2,21,6553,HR,11,1,
420,2,21,6544,R,52,1,
420,2,21,6551,HR,14,1,
420,2,21,6550,CS,8,1,
420,2,21,6549,LS,9,1,
420,2,21,6548,PY,43,1,
420,2,21,6547,AG,47,1,
420,2,21,6546,A,23,1,
399,0,0,5959,351,350,1,
420,3,20,6554,AG,53,1,
395,0,0,5907,516,100,1,
397,0,0,5918,424,250,1,
397,0,0,5917,407,250,1,
397,0,0,5916,407,200,1,
397,0,0,5915,461,300,1,
396,0,0,5913,479,100,1,
396,0,0,5910,407,150,1,
400,0,0,5962,424,150,1,
396,0,0,5908,461,200,1,
398,0,0,5930,461,250,1,
395,0,0,5903,312,100,1,
395,0,0,5900,461,300,1,
395,0,0,5899,407,200,1,
434,1,25,7098,A,42,1,
434,1,25,7097,A,48,1,
364,2,26,5623,G,26,1,
396,0,0,5909,461,250,1,
399,0,0,5942,306,150,1,
399,0,0,5956,538,100,1,
399,0,0,5953,461,300,1,
399,0,0,5952,431,200,1,
399,0,0,5951,312,200,1,
399,0,0,5950,465,300,1,
399,0,0,5949,407,200,1,
397,0,0,5921,479,100,1,
399,0,0,5943,407,200,1,
398,0,0,5929,303,100,1,
399,0,0,5941,306,200,1,
398,0,0,5939,462,150,1,
398,0,0,5936,461,100,1,
398,0,0,5933,304,200,1,
398,0,0,5932,407,200,1,
398,0,0,5931,407,150,1,
421,1,27,6563,R,93,1,
399,0,0,5948,462,200,1,
422,2,10,6605,R,84,1,
422,3,12,6613,R,60,1,
422,3,12,6612,R,75,1,
422,2,10,6611,LS,65,1,
422,2,10,6610,A,74,1,
422,2,10,6609,A,51,1,
422,2,10,6608,A,68,1,
420,3,20,6561,AG,46,1,
422,2,10,6606,A,61,1,
422,3,12,6616,R,77,1,
422,2,10,6604,R,68,1,
422,2,10,6603,R,111,1,
422,2,10,6602,R,61,1,
422,2,10,6601,R,47,1,
422,1,12,6600,A,74,1,
422,1,12,6599,A,63,1,
422,2,10,6607,A,70,1,
422,3,12,6623,R,130,1,
422,3,12,6631,A,56,1,
422,3,12,6630,A,59,1,
422,3,12,6629,A,58,1,
422,3,12,6628,A,61,1,
422,3,12,6627,A,67,1,
422,3,12,6626,A,59,1,
422,3,12,6614,R,112,1,
422,3,12,6624,R,63,1,
422,3,12,6615,R,154,1,
422,3,12,6622,R,88,1,
422,3,12,6621,R,75,1,
422,3,12,6620,R,84,1,
422,3,12,6619,R,58,1,
422,3,12,6618,R,49,1,
422,3,12,6617,R,98,1,
422,1,12,6596,R,77,1,
422,3,12,6625,R,84,1,
421,1,27,6570,AG,51,1,
422,1,12,6598,CU,77,1,
421,2,28,6577,AG,48,1,
421,2,28,6576,R,22,1,
421,2,28,6575,R,53,1,
421,2,28,6574,R,64,1,
421,2,28,6573,R,64,1,
421,2,28,6579,AG,47,1,
421,1,27,6571,LS,23,1,
421,2,28,6580,AG,52,1,
421,1,27,6569,AG,54,1,
421,1,27,6568,AG,50,1,
421,1,27,6567,AG,49,1,
421,1,27,6566,PN,14,1,
421,1,27,6565,R,27,1,
421,1,27,6564,R,64,1,
434,1,25,7094,R,90,1,
421,2,28,6572,R,66,1,
422,1,12,6588,R,71,1,
420,3,20,6562,AG,25,1,
422,1,12,6595,R,72,1,
422,1,12,6594,R,75,1,
422,1,12,6593,R,124,1,
422,1,12,6592,R,90,1,
422,1,12,6591,R,68,1,
421,2,28,6578,AG,47,1,
422,1,12,6589,R,61,1,
422,1,12,6597,R,92,1,
421,3,28,6587,HR,12,1,
421,3,28,6586,LS,31,1,
421,3,28,6585,R,13,1,
421,3,28,6584,AG,52,1,
421,3,28,6583,AG,50,1,
421,2,28,6582,AG,48,1,
421,2,28,6581,AG,54,1,
422,1,12,6590,R,79,1,
371,0,0,5690,461,150,1,
373,0,0,5707,461,100,1,
372,0,0,5706,365,100,1,
372,0,0,5705,365,150,1,
372,0,0,5704,333,500,1,
372,0,0,5702,306,300,1,
372,0,0,5699,312,150,1,
369,0,0,5675,461,250,1,
371,0,0,5692,516,100,1,
373,0,0,5714,303,100,1,
371,0,0,5689,312,100,1,
371,0,0,5687,407,200,1,
370,0,0,5684,479,50,1,
369,0,0,5680,462,200,1,
369,0,0,5679,365,200,1,
434,1,25,7096,A,100,1,
371,0,0,5693,479,50,1,
432,1,14,7011,AG,52,1,
432,1,14,7019,A,10,1,
432,1,14,7018,A,9,1,
432,1,14,7017,A,9,1,
432,1,14,7016,AG,6,1,
432,1,14,7015,AG,24,1,
432,1,14,7014,AG,11,1,
373,0,0,5710,461,350,1,
432,1,14,7012,AG,24,1,
373,0,0,5713,426,200,1,
432,1,14,7010,AG,48,1,
432,1,14,7009,AG,53,1,
374,0,0,5720,304,150,1,
374,0,0,5719,365,100,1,
374,0,0,5718,461,250,1,
374,0,0,5717,461,150,1,
369,0,0,5673,407,300,1,
432,1,14,7013,AG,7,1,
364,3,25,5630,R,53,1,
364,3,25,5638,R,81,1,
364,3,25,5637,R,23,1,
364,3,25,5636,R,45,1,
364,3,25,5635,R,42,1,
364,3,25,5634,R,39,1,
364,3,25,5633,R,69,1,
369,0,0,5676,461,400,1,
364,3,25,5631,R,67,1,
364,3,25,5641,AG,31,1,
364,2,26,5629,PY,9,1,measurement includes .5 decimal.  Rounded down to nearest mm
364,2,26,5628,AG,26,1,
364,2,26,5627,AG,32,1,
364,2,26,5626,AG,25,1,measurement includes .5 decimal.  Rounded down to nearest mm
364,2,26,5625,AG,26,1,
641,3,29,10208,A,54,1,
364,3,25,5632,R,21,1,
365,0,0,5652,516,50,1,
368,0,0,5668,516,100,1,
368,0,0,5667,466,100,1,
367,0,0,5666,306,200,1,
367,0,0,5665,461,100,1,
367,0,0,5663,461,200,1,
366,0,0,5662,479,50,1,
364,3,25,5639,P,63,1,
365,0,0,5653,516,100,1,
364,3,25,5640,P,46,1,
365,0,0,5651,463,150,1,
365,0,0,5650,306,150,1,
365,0,0,5649,306,250,1,
365,0,0,5645,461,300,1,
364,3,25,5643,AG,25,1,
364,3,25,5642,AG,24,1,
432,2,14,7022,AG,45,1,
366,0,0,5658,516,50,1,
433,2,18,7065,R,69,1,
433,2,18,7073,LS,44,1,
433,2,18,7072,AG,56,1,
433,2,18,7071,AG,50,1,
433,2,18,7070,AG,53,1,
433,2,18,7069,AG,48,1,
433,2,18,7068,AG,47,1,
432,1,14,7020,LS,19,1,
433,2,18,7066,R,92,1,
433,2,18,7076,LH,37,1,
433,2,18,7064,R,107,1,
433,2,18,7063,R,87,1,
433,1,19,7062,AG,50,1,
433,1,19,7061,PN,38,1,
433,1,19,7060,R,113,1,
433,1,19,7059,R,129,1,
433,2,18,7067,R,84,1,
433,3,17,7084,A,52,1,
434,1,25,7093,R,83,1,
434,1,25,7092,R,93,1,
434,1,25,7091,AM,90,1,
433,3,17,7090,HR,,1,
433,3,17,7088,HR,25,1,
433,3,17,7087,HR,19,1,"data sheet said ""18.5"""
433,2,18,7074,LS,35,1,
433,3,17,7085,A,57,1,
433,2,18,7075,HR,26,1,
433,3,17,7083,LS,55,1,
433,3,17,7082,AG,53,1,
433,3,17,7081,AG,53,1,
433,3,17,7080,AG,55,1,
433,3,17,7079,AG,58,1,
433,3,17,7078,R,86,1,
432,3,12,7056,AG,34,1,
433,3,17,7086,A,3,1,"data sheet said ""2.5"""
432,2,14,7029,AG,25,1,
432,3,12,7058,R,16,1,
432,3,12,7037,AG,31,1,
432,2,14,7035,R,,1,
432,2,14,7034,AM,77,1,
432,2,14,7033,A,67,1,
432,2,14,7032,R,57,1,
432,3,12,7039,AG,30,1,
432,2,14,7030,AG,18,1,
432,3,12,7040,AG,29,1,
432,2,14,7028,AG,45,1,
432,2,14,7027,AG,47,1,
432,2,14,7026,AG,50,1,
432,2,14,7025,AG,34,1,
432,2,14,7024,AG,33,1,
432,2,14,7023,AG,29,1,
422,3,12,6634,LS,55,1,
432,2,14,7031,AG,31,1,
432,3,12,7048,AG,29,1,
432,1,14,7021,AM,8,1,
432,3,12,7055,AG,32,1,
432,3,12,7054,AG,10,1,
432,3,12,7053,AG,27,1,
432,3,12,7052,AG,24,1,
432,3,12,7051,AG,25,1,
432,3,12,7038,AG,32,1,
432,3,12,7049,AG,23,1,
432,3,12,7057,AG,32,1,
432,3,12,7047,AG,37,1,
432,3,12,7046,AG,24,1,
432,3,12,7045,AG,30,1,
432,3,12,7044,AG,27,1,
432,3,12,7043,AG,31,1,
432,3,12,7042,AG,33,1,
432,3,12,7041,AG,32,1,
432,3,12,7050,AG,23,1,
435,3,12,7197,AG,53,1,
435,3,12,7205,AG,40,1,
435,3,12,7204,AG,20,1,
435,3,12,7203,AG,38,1,
435,3,12,7202,AG,51,1,
435,3,12,7201,AG,39,1,
435,3,12,7200,AG,36,1,
435,3,12,7190,R,144,1,
435,3,12,7198,AG,34,1,
435,3,12,7208,AG,17,1,
435,3,12,7196,AG,46,1,
435,3,12,7195,AG,50,1,
435,3,12,7194,R,28,1,
435,3,12,7193,R,29,1,
435,3,12,7192,R,22,1,
422,3,12,6632,A,59,1,
435,3,12,7199,AG,33,1,
435,3,12,7215,AG,19,1,
436,1,18,7223,AG,44,1,
435,3,12,7222,AG,7,1,
435,3,12,7221,AG,14,1,
435,3,12,7220,AG,11,1,
435,3,12,7219,AG,21,1,
435,3,12,7218,AG,22,1,
435,3,12,7206,AG,26,1,
435,3,12,7216,AG,30,1,
435,3,12,7207,AG,30,1,
435,3,12,7214,AG,10,1,
435,3,12,7213,AG,20,1,
435,3,12,7212,AG,9,1,
435,3,12,7211,AG,27,1,
435,3,12,7210,AG,40,1,
435,3,12,7209,AG,12,1,
435,3,12,7189,R,15,1,
435,3,12,7217,AG,34,1,
435,2,12,7162,AG,47,1,
435,2,12,7170,AG,50,1,
435,2,12,7169,AG,38,1,
435,2,12,7168,AG,58,1,
435,2,12,7167,AG,30,1,
435,2,12,7166,AG,43,1,
435,2,12,7165,AG,28,1,
435,3,12,7191,R,95,1,
435,2,12,7163,AG,48,1,
435,2,12,7173,AG,35,1,
435,2,12,7161,AG,30,1,
435,2,12,7160,AG,60,1,
435,2,12,7159,AG,51,1,
435,2,12,7158,AG,51,1,
435,2,12,7157,AG,58,1,
435,2,12,7156,AG,37,1,
435,2,12,7164,AG,29,1,
435,3,12,7180,R,74,1,
435,3,12,7188,R,39,1,
435,3,12,7187,R,62,1,
435,3,12,7186,R,60,1,
435,3,12,7185,R,56,1,
435,3,12,7184,R,130,1,
435,3,12,7183,R,66,1,
435,2,12,7171,AG,37,1,
435,3,12,7181,R,59,1,
435,2,12,7172,AG,60,1,
435,3,12,7179,R,114,1,
435,2,12,7178,A,,1,
435,2,12,7177,PL,31,1,
435,2,12,7176,A,46,1,
435,2,12,7175,A,77,1,
435,2,12,7174,R,28,1,
436,1,18,7226,AG,48,1,
435,3,12,7182,R,112,1,
437,3,26,7269,R,94,1,
438,1,13,7277,R,63,1,
437,3,26,7276,HR,16,1,
437,3,26,7275,AG,53,1,
437,3,26,7274,AG,49,1,
437,3,26,7273,R,62,1,
437,3,26,7272,R,57,1,
436,1,18,7224,AG,48,1,
437,3,26,7270,R,90,1,
439,2,19,7356,LH,39,1,
437,3,26,7268,R,100,1,
437,2,26,7267,HR,11,1,
437,2,26,7266,AG,52,1,
437,2,26,7265,AG,48,1,
437,1,24,7264,AG,45,1,
437,1,24,7263,AG,49,1,
437,3,26,7271,R,86,1,
439,3,20,7363,PL,12,1,
440,1,25,7371,AG,33,1,
440,1,25,7370,AG,35,1,
440,1,25,7369,AG,39,1,
440,1,25,7368,AG,37,1,
440,1,25,7367,LS,23,1,
439,3,20,7366,A,45,1,
438,1,13,7278,R,60,1,
439,3,20,7364,AG,35,1,
439,2,19,7355,AG,39,1,
439,3,20,7362,R,58,1,
439,3,20,7361,R,72,1,
439,3,20,7360,R,62,1,
439,3,20,7359,R,70,1,
439,3,20,7358,R,60,1,
439,2,19,7357,LH,27,1,
437,1,24,7260,AG,53,1,
439,3,20,7365,AG,38,1,
436,2,17,7233,AG,43,1,
437,1,24,7262,AG,49,1,
436,2,17,7240,AG,43,1,
436,2,17,7239,AG,28,1,
436,2,17,7238,AG,45,1,
436,2,17,7237,AG,43,1,
436,2,17,7236,AG,48,1,
436,2,17,7242,AG,46,1,
436,2,17,7234,AG,43,1,
436,2,17,7243,AG,43,1,
436,2,17,7232,LS,58,1,
436,2,17,7231,R,94,1,
436,1,18,7230,AG,31,1,
436,1,18,7229,AG,46,1,
436,1,18,7228,AG,41,1,
436,1,18,7227,AG,40,1,
435,1,13,7153,LS,35,1,
436,2,17,7235,AG,53,1,
437,1,24,7252,R,23,1,
436,1,18,7225,AG,49,1,
437,1,24,7259,AG,50,1,
437,1,24,7258,AG,45,1,
437,1,24,7257,AG,42,1,
437,1,24,7256,AG,48,1,
437,1,24,7255,AG,49,1,
436,2,17,7241,AG,51,1,
437,1,24,7253,R,80,1,
437,1,24,7261,AG,47,1,
436,3,18,7251,AG,52,1,
436,3,18,7250,AG,50,1,
436,3,18,7249,AG,48,1,
436,3,18,7248,AG,46,1,
436,3,18,7247,R,28,1,
436,3,18,7246,R,110,1,
436,2,17,7244,HR,12,1,
437,1,24,7254,LS,30,1,
424,1,25,6676,GP,85,1,
424,1,25,6684,A,25,1,
424,1,25,6683,A,31,1,
424,1,25,6682,A,35,1,
424,1,25,6681,A,35,1,
424,1,25,6680,LH,21,1,
424,1,25,6679,AG,13,1,
425,1,10,6703,AM,72,1,
424,1,25,6677,R,63,1,
424,2,28,6687,R,91,1,
424,1,25,6675,GP,34,1,
424,1,25,6674,PL,71,1,
423,3,19,6673,LH,35,1,
423,3,19,6672,LH,22,1,
423,3,19,6671,A,40,1,
423,3,19,6670,A,43,1,
424,1,25,6678,HR,12,1,
425,1,10,6694,R,117,1,
435,1,13,7155,A,65,1,
425,1,10,6701,P,27,1,
425,1,10,6700,R,103,1,
425,1,10,6699,R,91,1,
425,1,10,6698,R,79,1,
425,1,10,6697,R,69,1,
424,2,28,6685,R,87,1,
425,1,10,6695,R,68,1,
424,2,28,6686,R,64,1,
425,1,10,6693,R,101,1,
425,1,10,6692,R,72,1,
424,3,28,6691,R,55,1,
424,3,28,6690,R,70,1,
424,3,28,6689,R,70,1,
424,2,28,6688,A,63,1,
423,3,19,6667,A,79,1,
425,1,10,6696,R,103,1,
423,1,19,6641,A,60,1,
423,3,19,6669,A,50,1,
423,2,20,6648,R,56,1,
423,2,20,6647,LS,51,1,
423,2,20,6646,AG,34,1,
423,1,19,6645,A,33,1,
423,1,19,6644,A,46,1,
423,2,20,6650,R,77,1,
423,1,19,6642,A,68,1,
423,2,20,6651,R,83,1,
423,1,19,6640,LS,21,1,
423,1,19,6639,R,72,1,
423,1,19,6638,R,94,1,
423,1,19,6637,R,90,1,
423,1,19,6636,R,86,1,
422,3,12,6635,LH,37,1,
364,2,26,5622,R,43,1,
423,1,19,6643,A,54,1,
423,3,19,6659,R,38,1,
425,1,10,6704,AM,69,1,
423,3,19,6666,A,40,1,
423,3,19,6665,A,60,1,
423,3,19,6664,A,62,1,
423,3,19,6663,A,53,1,
423,3,19,6662,AG,12,1,
423,2,20,6649,R,84,1,
423,3,19,6660,R,69,1,
423,3,19,6668,A,52,1,
423,3,19,6658,R,69,1,
423,3,19,6657,R,78,1,
423,3,19,6656,R,77,1,
423,2,20,6655,LH,20,1,
423,2,20,6654,A,36,1,
423,2,20,6653,A,46,1,
423,2,20,6652,A,68,1,
423,3,19,6661,R,74,1,
435,1,13,7127,AG,52,1,
435,1,13,7135,AG,32,1,
435,1,13,7134,AG,51,1,
435,1,13,7133,AG,32,1,
435,1,13,7132,AG,33,1,
435,1,13,7131,AG,37,1,
435,1,13,7130,AG,49,1,
425,1,10,6702,P,32,1,
435,1,13,7128,AG,52,1,
435,1,13,7138,AG,46,1,
435,1,13,7126,AG,34,1,
435,1,13,7125,AG,35,1,
435,1,13,7124,AG,51,1,
435,1,13,7123,AG,51,1,
435,1,13,7122,AG,25,1,
435,1,13,7121,AG,52,1,
435,1,13,7129,AG,52,1,
435,1,13,7145,AG,28,1,
422,3,12,6633,A,46,1,
435,1,13,7152,AM,16,1,
435,1,13,7151,R,82,1,
435,1,13,7150,R,147,1,
435,1,13,7149,R,106,1,
435,1,13,7148,AG,24,1,
435,1,13,7136,AG,46,1,
435,1,13,7146,AG,30,1,
435,1,13,7137,AG,45,1,
435,1,13,7144,AG,43,1,
435,1,13,7143,AG,27,1,
435,1,13,7142,AG,28,1,
435,1,13,7141,AG,44,1,
435,1,13,7140,AG,42,1,
435,1,13,7139,AG,39,1,
434,3,25,7118,PN,23,1,
435,1,13,7147,AG,29,1,
425,2,9,6712,R,105,1,
435,1,13,7120,AG,30,1,
425,3,10,6719,R,77,1,
425,3,10,6718,R,67,1,
425,2,9,6717,A,82,1,
425,2,9,6716,PN,23,1,
425,2,9,6715,R,77,1,
434,1,25,7100,AG,50,1,
425,2,9,6713,R,91,1,
434,1,25,7101,CA,80,1,
425,2,9,6711,AM,55,1,
425,2,9,6710,AM,75,1,
425,2,9,6709,AM,82,1,
425,1,10,6708,A,80,1,
425,1,10,6707,A,89,1,
425,1,10,6706,PN,28,1,
425,1,10,6705,PN,32,1,
425,2,9,6714,R,79,1,
434,3,25,7110,AG,55,1,
435,1,13,7154,LS,32,1,
434,3,25,7117,AG,54,1,
434,3,25,7116,AG,58,1,
434,3,25,7115,AG,63,1,
434,3,25,7114,AG,64,1,
434,3,25,7113,AG,53,1,
434,1,25,7099,AG,47,1,
434,3,25,7111,AG,56,1,
434,3,25,7119,R,50,1,
434,3,25,7109,AM,54,1,
434,3,25,7108,AM,84,1,
434,2,25,7107,AG,52,1,
434,2,25,7106,R,137,1,
434,2,25,7105,R,66,1,
434,2,25,7104,R,87,1,
434,1,25,7102,HR,,1,
434,3,25,7112,AG,46,1,
352,2,28,5226,A,60,1,
353,1,13,5234,AG,51,1,
353,1,13,5233,AG,49,1,
353,1,13,5232,AG,46,1,
353,1,13,5231,AG,54,1,
352,3,30,5230,MT,5,1,
352,3,30,5229,TA,12,1,
352,2,28,5219,R,46,1,
352,2,28,5227,LS,25,1,
353,1,13,5237,AG,29,1,
352,2,28,5225,A,63,1,
352,2,28,5224,TA,16,1,
352,2,28,5223,R,32,1,
352,2,28,5222,R,43,1,
352,2,28,5221,R,13,1,
351,1,18,5184,A,52,1,
352,3,30,5228,R,122,1,
353,1,13,5244,AG,19,1,
353,1,13,5252,LS,27,1,
353,1,13,5251,LS,25,1,
353,1,13,5250,LS,25,1,
353,1,13,5249,LS,22,1,
353,1,13,5248,LS,60,1,
353,1,13,5247,AG,18,1,
353,1,13,5235,AG,24,1,
353,1,13,5245,AG,25,1,
353,1,13,5236,AG,27,1,
353,1,13,5243,AG,21,1,
353,1,13,5242,AG,20,1,
353,1,13,5241,AG,25,1,
353,1,13,5240,AG,29,1,
353,1,13,5239,AG,24,1,
353,1,13,5238,AG,22,1,
352,2,28,5218,R,30,1,
353,1,13,5246,AG,19,1,
351,2,18,5191,AG,54,1,
351,2,18,5199,LS,17,1,
351,2,18,5198,R,95,1,
351,2,18,5197,R,80,1,
351,2,18,5196,R,18,1,
351,2,18,5195,AG,18,1,
351,2,18,5194,AG,17,1,
352,2,28,5220,R,26,1,
351,2,18,5192,AG,46,1,
351,3,19,5202,R,72,1,
351,2,18,5190,AG,44,1,
351,2,18,5189,AG,48,1,
351,2,18,5188,AG,45,1,
351,2,18,5187,AG,50,1,
351,1,18,5186,A,47,1,
364,2,26,5624,G,27,1,
351,2,18,5193,AG,49,1,
352,1,28,5209,R,21,1,
352,2,28,5217,R,94,1,
352,2,28,5216,R,16,1,
352,2,28,5215,R,83,1,
352,2,28,5214,R,30,1,
352,2,28,5213,R,44,1,
352,2,28,5212,R,31,1,
351,2,18,5200,A,,1,
352,1,28,5210,R,56,1,
351,3,19,5201,R,73,1,
351,3,19,5208,LS,19,1,
351,3,19,5207,AG,45,1,
351,3,19,5206,AG,44,1,
351,3,19,5205,AG,51,1,
351,3,19,5204,AG,45,1,
351,3,19,5203,R,78,1,
353,1,13,5255,LS,15,1,
352,1,28,5211,R,10,1,
353,3,11,5298,AG,20,1,
353,3,11,5306,LS,16,1,
353,3,11,5305,LS,17,1,
353,3,11,5304,LS,91,1,
353,3,11,5303,AG,17,1,
353,3,11,5302,AG,26,1,
353,3,11,5301,AG,28,1,
353,1,13,5253,LS,13,1,
353,3,11,5299,AG,19,1,
354,1,22,5321,R,89,1,
353,3,11,5297,AG,23,1,
353,3,11,5296,AG,62,1,
353,3,11,5295,AG,17,1,
353,3,11,5294,AG,29,1,
353,3,11,5293,AG,16,1,
353,3,11,5292,AG,17,1,
353,3,11,5300,AG,24,1,
354,2,19,5328,AG,68,1,
354,3,20,5336,AG,69,1,
354,3,20,5335,AG,55,1,
354,3,20,5334,AG,52,1,
354,3,20,5333,AG,66,1,
354,2,19,5332,A,51,1,
354,2,19,5331,A,42,1,
354,1,22,5319,R,90,1,
354,2,19,5329,PN,25,1,
354,1,22,5320,R,73,1,
354,2,19,5327,AG,59,1,
354,2,19,5326,AG,49,1,
354,1,22,5325,AM,46,1,
354,1,22,5324,PN,28,1,
354,1,22,5323,R,29,1,
354,1,22,5322,R,79,1,
353,3,11,5289,AG,19,1,
354,2,19,5330,LS,70,1,
353,2,12,5262,AG,52,1,
353,3,11,5291,AG,17,1,
353,2,12,5269,AG,22,1,
353,2,12,5268,AG,17,1,
353,2,12,5267,AG,20,1,
353,2,12,5266,AG,22,1,
353,2,12,5265,AG,27,1,
32,1,9,22,R,115,1,
353,2,12,5263,AG,24,1,
353,2,12,5272,R,49,1,
353,2,12,5261,AG,53,1,
353,2,12,5260,LS,10,1,
353,2,12,5259,LS,17,1,
353,2,12,5258,MT,12,1,
353,2,12,5257,MT,43,1,
353,2,12,5256,P,53,1,
351,1,18,5183,A,39,1,
353,2,12,5264,AG,26,1,
353,3,11,5281,AG,51,1,
353,1,13,5254,LS,22,1,
353,3,11,5288,AG,23,1,
353,3,11,5287,AG,21,1,
353,3,11,5286,AG,23,1,
353,3,11,5285,AG,26,1,
353,3,11,5284,AG,22,1,
353,2,12,5270,R,45,1,
353,3,11,5282,AG,25,1,
353,3,11,5290,AG,18,1,
353,3,11,5280,AG,53,1,
353,2,12,5278,A,65,1,
353,2,12,5277,A,65,1,
353,2,12,5276,R,36,1,
353,2,12,5275,R,99,1,
353,2,12,5274,R,27,1,
640,2,19,10170,P,54,1,
353,3,11,5283,AG,27,1,
348,3,20,5085,R,66,1,
348,3,20,5093,AG,46,1,
348,3,20,5092,AG,38,1,
348,3,20,5091,AG,41,1,
348,3,20,5090,AG,38,1,
348,3,20,5089,AG,39,1,
348,3,20,5088,LS,56,1,
348,2,17,5078,R,29,1,
348,3,20,5086,R,62,1,
349,1,23,5096,R,104,1,
348,3,20,5084,R,87,1,
348,3,20,5083,R,50,1,
348,3,20,5082,R,76,1,
348,2,17,5081,LS,33,1,
348,2,17,5080,AG,43,1,
351,1,18,5185,A,51,1,
348,3,20,5087,LS,59,1,
349,2,23,5103,R,109,1,
350,1,13,5111,AG,46,1,
350,1,13,5110,AG,46,1,
350,1,13,5109,AG,49,1,
350,1,13,5108,AG,36,1,
349,3,24,5107,R,113,1,
349,3,24,5106,R,113,1,
348,3,20,5094,AG,47,1,
349,3,24,5104,R,102,1,
348,3,20,5095,AG,22,1,
349,2,23,5102,R,86,1,
349,2,23,5101,R,102,1,
349,2,23,5100,R,89,1,
349,2,23,5099,FE,153,1,
349,1,23,5098,PY,15,1,
349,1,23,5097,R,86,1,
348,2,17,5077,R,67,1,
349,3,24,5105,R,101,1,
347,3,9,5050,R,117,1,
348,1,17,5058,R,69,1,
348,1,17,5057,R,37,1,
347,3,9,5056,AM,11,1,
347,3,9,5055,AG,58,1,
347,3,9,5054,AG,52,1,
347,3,9,5053,AG,49,1,
348,2,17,5079,AG,51,1,
347,3,9,5051,R,75,1,
348,1,17,5061,AG,36,1,
347,3,9,5049,R,110,1,
347,3,9,5048,R,113,1,
347,3,9,5047,LS,47,1,
347,3,9,5046,PO,46,1,
347,3,9,5045,P,62,1,
347,3,9,5044,P,54,1,
347,3,9,5052,AG,43,1,
348,1,17,5068,AG,42,1,
348,2,17,5076,R,67,1,
348,2,17,5075,R,67,1,
348,2,17,5074,R,102,1,
348,2,17,5073,R,55,1,
348,2,17,5072,R,70,1,
348,1,17,5071,LS,12,1,
348,1,17,5059,R,79,1,
348,1,17,5069,AG,42,1,
348,1,17,5060,AG,36,1,
348,1,17,5067,AG,57,1,
348,1,17,5066,AG,23,1,
348,1,17,5065,AG,45,1,
348,1,17,5064,AG,39,1,
348,1,17,5063,AG,40,1,
348,1,17,5062,AG,42,1,
350,1,13,5114,AG,45,1,
348,1,17,5070,AG,44,1,
350,3,13,5154,AG,22,1,
350,3,13,5162,AG,44,1,
350,3,13,5161,AG,21,1,
350,3,13,5160,AG,46,1,
350,3,13,5159,AG,45,1,
350,3,13,5158,AG,48,1,
350,3,13,5157,AG,44,1,
350,1,13,5112,AG,38,1,
350,3,13,5155,AG,48,1,
350,3,13,5165,AG,45,1,
350,3,13,5153,AG,44,1,
350,3,13,5152,AG,20,1,
350,3,13,5151,AG,47,1,
350,3,13,5150,AG,55,1,
350,3,13,5149,AG,42,1,
350,3,13,5148,AG,51,1,
350,3,13,5156,AG,17,1,
351,1,18,5174,R,88,1,
351,1,18,5182,AG,23,1,
351,1,18,5181,AG,38,1,
351,1,18,5180,AG,41,1,
351,1,18,5179,AG,45,1,
351,1,18,5178,R,24,1,
351,1,18,5177,R,66,1,
350,3,13,5163,AG,49,1,
351,1,18,5175,R,91,1,
350,3,13,5164,AG,50,1,
350,3,13,5171,PO,48,1,
350,3,13,5170,LS,5,1,
350,3,13,5169,AG,38,1,
350,3,13,5168,AG,47,1,
350,3,13,5167,AG,44,1,
350,3,13,5166,AG,51,1,
350,3,13,5145,AG,35,1,
351,1,18,5176,R,105,1,
350,2,13,5121,AG,57,1,
350,3,13,5147,AG,42,1,
350,2,13,5128,AG,56,1,
350,2,13,5127,AG,38,1,
350,2,13,5126,AG,52,1,
350,2,13,5125,AG,48,1,
350,2,13,5124,AG,36,1,
350,2,13,5130,AG,49,1,
350,2,13,5122,AG,52,1,
350,2,13,5131,AG,46,1,
350,1,13,5120,LS,11,1,
350,1,13,5119,LS,25,1,
350,1,13,5118,LS,8,1,
350,1,13,5117,LS,7,1,
350,1,13,5116,PY,19,1,
350,1,13,5115,AG,41,1,
354,3,20,5339,AG,55,1,
350,2,13,5123,AG,47,1,
350,2,13,5139,VC,25,1,
350,1,13,5113,AG,46,1,
350,3,13,5144,AG,52,1,
350,3,13,5143,AG,32,1,
350,3,13,5142,AG,47,1,
350,3,13,5141,AG,52,1,
350,2,13,5173,AG,19,1,Listed on Invert Quadrat data sheet but also on measurement sheet
350,2,13,5129,AG,16,1,
350,2,13,5140,LS,26,1,From Invert Quadrat data sheet
350,3,13,5146,AG,42,1,
350,2,13,5138,AG,23,1,
350,2,13,5137,AG,41,1,
350,2,13,5136,AG,51,1,
350,2,13,5135,AG,41,1,
350,2,13,5134,AG,36,1,
350,2,13,5133,AG,44,1,
350,2,13,5132,AG,48,1,
350,2,13,5172,AG,49,1,Listed on Invert Quadrat data sheet but also on measurement sheet
361,3,27,5524,A,40,1,
362,1,14,5532,R,60,1,measurement includes .5 decimal.  Rounded down to nearest mm
362,1,14,5531,R,69,1,measurement includes .5 decimal.  Rounded down to nearest mm
362,1,14,5530,R,102,1,measurement includes .5 decimal.  Rounded down to nearest mm
362,1,14,5529,R,107,1,measurement includes .5 decimal.  Rounded down to nearest mm
361,3,27,5528,A,,1,
361,3,27,5527,LS,53,1,
361,2,29,5517,LH,21,1,
361,3,27,5525,AM,107,1,
362,1,14,5535,AG,26,1,
361,3,27,5523,R,97,1,
361,3,27,5522,R,112,1,
361,3,27,5521,R,72,1,
361,3,27,5520,R,68,1,
361,2,29,5519,LH,29,1,
354,3,20,5337,AG,50,1,
361,3,27,5526,FE,116,1,
362,1,14,5542,AG,34,1,measurement includes .5 decimal.  Rounded down to nearest mm
362,2,15,5550,R,45,1,
362,2,15,5549,R,59,1,
362,2,15,5548,R,36,1,measurement includes .5 decimal.  Rounded down to nearest mm
362,2,15,5547,R,51,1,measurement includes .5 decimal.  Rounded down to nearest mm
362,2,15,5546,R,40,1,
362,2,15,5545,R,37,1,
362,1,14,5533,R,59,1,
362,1,14,5543,AG,11,1,
362,1,14,5534,R,50,1,
362,1,14,5541,AG,29,1,
362,1,14,5540,AG,40,1,measurement includes .5 decimal.  Rounded down to nearest mm
362,1,14,5539,AG,29,1,
362,1,14,5538,AG,15,1,
362,1,14,5537,AG,31,1,
362,1,14,5536,AG,27,1,measurement includes .5 decimal.  Rounded down to nearest mm
361,2,29,5516,LH,21,1,
362,2,15,5544,R,40,1,
361,1,28,5489,A,23,1,
361,2,29,5497,AM,80,1,
361,2,29,5496,LS,59,1,
361,2,29,5495,MT,49,1,
361,1,28,5494,LH,39,1,
361,1,28,5493,AM,50,1,
361,1,28,5492,HR,10,1,
361,2,29,5518,LH,31,1,
361,1,28,5490,A,31,1,
361,2,29,5500,LH,25,1,
361,1,28,5488,A,32,1,
361,1,28,5487,A,50,1,
361,1,28,5486,A,5,1,
361,1,28,5485,A,23,1,
361,1,28,5484,A,27,1,
361,1,28,5483,A,25,1,
361,1,28,5491,A,21,1,
361,2,29,5507,R,82,1,
361,2,29,5515,LH,29,1,
361,2,29,5514,LH,25,1,
361,2,29,5513,LH,18,1,
361,2,29,5512,LH,16,1,
361,2,29,5511,LH,26,1,
361,2,29,5510,LH,15,1,
361,2,29,5498,LH,25,1,
361,2,29,5508,LH,22,1,
361,2,29,5499,LH,22,1,
361,2,29,5506,R,90,1,
361,2,29,5505,R,78,1,
361,2,29,5504,R,98,1,
361,2,29,5503,R,112,1,
361,2,29,5502,LH,11,1,
361,2,29,5501,LH,21,1,
362,2,15,5553,AG,24,1,
361,2,29,5509,LH,25,1,
363,2,23,5595,R,114,1,
363,2,23,5603,AM,5,1,
363,2,23,5602,AM,67,1,
363,2,23,5601,R,15,1,
363,2,23,5600,R,64,1,
363,2,23,5599,R,71,1,
363,2,23,5598,R,66,1,
362,2,15,5551,R,45,1,
363,2,23,5596,R,84,1,
363,3,23,5606,R,73,1,
363,2,23,5594,R,70,1,
363,1,22,5593,MT,3,1,
363,1,22,5592,AG,20,1,
363,1,22,5591,AG,5,1,
363,1,22,5590,AG,11,1,
363,1,22,5589,AG,37,1,
363,2,23,5597,R,58,1,
363,3,23,5613,R,77,1,
364,1,26,5621,PN,29,1,measurement includes .5 decimal.  Rounded down to nearest mm
364,1,26,5620,A,39,1,
364,1,26,5619,R,65,1,
363,3,23,5618,PY,9,1,
363,3,23,5617,AG,28,1,
363,3,23,5616,AG,39,1,
363,2,23,5604,AG,40,1,
363,3,23,5614,R,43,1,
363,2,23,5605,PN,17,1,
363,3,23,5612,R,69,1,
363,3,23,5611,R,46,1,
363,3,23,5610,R,77,1,
363,3,23,5609,R,72,1,
363,3,23,5608,R,74,1,
363,3,23,5607,R,70,1,
363,1,22,5586,A,50,1,
363,3,23,5615,R,22,1,
362,3,14,5560,R,44,1,measurement includes .5 decimal.  Rounded down to nearest mm
363,1,22,5588,AG,34,1,
362,3,14,5567,R,49,1,
362,3,14,5566,R,31,1,measurement includes .5 decimal.  Rounded down to nearest mm
362,3,14,5565,R,38,1,
362,3,14,5564,R,57,1,measurement includes .5 decimal.  Rounded down to nearest mm
362,3,14,5563,R,58,1,measurement includes .5 decimal.  Rounded down to nearest mm
362,3,14,5569,R,39,1,
362,3,14,5561,R,53,1,
362,3,14,5570,AG,21,1,
362,3,14,5559,R,55,1,measurement includes .5 decimal.  Rounded down to nearest mm
362,3,14,5558,R,46,1,measurement includes .5 decimal.  Rounded down to nearest mm
362,3,14,5557,R,71,1,
362,2,15,5556,P,44,1,
362,2,15,5555,AG,16,1,
362,2,15,5554,AG,19,1,
360,3,19,5480,A,36,1,
362,3,14,5562,R,125,1,
363,1,22,5578,R,53,1,
362,2,15,5552,AG,24,1,
363,1,22,5585,R,57,1,
363,1,22,5584,R,53,1,
363,1,22,5583,R,59,1,
363,1,22,5582,R,69,1,
363,1,22,5581,R,64,1,
362,3,14,5568,R,53,1,measurement includes .5 decimal.  Rounded down to nearest mm
363,1,22,5579,R,59,1,
363,1,22,5587,AG,29,1,
363,1,22,5577,R,77,1,
363,1,22,5576,R,59,1,
363,1,22,5575,R,66,1,
363,1,22,5574,R,55,1,
362,3,14,5573,G,37,1,
362,3,14,5572,AG,25,1,
362,3,14,5571,AG,21,1,
363,1,22,5580,R,86,1,
358,1,28,5382,LS,52,1,"line in front of ""52"" but I think it's just a squiggle"
358,2,26,5390,MT,9,1,
358,2,26,5389,R,80,1,
358,2,26,5388,R,99,1,
358,1,28,5387,MT,24,1,
358,1,28,5386,A,5,1,
358,1,28,5385,LH,53,1,
359,2,13,5410,R,111,1,
358,1,28,5383,LH,50,1,
358,3,24,5393,PN,21,1,
357,3,20,5380,PN,,1,
357,3,20,5379,LH,33,1,
357,3,20,5378,LH,46,1,
357,3,20,5377,LH,51,1,
357,3,20,5376,LH,47,1,
357,3,20,5375,A,22,1,
358,1,28,5384,LH,50,1,
359,1,12,5400,R,86,1,
361,1,28,5482,R,78,1,
359,1,12,5407,A,63,1,
359,1,12,5406,A,53,1,
359,1,12,5405,A,77,1,
359,1,12,5404,G,45,1,
359,1,12,5403,R,77,1,
358,3,24,5391,R,95,1,
359,1,12,5401,R,120,1,
358,3,24,5392,A,20,1,
358,3,24,5399,MT,11,1,
358,3,24,5398,LH,47,1,
358,3,24,5397,LH,58,1,
358,3,24,5396,LH,93,1,
358,3,24,5395,LH,53,1,
358,3,24,5394,LH,49,1,
357,3,20,5372,AM,54,1,
359,1,12,5402,R,80,1,
355,3,27,5346,AM,39,1,
357,3,20,5374,A,109,1,
356,1,15,5353,R,127,1,
356,1,15,5352,R,35,1,
356,1,15,5351,R,88,1,
356,1,15,5350,R,119,1,
356,1,15,5349,R,49,1,
356,1,15,5355,MT,5,1,
355,3,27,5347,AG,50,1,
356,2,15,5356,R,121,1,
355,3,27,5345,R,51,1,
355,2,27,5344,PN,23,1,
355,2,27,5343,R,84,1,
355,1,27,5342,R,85,1,
355,1,27,5341,AG,64,1,
354,3,20,5340,LS,45,1,
440,1,25,7374,R,52,1,
355,3,27,5348,AG,57,1,
357,1,21,5364,R,24,1,
359,2,13,5411,LH,41,1,
357,3,20,5371,MT,10,1,
357,3,20,5370,R,49,1,
357,3,20,5369,R,127,1,
357,3,20,5368,R,134,1,
357,3,20,5367,R,83,1,
356,1,15,5354,R,22,1,
357,1,21,5365,LH,61,1,
357,3,20,5373,AM,91,1,
357,1,21,5363,R,87,1,
356,3,15,5362,FS,56,1,
356,3,15,5361,PY,60,1,
356,2,15,5360,PN,28,1,
356,2,15,5359,HR,19,1,
356,2,15,5358,R,112,1,
356,2,15,5357,R,105,1,
357,1,21,5366,AM,87,1,
360,2,19,5454,R,87,1,
360,2,19,5462,LS,49,1,
360,2,19,5461,AM,92,1,
360,2,19,5460,AM,77,1,
360,2,19,5459,A,29,1,
360,2,19,5458,A,36,1,
360,2,19,5457,A,17,1,
359,1,12,5408,MT,24,1,
360,2,19,5455,R,86,1,
360,2,19,5465,LH,17,1,
360,2,19,5453,R,53,1,
360,2,19,5452,R,118,1,
360,2,19,5451,R,60,1,
360,1,19,5450,A,45,1,
360,1,19,5449,A,37,1,
360,1,19,5448,LH,31,1,
360,2,19,5456,R,70,1,
360,3,19,5472,LS,47,1,
354,3,20,5338,AG,56,1,
360,3,19,5479,A,32,1,
360,3,19,5478,LH,21,1,
360,3,19,5477,AM,73,1,
360,3,19,5476,AM,68,1,
360,3,19,5475,AM,56,1,
360,2,19,5463,LH,38,1,
360,3,19,5473,LS,68,1,
360,2,19,5464,LH,36,1,
360,3,19,5471,R,70,1,
360,3,19,5470,R,44,1,
360,3,19,5469,R,58,1,
360,3,19,5468,R,84,1,
360,3,19,5467,R,109,1,
360,2,19,5466,HR,16,1,
360,1,19,5445,R,87,1,
360,3,19,5474,AM,80,1,
359,2,13,5419,LS,6,1,
360,1,19,5447,R,76,1,
359,3,,5426,R,93,1,
359,3,,5425,R,88,1,
359,3,,5424,R,82,1,
359,3,,5423,R,84,1,
359,2,13,5422,R,,1,
359,3,,5428,R,75,1,
359,2,13,5420,FE,63,1,
359,3,,5429,R,86,1,
359,2,13,5418,A,50,1,
359,2,13,5417,A,59,1,
359,2,13,5416,A,69,1,
359,2,13,5415,A,48,1,
359,2,13,5414,A,50,1,
359,2,13,5413,A,58,1,
359,2,13,5412,LH,30,1,
359,2,13,5421,A,,1,
359,3,,5437,A,64,1,
361,1,28,5481,R,80,1,
360,1,19,5444,R,78,1,
360,1,19,5443,R,110,1,
360,1,19,5442,R,51,1,
360,1,19,5441,R,88,1,
360,1,19,5440,R,42,1,
359,3,,5427,R,74,1,
359,3,,5438,A,36,1,
360,1,19,5446,R,68,1,
359,3,,5436,A,55,1,
359,3,,5435,A,65,1,
359,3,,5434,A,59,1,
359,3,,5433,P,67,1,
359,3,,5432,LH,37,1,
359,3,,5431,LS,40,1,
359,3,,5430,R,103,1,
359,3,,5439,A,68,1,
448,1,20,7619,AG,17,1,
448,2,21,7627,AG,29,1,
448,2,21,7626,AG,25,1,
448,2,21,7625,AG,56,1,
448,2,21,7624,AG,6,1,
448,1,20,7623,AG,16,1,
448,1,20,7622,AG,10,1,
447,3,13,7612,AG,28,1,
448,1,20,7620,AG,9,1,
448,2,21,7630,AG,38,1,
448,1,20,7618,AG,22,1,
448,1,20,7617,AG,48,1,
448,1,20,7616,AG,15,1,
448,1,20,7615,AG,8,1,
448,1,20,7614,A,141,1,
447,3,13,7577,AG,31,1,
448,1,20,7621,AG,11,1,
448,2,21,7637,AG,21,1,
449,2,28,7645,A,142,1,
449,1,28,7644,A,96,1,
442,2,19,7643,G,,1,
448,3,20,7642,LH,38,1,
448,2,21,7641,LS,4,1,
448,2,21,7640,AM,65,1,
448,2,21,7628,AG,55,1,
448,2,21,7638,AG,47,1,
448,2,21,7629,AG,35,1,
448,2,21,7636,AG,50,1,
448,2,21,7635,AG,49,1,
448,2,21,7634,AG,24,1,
448,2,21,7633,AG,49,1,
448,2,21,7632,AG,34,1,
448,2,21,7631,AG,50,1,
447,3,13,7611,AG,22,1,
448,2,21,7639,AG,48,1,
447,3,13,7584,AG,29,1,
447,3,13,7592,AG,39,1,
447,3,13,7591,AG,37,1,
447,3,13,7590,AG,52,1,
447,3,13,7589,AG,50,1,
447,3,13,7588,AG,51,1,
447,3,13,7587,AG,51,1,
447,3,13,7613,AG,28,1,
447,3,13,7585,AG,52,1,
447,3,13,7595,AG,46,1,
447,3,13,7583,AG,28,1,
447,3,13,7582,AG,39,1,
447,3,13,7581,AG,45,1,
447,3,13,7580,AG,28,1,
447,3,13,7579,AG,26,1,
440,1,25,7372,AG,28,1,
447,3,13,7586,AG,27,1,
447,3,13,7602,AG,24,1,
447,3,13,7610,AG,40,1,
447,3,13,7609,AG,31,1,
447,3,13,7608,AG,39,1,
447,3,13,7607,AG,28,1,
447,3,13,7606,AG,24,1,
447,3,13,7605,AG,31,1,
447,3,13,7593,AG,24,1,
447,3,13,7603,AG,22,1,
447,3,13,7594,AG,25,1,
447,3,13,7601,AG,24,1,
447,3,13,7600,AG,28,1,
447,3,13,7599,AG,47,1,
447,3,13,7598,AG,24,1,
447,3,13,7597,AG,42,1,
447,3,13,7596,AG,35,1,
449,3,27,7648,PO,67,1,
447,3,13,7604,AG,43,1,
451,3,21,7692,A,44,1,
451,3,21,7700,LH,38,1,
451,3,21,7699,LH,38,1,
451,3,21,7698,LH,25,1,
451,3,21,7697,LH,21,1,
451,3,21,7696,LH,33,1,
451,3,21,7695,A,9,1,
449,2,28,7646,LS,13,1,
451,3,21,7693,A,53,1,
451,3,21,7704,AM,,1,
451,3,21,7691,A,32,1,
451,3,21,7690,R,59,1,
451,3,21,7689,R,68,1,
451,3,21,7688,R,75,1,
451,3,21,7687,R,104,1,
451,2,21,7685,MT,29,1,
451,3,21,7694,A,52,1,
452,1,27,7711,LH,29,1,
452,2,27,7719,LS,63,1,
452,2,27,7718,AM,88,1,
452,2,27,7717,MT,23,1,
452,2,27,7716,HR,14,1,
452,2,27,7715,A,23,1,
452,2,27,7714,A,42,1,
451,3,21,7701,LH,27,1,
452,1,27,7712,A,30,1,
451,3,21,7702,R,66,1,
452,1,27,7710,LH,42,1,
452,1,27,7709,LH,40,1,
452,1,27,7708,LH,38,1,
452,1,27,7707,AM,110,1,
452,1,27,7706,AM,94,1,
452,1,27,7705,HR,18,1,
451,2,21,7682,LH,32,1,
452,1,27,7713,A,,1,
450,1,15,7655,LH,42,1,
451,2,21,7684,PN,29,1,
450,3,16,7663,A,9,1,
450,3,16,7662,A,59,1,
450,2,14,7660,P,62,1,"""PU"" on data sheet. Used P since no such code"
450,2,14,7659,R,72,1,
450,2,14,7658,LH,35,1,
450,3,16,7665,A,73,1,
450,1,15,7656,LS,66,1,
450,3,16,7666,A,48,1,
450,1,15,7654,LH,35,1,
450,1,15,7653,AM,82,1,
450,1,15,7652,A,57,1,
450,1,15,7651,R,83,1,
450,1,15,7650,R,54,1,
450,1,15,7649,R,91,1,
447,3,13,7576,AG,33,1,
450,2,14,7657,LH,41,1,
451,1,21,7674,R,71,1,
449,2,28,7647,VC,15,1,
451,2,21,7681,LH,46,1,
451,2,21,7680,LH,38,1,
451,2,21,7679,R,84,1,
451,1,21,7678,HR,17,1,
451,1,21,7677,HR,13,1,
450,3,16,7664,A,61,1,
451,1,21,7675,A,54,1,
451,2,21,7683,LH,33,1,
451,1,21,7673,R,56,1,
451,1,21,7672,R,72,1,
451,1,21,7671,R,64,1,
450,3,16,7670,LS,38,1,
450,3,16,7669,R,56,1,
450,3,16,7668,LH,32,1,
450,3,16,7667,A,32,1,
451,1,21,7676,A,51,1,
438,1,13,7292,AG,26,1,
438,2,14,7300,R,73,1,
438,1,13,7299,AG,15,1,
438,1,13,7298,AG,25,1,
438,1,13,7297,AG,30,1,
438,1,13,7296,AG,29,1,
438,1,13,7295,AG,28,1,
438,1,13,7285,R,57,1,
438,1,13,7293,AG,16,1,
438,2,14,7303,R,82,1,
438,1,13,7291,AG,28,1,
438,1,13,7290,AG,29,1,
438,1,13,7289,AG,13,1,
438,1,13,7288,AG,28,1,
438,1,13,7287,AG,29,1,
447,3,13,7578,AG,27,1,
438,1,13,7294,AG,27,1,
438,2,14,7310,R,58,1,
438,2,14,7318,AG,28,1,
438,2,14,7317,AG,32,1,
438,2,14,7316,AG,33,1,
438,2,14,7315,AG,14,1,
438,2,14,7314,AG,38,1,
438,2,14,7313,R,60,1,
438,2,14,7301,R,83,1,
438,2,14,7311,R,72,1,
438,2,14,7302,R,77,1,
438,2,14,7309,R,65,1,
438,2,14,7308,R,80,1,
438,2,14,7307,R,74,1,
438,2,14,7306,R,59,1,
438,2,14,7305,R,70,1,
438,2,14,7304,R,69,1,
438,1,13,7284,R,104,1,
438,2,14,7312,R,100,1,
418,2,28,6422,R,62,1,
418,2,28,6430,R,86,1,
418,2,28,6429,R,70,1,
418,2,28,6428,R,82,1,
418,2,28,6427,R,86,1,
418,2,28,6426,R,63,1,
418,2,28,6425,R,71,1,
438,1,13,7286,R,64,1,
418,2,28,6423,R,61,1,
418,2,28,6433,AM,55,1,
418,1,29,6421,AM,22,1,
418,1,29,6420,AM,11,1,
418,1,29,6419,AM,20,1,
418,1,29,6418,AM,20,1,
418,1,29,6417,AM,30,1,
418,1,29,6416,AM,22,1,
418,2,28,6424,R,69,1,
418,2,28,6440,AM,28,1,
438,1,13,7283,R,65,1,
438,1,13,7282,R,60,1,
438,1,13,7281,R,63,1,
438,1,13,7280,R,122,1,
438,1,13,7279,R,75,1,
418,2,28,6443,LS,14,1,
418,2,28,6431,R,80,1,
418,2,28,6441,LS,21,1,
418,2,28,6432,R,88,1,
418,2,28,6439,AM,27,1,
418,2,28,6438,AM,12,1,
418,2,28,6437,AM,22,1,
418,2,28,6436,AM,38,1,
418,2,28,6435,AM,37,1,
418,2,28,6434,AM,42,1,
438,2,14,7321,AG,37,1,
418,2,28,6442,PN,23,1,
447,2,13,7549,AG,44,1,
447,2,13,7557,AG,46,1,
447,2,13,7556,AG,39,1,
447,2,13,7555,AG,51,1,
447,2,13,7554,AG,43,1,
447,2,13,7553,AG,44,1,
447,2,13,7552,AG,39,1,
438,2,14,7319,AG,33,1,
447,2,13,7550,AG,24,1,
447,2,13,7560,AG,43,1,
447,2,13,7548,AG,41,1,
447,1,13,7547,LS,21,1,
447,1,13,7546,LH,29,1,
447,1,13,7545,AG,12,1,
447,1,13,7544,AG,46,1,
447,1,13,7543,AG,29,1,
447,2,13,7551,AG,46,1,
447,2,13,7567,AM,33,1,
447,3,13,7575,AG,46,1,
447,3,13,7574,AG,48,1,
447,3,13,7573,AG,44,1,
447,3,13,7572,AG,43,1,
447,3,13,7571,LS,32,1,
447,2,13,7570,CS,6,1,
447,2,13,7558,AG,47,1,
447,2,13,7568,HR,28,1,
447,2,13,7559,AG,52,1,
447,2,13,7566,PY,25,1,
447,2,13,7565,LS,38,1,
447,2,13,7564,LS,22,1,
447,2,13,7563,AG,26,1,
447,2,13,7562,AG,44,1,
447,2,13,7561,AG,48,1,
439,2,19,7354,AG,30,1,
447,2,13,7569,PO,39,1,
438,3,14,7328,R,57,1,
447,1,13,7542,AG,53,1,
438,3,14,7335,R,60,1,
438,3,14,7334,R,70,1,
438,3,14,7333,R,55,1,
438,3,14,7332,R,63,1,
438,3,14,7331,R,50,1,
439,1,21,7337,AG,36,1,
438,3,14,7329,R,68,1,
439,1,21,7338,AG,34,1,
438,3,14,7327,R,74,1,
438,3,14,7326,R,110,1,
438,3,14,7325,R,57,1,
438,3,14,7324,R,72,1,
438,3,14,7323,R,93,1,
438,2,14,7322,LH,34,1,
452,3,26,7723,R,68,1,
438,3,14,7330,R,52,1,
439,2,19,7346,R,51,1,
438,2,14,7320,AG,28,1,
439,2,19,7353,AG,37,1,
439,2,19,7352,AG,32,1,
439,2,19,7351,AG,38,1,
439,2,19,7350,AG,35,1,
439,2,19,7349,A,23,1,
438,3,14,7336,PY,41,1,
439,2,19,7347,R,41,1,
447,1,13,7541,AG,55,1,
439,2,19,7345,R,70,1,
439,2,19,7344,R,55,1,
439,1,21,7343,R,22,1,
439,1,21,7342,AG,36,1,
439,1,21,7341,AG,35,1,
439,1,21,7340,AG,32,1,
439,1,21,7339,AG,25,1,
439,2,19,7348,R,55,1,
387,0,0,5817,462,200,1,
389,0,0,5841,462,250,1,
388,0,0,5828,426,100,1,
388,0,0,5827,461,400,1,
388,0,0,5826,461,300,1,
388,0,0,5825,461,200,1,
388,0,0,5824,426,150,1,
458,1,28,7900,AG,44,1,
387,0,0,5819,516,150,1,
389,0,0,5845,461,350,1,
387,0,0,5816,407,500,1,
387,0,0,5811,407,250,1,
386,0,0,5810,461,250,1,
458,1,28,7903,AG,48,1,
458,1,28,7902,AG,38,1,
452,3,26,7721,A,55,1,
387,0,0,5822,461,200,1,
390,0,0,5861,462,200,1,
391,0,0,5880,306,250,1,
391,0,0,5879,306,200,1,
391,0,0,5878,429,200,1,
391,0,0,5877,431,250,1,
390,0,0,5868,461,300,1,
390,0,0,5866,516,150,1,
389,0,0,5842,462,200,1,
390,0,0,5862,306,100,1,
389,0,0,5843,462,150,1,
390,0,0,5860,462,250,1,
390,0,0,5859,461,300,1,
390,0,0,5858,424,250,1,
390,0,0,5857,306,150,1,
389,0,0,5848,306,200,1,
389,0,0,5846,461,250,1,
458,1,28,7899,AG,45,1,
390,0,0,5865,516,100,1,
457,1,21,7872,AG,45,1,
457,2,20,7880,R,60,1,
457,2,20,7879,R,52,1,
457,2,20,7878,R,55,1,
457,2,20,7877,R,67,1,
457,2,20,7876,R,57,1,
457,2,20,7875,R,111,1,
458,1,28,7901,AG,43,1,
457,1,21,7873,AG,27,1,
457,2,20,7883,AG,45,1,
457,1,21,7871,AG,22,1,
457,1,21,7870,AG,27,1,
457,1,21,7869,AG,29,1,
457,1,21,7868,AG,45,1,
457,1,21,7867,AG,28,1,
457,1,21,7866,AG,51,1,
457,1,21,7874,AG,25,1,
457,3,20,7890,AG,48,1,
458,1,28,7898,AG,44,1,
458,1,28,7897,AG,42,1,
458,1,28,7896,AG,45,1,
458,1,28,7895,LS,27,1,
458,1,28,7894,LS,23,1,
458,1,28,7893,LS,124,1,
457,2,20,7881,R,46,1,
457,3,20,7891,AG,27,1,
457,2,20,7882,AG,43,1,
457,3,20,7889,R,52,1,
457,3,20,7888,R,76,1,
457,3,20,7887,R,75,1,
457,2,20,7886,A,69,1,
457,2,20,7885,AG,55,1,
457,2,20,7884,AG,52,1,
391,0,0,5885,522,200,1,
457,3,20,7892,AG,44,1,
640,3,21,10179,R,62,1,
640,3,21,10187,A,45,1,
640,3,21,10186,A,46,1,
640,3,21,10185,R,58,1,
640,3,21,10184,R,65,1,
640,3,21,10183,R,57,1,
640,3,21,10182,R,63,1,
391,0,0,5883,479,100,1,
640,3,21,10180,R,53,1,
640,3,21,10190,A,42,1,
640,3,21,10178,R,26,1,
640,3,21,10177,R,65,1,
640,3,21,10176,R,97,1,
640,3,21,10175,R,102,1,
640,3,21,10174,R,93,1,
640,2,19,10173,A,54,1,
640,3,21,10181,R,68,1,
641,1,26,10197,AG,17,1,
641,3,29,10205,R,54,1,
641,2,29,10204,LH,23,1,
641,2,29,10203,LS,31,1,
641,2,29,10202,R,60,1,
641,2,29,10201,R,71,1,
641,2,29,10200,R,93,1,
640,3,21,10188,A,54,1,
641,1,26,10198,AG,18,1,
640,3,21,10189,A,56,1,
641,1,26,10196,A,53,1,
641,1,26,10195,R,80,1,
641,1,26,10194,R,75,1,
641,1,26,10193,R,59,1,
641,1,26,10192,R,70,1,
640,3,21,10191,AG,12,1,
457,2,20,7932,PN,,1,On Invert Quadrat sheet: hidden - couldn't measure
641,2,29,10199,R,58,1,
458,1,28,7906,R,57,1,
640,2,19,10172,A,52,1,
458,2,28,7913,AG,49,1,
458,2,28,7912,LS,26,1,
458,2,28,7911,LS,19,1,
458,2,28,7910,R,15,1,
458,2,28,7909,R,64,1,
458,2,28,7915,LH,37,1,
458,2,28,7907,R,77,1,
458,3,28,7916,R,69,1,
458,1,28,7905,LH,41,1,
458,1,28,7904,LH,36,1,
393,0,0,5893,306,150,1,
393,0,0,5892,633,150,1,"""C O sole"" scratched out and replaced with ""Flatfish sp."" No such code - used C O sole"
392,0,0,5888,461,200,1,
391,0,0,5886,462,150,1,
457,1,21,7863,R,52,1,
458,2,28,7908,R,72,1,
458,3,28,7924,AG,27,1,
391,0,0,5884,522,150,1,
458,3,28,7931,LH,30,1,
458,3,28,7930,AG,28,1,
458,3,28,7929,AG,33,1,
458,3,28,7928,AG,41,1,
458,3,28,7927,AG,42,1,
458,2,28,7914,AG,47,1,
458,3,28,7925,AG,44,1,
640,2,19,10171,AG,53,1,
458,3,28,7923,A,48,1,
458,3,28,7922,R,51,1,
458,3,28,7921,R,18,1,
458,3,28,7920,R,61,1,
458,3,28,7919,R,53,1,
458,3,28,7918,R,72,1,
458,3,28,7917,R,76,1,
458,3,28,7926,AG,43,1,
453,3,13,7766,R,100,1,
454,1,19,7774,R,76,1,
454,1,19,7773,R,63,1,
454,1,19,7772,R,62,1,
453,3,13,7771,R,100,1,
453,3,13,7770,R,72,1,
453,3,13,7769,R,80,1,
454,3,22,7793,AG,52,1,
453,3,13,7767,R,84,1,
454,1,19,7777,R,102,1,
453,3,13,7765,R,50,1,
453,3,13,7764,R,104,1,
453,3,13,7763,P,59,1,"""PU"" on data sheet. Used P since no such code"
453,3,13,7762,P,57,1,"""PU"" on data sheet. Used P since no such code"
453,3,13,7761,P,68,1,"""PU"" on data sheet. Used P since no such code"
453,3,13,7760,G,2,1,
453,3,13,7768,R,97,1,
454,2,17,7784,R,63,1,
457,1,21,7865,R,31,1,
454,3,22,7791,R,82,1,
454,3,22,7790,R,79,1,
454,2,17,7789,A,30,1,
454,2,17,7788,A,44,1,
454,2,17,7787,AG,51,1,
454,1,19,7775,R,58,1,
454,2,17,7785,R,65,1,
454,1,19,7776,R,40,1,
454,2,17,7783,R,79,1,
454,2,17,7782,R,51,1,
454,1,19,7781,A,18,1,
454,1,19,7780,A,27,1,
454,1,19,7779,A,65,1,
454,1,19,7778,PO,30,1,
453,2,13,7756,R,92,1,
454,2,17,7786,AM,69,1,
452,3,26,7730,GP,132,1,
453,3,13,7759,AG,44,1,
453,1,13,7737,R,72,1,
453,1,13,7736,R,63,1,
453,1,13,7735,R,94,1,
453,1,13,7734,R,87,1,
453,1,13,7733,R,90,1,
453,1,13,7739,AG,46,1,
452,3,26,7731,PL,46,1,
453,1,13,7740,AM,13,1,
452,3,26,7729,GP,124,1,
452,3,26,7728,GP,67,1,
452,3,26,7727,AM,94,1,
452,3,26,7726,AM,61,1,
452,3,26,7725,R,72,1,
452,3,26,7724,R,66,1,
418,1,29,6413,MT,46,1,
452,3,26,7732,PL,87,1,
453,2,13,7748,R,80,1,
454,3,22,7794,LS,28,1,
453,2,13,7755,R,87,1,
453,2,13,7754,R,88,1,
453,2,13,7753,R,95,1,
453,2,13,7752,R,75,1,
453,2,13,7751,R,97,1,
453,1,13,7738,AG,48,1,
453,2,13,7749,R,86,1,
453,3,13,7758,A,28,1,
453,2,13,7747,R,71,1,
453,2,13,7746,R,72,1,
453,2,13,7745,R,71,1,
453,2,13,7744,R,94,1,
453,2,13,7743,R,82,1,
453,2,13,7742,AG,51,1,
453,2,13,7741,A,63,1,
453,2,13,7750,R,72,1,
456,1,16,7837,A,67,1,
456,2,16,7845,LH,35,1,
456,2,16,7844,A,60,1,
456,2,16,7843,AG,43,1,
456,2,16,7842,AG,40,1,
456,2,16,7841,AG,37,1,
456,2,16,7840,R,80,1,
454,3,22,7792,AG,46,1,
456,2,16,7838,R,81,1,
456,3,15,7848,R,55,1,
456,1,16,7836,AG,24,1,
456,1,16,7835,AG,34,1,
456,1,16,7834,AG,40,1,
456,1,16,7833,AG,43,1,
456,1,16,7832,AG,28,1,
456,1,16,7831,AG,42,1,
456,2,16,7839,R,71,1,
456,3,15,7855,AG,25,1,
452,3,26,7722,A,28,1,
457,1,21,7862,R,58,1,
457,1,21,7861,R,84,1,
457,1,21,7860,R,75,1,
456,3,15,7859,LS,29,1,
456,3,15,7858,AG,24,1,
456,3,15,7846,R,75,1,
456,3,15,7856,AG,34,1,
456,3,15,7847,R,49,1,
456,3,15,7854,AG,43,1,
456,3,15,7853,R,57,1,
456,3,15,7852,R,52,1,
456,3,15,7851,R,72,1,
456,3,15,7850,R,78,1,
456,3,15,7849,R,110,1,
456,1,16,7828,AG,34,1,
456,3,15,7857,AG,43,1,
455,1,26,7802,LH,50,1,
456,1,16,7830,AG,28,1,
455,3,26,7809,R,52,1,
455,2,26,7808,R,72,1,
455,2,26,7807,R,94,1,
455,2,26,7806,R,55,1,
455,2,26,7805,R,59,1,
455,3,26,7811,R,76,1,
455,1,26,7803,AM,11,1,
455,3,26,7812,LH,22,1,
455,1,26,7801,R,52,1,
455,1,26,7800,R,71,1,
455,1,26,7799,R,78,1,
455,1,26,7798,R,56,1,
454,3,22,7797,MT,4,1,
454,3,22,7796,LH,31,1,
454,3,22,7795,LH,23,1,
455,2,26,7804,R,54,1,
456,1,16,7820,R,57,1,
457,1,21,7864,R,54,1,
456,1,16,7827,AG,42,1,
456,1,16,7826,AG,35,1,
456,1,16,7825,AG,33,1,
456,1,16,7824,R,77,1,
456,1,16,7823,R,53,1,
455,3,26,7810,R,62,1,
456,1,16,7821,R,55,1,
456,1,16,7829,AG,44,1,
456,1,16,7819,R,84,1,
456,1,16,7818,R,80,1,
455,3,26,7817,AM,104,1,
455,3,26,7816,A,23,1,
455,3,26,7815,AG,48,1,
455,3,26,7814,AG,37,1,
455,3,26,7813,LH,44,1,
456,1,16,7822,R,49,1,
429,3,16,6830,R,62,1,
429,3,16,6838,WS,101,1,
429,3,16,6837,WS,100,1,
429,3,16,6836,P,65,1,
429,3,16,6835,P,68,1,
429,3,16,6834,R,75,1,
429,3,16,6833,R,62,1,
429,3,16,6823,R,86,1,
429,3,16,6831,R,78,1,
429,3,16,6841,AM,73,1,
429,3,16,6829,R,118,1,
429,3,16,6828,R,22,1,
429,3,16,6827,R,82,1,
429,3,16,6826,R,72,1,
429,3,16,6825,R,108,1,
442,2,19,7450,R,103,1,
429,3,16,6832,R,59,1,
429,3,16,6848,GP,66,1,
430,1,19,6856,R,113,1,
430,1,19,6855,R,76,1,
430,1,19,6854,R,78,1,
430,1,19,6853,R,55,1,
430,1,19,6852,R,51,1,
430,1,19,6851,R,57,1,
429,3,16,6839,AM,72,1,
429,3,16,6849,RA,51,1,
429,3,16,6840,AM,66,1,
429,3,16,6847,PN,30,1,
429,3,16,6846,CA,102,1,
429,3,16,6845,GA,118,1,
429,3,16,6844,LS,19,1,
429,3,16,6843,LS,38,1,
429,3,16,6842,AM,69,1,
429,2,16,6822,WS,72,1,
429,3,16,6850,RA,46,1,
419,3,13,6518,AG,50,1,
419,3,13,6526,AG,32,1,
419,3,13,6525,AG,47,1,
419,3,13,6524,AG,49,1,
419,3,13,6523,AG,48,1,
419,3,13,6522,AG,44,1,
419,3,13,6521,AG,32,1,
429,3,16,6824,R,111,1,
419,3,13,6519,AG,44,1,
419,3,13,6529,AG,23,1,
419,3,13,6517,AG,38,1,
419,3,13,6516,AG,42,1,
419,3,13,6515,A,77,1,
419,3,13,6514,A,93,1,
419,3,13,6513,A,78,1,
419,3,13,6512,A,91,1,
419,3,13,6520,AG,51,1,
429,2,16,6813,A,88,1,87.5 on dive sheet. Rounded up
429,2,16,6821,WS,106,1,
429,2,16,6820,PO,63,1,
429,2,16,6819,PO,37,1,
429,2,16,6818,AM,80,1,
429,2,16,6817,AM,79,1,
429,2,16,6816,AM,30,1,
419,3,13,6527,AG,45,1,
429,2,16,6814,A,79,1,
419,3,13,6528,AG,48,1,
420,1,20,6535,AG,43,1,
420,1,20,6534,AG,49,1,
420,1,20,6533,R,90,1,
419,3,13,6532,AG,28,1,
419,3,13,6531,AG,28,1,
419,3,13,6530,AG,26,1,
430,1,19,6859,LH,46,1,
429,2,16,6815,AM,66,1,
431,2,28,6902,R,65,1,
431,2,28,6910,AM,71,1,
431,2,28,6909,AG,14,1,
431,2,28,6908,AG,13,1,
431,2,28,6907,LH,34,1,
431,2,28,6906,A,9,1,
431,2,28,6905,A,88,1,
430,1,19,6857,A,59,1,
431,2,28,6903,R,88,1,
431,3,26,6913,R,86,1,
431,2,28,6901,R,62,1,
431,2,28,6900,R,82,1,
431,1,27,6899,HR,,1,
431,1,27,6898,AM,,1,
431,1,27,6897,WS,83,1,
431,1,27,6896,AM,60,1,
431,2,28,6904,A,76,1,
431,3,26,6920,AM,45,1,
418,1,29,6415,AM,60,1,
442,2,19,7448,R,74,1,
431,3,26,6926,AG,18,1,
431,3,26,6925,AG,39,1,
431,3,26,6924,AG,32,1,
431,3,26,6923,AG,18,1,
431,2,28,6911,PN,20,1,
431,3,26,6921,AM,78,1,
431,3,26,6912,R,68,1,
431,3,26,6919,R,47,1,
431,3,26,6918,R,72,1,
431,3,26,6917,R,51,1,
431,3,26,6916,R,70,1,
431,3,26,6915,R,49,1,
431,3,26,6914,R,67,1,
431,1,27,6893,LH,39,1,
431,3,26,6922,AM,70,1,
430,2,20,6867,R,95,1,
431,1,27,6895,A,60,1,
430,2,20,6874,AG,39,1,
430,2,20,6873,LS,35,1,
430,2,20,6872,LH,35,1,
430,2,20,6871,LH,46,1,
430,2,20,6870,LH,45,1,
430,3,20,6876,R,106,1,
430,2,20,6868,R,19,1,
430,3,20,6877,R,59,1,
430,2,20,6866,R,84,1,
430,2,20,6865,R,39,1,
430,2,20,6864,R,65,1,
430,2,20,6863,R,72,1,
430,2,20,6862,R,88,1,
430,1,19,6861,MT,8,1,verified with Joaane
419,3,13,6509,R,66,1,
430,2,20,6869,A,8,1,
430,3,20,6885,FE,105,1,
430,1,19,6858,LH,45,1,
431,1,27,6892,LH,39,1,
431,1,27,6891,R,80,1,
431,1,27,6890,R,62,1,
431,1,27,6889,R,77,1,
431,1,27,6888,R,49,1,
430,2,20,6875,AG,24,1,
430,3,20,6886,FE,86,1,
431,1,27,6894,LH,52,1,
430,3,20,6884,AG,46,1,
430,3,20,6883,LH,38,1,
430,3,20,6882,LH,47,1,
430,3,20,6881,HR,15,1,
430,3,20,6880,HR,20,1,
430,3,20,6879,G,17,1,
430,3,20,6878,R,72,1,
430,3,20,6887,R,,1,
441,2,15,7416,R,69,1,
441,3,16,7424,R,72,1,
441,3,16,7423,R,57,1,
441,3,16,7422,R,59,1,
441,2,15,7421,A,67,1,
441,2,15,7420,R,76,1,
441,2,15,7419,R,64,1,
442,1,20,7443,R,64,1,
441,2,15,7417,R,59,1,
441,3,16,7427,R,95,1,
441,2,15,7415,R,105,1,
441,2,15,7414,R,84,1,
441,2,15,7413,R,64,1,
441,1,14,7412,LH,34,1,
441,1,14,7411,WS,89,1,
441,1,14,7410,A,47,1,
441,2,15,7418,R,79,1,
441,3,16,7434,R,73,1,
419,3,13,6511,A,81,1,
442,1,20,7441,R,103,1,
442,1,20,7440,R,64,1,
442,1,20,7439,R,75,1,
442,1,20,7438,R,73,1,
442,1,20,7437,R,61,1,
441,3,16,7425,R,75,1,
441,3,16,7435,R,107,1,
441,3,16,7426,R,60,1,
441,3,16,7433,R,62,1,
441,3,16,7432,R,60,1,
441,3,16,7431,R,90,1,
441,3,16,7430,R,73,1,
441,3,16,7429,R,54,1,
441,3,16,7428,R,61,1,
441,1,14,7407,R,76,1,
442,1,20,7436,R,92,1,
440,2,26,7381,AG,38,1,
441,1,14,7409,A,68,1,
440,3,24,7388,R,56,1,
440,3,24,7387,R,46,1,
440,3,24,7386,R,57,1,
440,3,24,7385,R,63,1,
440,3,24,7384,R,65,1,
440,3,24,7390,R,59,1,
440,2,26,7382,AG,37,1,
440,3,24,7391,R,46,1,
440,2,26,7380,AG,34,1,
440,2,26,7379,AG,45,1,
440,2,26,7378,A,48,1,
440,2,26,7377,R,59,1,
440,2,26,7376,R,57,1,
440,1,25,7375,R,55,1,
347,3,9,5043,P,62,1,
440,2,26,7383,AG,37,1,
441,1,14,7399,R,69,1,
442,1,20,7444,R,63,1,
441,1,14,7406,R,62,1,
441,1,14,7405,R,70,1,
441,1,14,7404,R,85,1,
441,1,14,7403,R,73,1,
441,1,14,7402,R,59,1,
440,3,24,7389,R,53,1,
441,1,14,7400,R,46,1,
441,1,14,7408,R,82,1,
441,1,14,7398,R,67,1,
441,1,14,7397,R,68,1,
441,1,14,7396,R,86,1,
441,1,14,7395,R,64,1,
440,3,24,7394,G,33,1,
440,3,24,7393,LH,28,1,
440,3,24,7392,P,58,1,
441,1,14,7401,R,66,1,
419,1,13,6483,AG,45,1,
419,2,13,6491,R,95,1,
419,2,13,6490,R,117,1,
419,2,13,6489,R,116,1,
419,1,13,6488,AG,48,1,
419,1,13,6487,AG,45,1,
419,1,13,6486,AG,46,1,
442,1,20,7442,R,73,1,
419,1,13,6484,AG,46,1,
419,2,13,6494,AG,43,1,
419,1,13,6482,AG,31,1,
419,1,13,6481,AG,42,1,
419,1,13,6480,AG,46,1,
419,1,13,6479,AG,26,1,
419,1,13,6478,AG,23,1,
419,1,13,6477,AG,52,1,
419,1,13,6485,AG,38,1,
419,2,13,6501,AG,35,1,
442,2,19,7451,R,69,1,
419,3,13,6508,R,98,1,
419,3,13,6507,R,62,1,
419,3,13,6506,R,89,1,
419,2,13,6505,AG,18,1,
419,2,13,6504,AG,28,1,
419,2,13,6492,R,86,1,
419,2,13,6502,AG,23,1,
419,2,13,6493,AG,44,1,
419,2,13,6500,AG,56,1,
419,2,13,6499,AG,54,1,
419,2,13,6498,AG,52,1,
419,2,13,6497,AG,50,1,
419,2,13,6496,AG,50,1,
419,2,13,6495,AG,41,1,
419,1,13,6474,AG,52,1,
419,2,13,6503,AG,22,1,
418,3,28,6448,R,30,1,
419,1,13,6476,AG,55,1,
418,3,28,6455,AM,48,1,
418,3,28,6454,AM,43,1,
418,3,28,6453,MT,14,1,
418,3,28,6452,PN,12,1,
418,3,28,6451,R,45,1,
418,3,28,6457,AM,50,1,
418,3,28,6449,R,66,1,
418,3,28,6458,AM,23,1,
418,3,28,6447,R,59,1,
418,3,28,6446,R,100,1,
418,2,28,6445,LH,42,1,
418,2,28,6444,G,8,1,
442,1,20,7447,LS,26,1,
442,1,20,7446,RA,94,1,
442,1,20,7445,GA,68,1,
418,3,28,6450,R,25,1,
419,1,13,6466,R,125,1,
419,3,13,6510,R,97,1,
419,1,13,6473,R,21,1,
419,1,13,6472,R,116,1,
419,1,13,6471,R,90,1,
419,1,13,6470,R,71,1,
419,1,13,6469,R,90,1,
418,3,28,6456,AM,42,1,
419,1,13,6467,R,134,1,
419,1,13,6475,AG,40,1,
418,3,28,6465,LS,7,1,
418,3,28,6464,LH,32,1,
418,3,28,6463,LH,41,1,
418,3,28,6462,LH,23,1,
418,3,28,6461,LH,35,1,
418,3,28,6460,LH,34,1,
418,3,28,6459,AM,32,1,
419,1,13,6468,R,90,1,
428,2,26,6777,R,111,1,
428,2,26,6785,AG,17,1,
428,2,26,6784,AG,25,1,
428,2,26,6783,AG,23,1,
428,2,26,6782,AG,29,1,
428,2,26,6781,R,37,1,
428,2,26,6780,R,70,1,
428,1,27,6770,LH,35,1,
428,2,26,6778,R,46,1,
428,3,26,6788,R,66,1,
428,2,26,6776,R,96,1,
428,2,26,6775,R,79,1,
428,2,26,6774,R,69,1,
428,1,27,6773,A,27,1,
428,1,27,6772,A,61,1,
442,2,19,7449,R,73,1,
428,2,26,6779,R,94,1,
429,1,14,6795,PO,48,1,
429,1,14,6803,R,97,1,
429,1,14,6802,R,86,1,
429,1,14,6801,R,149,1,
429,1,14,6800,R,79,1,
429,1,14,6799,AM,69,1,
429,1,14,6798,AM,56,1,
428,2,26,6786,AG,27,1,
429,1,14,6796,PO,26,1,
428,2,26,6787,A,44,1,
429,1,14,6794,PO,53,1,
429,1,14,6793,PO,28,1,
429,1,14,6792,PO,28,1,
429,1,14,6791,PO,42,1,
428,3,26,6790,LH,41,1,
428,3,26,6789,AG,22,1,
428,1,27,6769,AG,41,1,
429,1,14,6797,AM,49,1,
427,2,21,6742,R,110,1,
427,3,21,6750,R,68,1,
427,3,21,6749,R,80,1,
427,2,21,6748,A,23,1,
427,2,21,6747,LH,27,1,
427,2,21,6746,LH,38,1,
427,2,21,6745,CU,77,1,
428,1,27,6771,AM,83,1,
427,2,21,6743,R,76,1,
427,3,21,6753,R,69,1,
427,2,21,6741,R,87,1,
427,2,21,6740,R,87,1,
427,2,21,6739,R,67,1,
427,2,21,6738,R,46,1,
427,1,19,6737,AG,37,1,
427,1,19,6736,R,97,1,
427,2,21,6744,R,72,1,
428,1,27,6760,R,120,1,
428,1,27,6768,AG,42,1,
428,1,27,6767,CU,49,1,
428,1,27,6766,CU,85,1,
428,1,27,6765,CU,80,1,
428,1,27,6764,CU,26,1,
428,1,27,6763,CU,52,1,
427,3,21,6751,R,76,1,
428,1,27,6761,R,81,1,
427,3,21,6752,R,93,1,
428,1,27,6759,R,99,1,
428,1,27,6758,R,65,1,
427,3,21,6757,LH,24,1,
427,3,21,6756,A,3,1,
427,3,21,6755,A,28,1,
427,3,21,6754,PN,24,1,
429,1,14,6806,R,94,1,
428,1,27,6762,PN,20,1,
417,2,19,6387,PO,57,1,
417,3,19,6395,R,60,1,
417,3,19,6394,R,51,1,
417,2,19,6393,AM,42,1,
417,2,19,6392,AM,53,1,
417,2,19,6391,AM,48,1,
417,2,19,6390,AM,52,1,
429,1,14,6804,R,92,1,
417,2,19,6388,AM,63,1,
417,3,19,6398,R,75,1,
417,2,19,6386,A,50,1,
417,2,19,6385,A,85,1,
417,2,19,6384,A,66,1,
417,2,19,6383,R,75,1,
417,2,19,6382,R,62,1,
417,2,19,6381,R,35,1,
417,2,19,6389,AM,63,1,
417,3,19,6405,AG,23,1,
440,1,25,7373,AG,27,1,
418,1,29,6412,R,25,1,
418,1,29,6411,R,22,1,
418,1,29,6410,R,68,1,
418,1,29,6409,R,95,1,
417,3,19,6408,AG,23,1,
417,3,19,6396,R,65,1,
417,3,19,6406,AG,25,1,
417,3,19,6397,R,63,1,
417,3,19,6404,AG,24,1,
417,3,19,6403,AG,23,1,
417,3,19,6402,A,78,1,
417,3,19,6401,A,75,1,
417,3,19,6400,AM,60,1,
417,3,19,6399,R,45,1,
417,1,17,6378,LH,33,1,
417,3,19,6407,AG,22,1,
416,3,19,6352,R,85,1,
417,2,19,6380,R,60,1,
417,1,17,6359,R,88,1,
416,3,19,6358,A,72,1,
416,3,19,6357,A,72,1,
416,3,19,6356,AM,43,1,
416,3,19,6355,AM,79,1,
417,1,17,6361,R,53,1,
416,3,19,6353,R,81,1,
417,1,17,6362,R,63,1,
429,2,16,6812,A,71,1,
429,2,16,6811,A,79,1,
429,2,16,6810,A,72,1,
429,2,16,6809,R,76,1,
429,2,16,6808,R,79,1,
429,1,14,6807,R,112,1,
427,1,19,6733,R,56,1,
416,3,19,6354,R,91,1,
417,1,17,6370,AM,51,1,
429,1,14,6805,R,80,1,
417,1,17,6377,LS,14,1,
417,1,17,6376,AG,61,1,
417,1,17,6375,AM,45,1,
417,1,17,6374,AM,46,1,
417,1,17,6373,AM,65,1,
417,1,17,6360,R,75,1,
417,1,17,6371,AM,70,1,
417,2,19,6379,R,54,1,
417,1,17,6369,A,72,1,
417,1,17,6368,A,82,1,
417,1,17,6367,R,28,1,
417,1,17,6366,R,88,1,
417,1,17,6365,R,52,1,
417,1,17,6364,R,52,1,
417,1,17,6363,R,40,1,
417,1,17,6372,AM,58,1,
443,3,27,7494,R,120,1,
443,3,27,7502,AG,11,1,
443,3,27,7501,AG,13,1,
443,3,27,7500,AG,14,1,
443,3,27,7499,AG,11,1,
443,3,27,7498,AG,14,1,
443,3,27,7497,AG,42,1,
444,3,15,7521,R,50,1,
443,3,27,7495,R,73,1,
443,3,27,7505,LS,35,1,
443,3,27,7493,R,68,1,
443,3,27,7492,R,78,1,
443,3,27,7491,R,57,1,
443,2,29,7490,GA,128,1,
443,2,29,7489,WS,88,1,
443,2,29,7488,PN,12,1,
443,3,27,7496,WS,100,1,
444,2,16,7512,R,85,1,
427,1,19,6735,R,98,1,
444,3,15,7519,R,95,1,
444,2,16,7518,A,69,1,
444,2,16,7517,A,87,1,
444,2,16,7516,A,87,1,
444,2,16,7515,LS,52,1,
443,3,27,7503,AG,14,1,
444,2,16,7513,R,57,1,
443,3,27,7504,AG,15,1,
444,2,16,7511,R,120,1,
444,1,14,7510,A,87,1,
444,1,14,7509,A,97,1,
444,1,14,7508,LH,47,1,
444,1,14,7507,R,159,1,
444,1,14,7506,R,129,1,
443,2,29,7485,R,91,1,
444,2,16,7514,R,109,1,
442,2,19,7459,R,62,1,
443,2,29,7487,PN,36,1,
442,3,19,7466,R,66,1,
442,3,19,7465,R,57,1,
442,2,19,7464,G,3,1,
442,2,19,7463,AG,21,1,
442,2,19,7462,P,51,1,
442,3,19,7468,R,60,1,
442,2,19,7460,R,61,1,
442,3,19,7469,R,57,1,
442,2,19,7458,R,61,1,
442,2,19,7457,R,72,1,
442,2,19,7456,R,79,1,
442,2,19,7455,R,56,1,
442,2,19,7454,R,94,1,
442,2,19,7453,R,95,1,
442,2,19,7452,R,66,1,
442,2,19,7461,A,53,1,
443,1,31,7477,R,77,1,
444,3,15,7522,R,59,1,
443,2,29,7484,R,79,1,
443,1,31,7483,A,58,1,
443,1,31,7482,R,68,1,
443,1,31,7481,R,59,1,
443,1,31,7480,R,71,1,
442,3,19,7467,R,55,1,
443,1,31,7478,R,82,1,
443,2,29,7486,R,78,1,
443,1,31,7476,R,126,1,
442,3,19,7475,AG,12,1,
442,3,19,7474,AG,15,1,
442,3,19,7473,PO,45,1,
442,3,19,7472,LS,12,1,
442,3,19,7471,LS,52,1,
442,3,19,7470,R,54,1,
443,1,31,7479,R,69,1,
382,0,0,5778,516,100,1,
383,0,0,5788,402,100,1,copper/quillback rockfish
383,0,0,5787,461,300,1,
383,0,0,5786,312,250,1,
383,0,0,5785,461,400,1,
383,0,0,5783,463,150,1,
383,0,0,5782,426,150,1,
444,3,15,7520,R,67,1,
383,0,0,5780,312,100,1,
384,0,0,5798,461,100,1,
382,0,0,5777,461,100,1,
381,0,0,5775,461,200,1,
380,0,0,5773,499,250,1,
380,0,0,5772,461,300,1,
379,0,0,5766,431,250,1,
379,0,0,5764,407,200,1,
383,0,0,5781,312,150,1,
425,3,10,6724,A,79,1,
418,1,29,6414,G,8,1,
427,1,19,6732,R,60,1,
425,3,10,6730,AM,10,1,
425,3,10,6729,AM,69,1,
425,3,10,6728,A,71,1,
425,3,10,6727,A,88,1,
383,0,0,5792,516,100,1,
425,3,10,6725,A,19,1,
384,0,0,5797,461,400,1,
425,3,10,6723,R,76,1,
425,3,10,6722,R,106,1,
425,3,10,6721,R,72,1,
425,3,10,6720,R,96,1,
386,0,0,5805,426,150,1,
385,0,0,5802,01P,150,1,
379,0,0,5760,426,250,1,
425,3,10,6726,A,68,1,
445,2,20,7530,R,74,1,
379,0,0,5762,461,300,1,
446,1,23,7537,AM,57,1,
446,1,23,7536,R,58,1,
445,3,20,7535,A,116,1,
445,3,20,7534,R,90,1,
445,3,20,7533,R,129,1,
446,2,23,7539,LH,45,1,
445,2,20,7531,LH,43,1,
447,1,13,7540,AG,44,1,
445,1,20,7529,LS,64,1,
445,1,20,7528,A,62,1,
445,1,20,7527,R,93,1,
444,3,15,7526,AM,88,1,
444,3,15,7525,A,78,1,
444,3,15,7524,A,78,1,
444,3,15,7523,R,53,1,
445,3,20,7532,R,97,1,
376,0,0,5740,633,300,1,
427,1,19,6734,R,75,1,
378,0,0,5758,407,100,1,
378,0,0,5755,462,200,1,
378,0,0,5754,461,200,1,
378,0,0,5752,306,200,1,
378,0,0,5751,306,100,1,
446,1,23,7538,MT,13,1,
376,0,0,5741,407,50,1,
379,0,0,5761,306,150,1,
376,0,0,5739,516,50,1,
376,0,0,5738,516,100,1,
376,0,0,5737,479,50,1,
376,0,0,5735,538,100,1,
375,0,0,5728,461,500,1,
375,0,0,5727,407,50,1,
375,0,0,5726,212,300,1,
376,0,0,5742,332,100,1,