e,Diver,Buddy,Site No.,Site Name,Latitude,Longitude,Date,vis,Direction,Time,P-Qs,Depth,Method,Block,Code,Species,Common name,Total,Inverts,2.5,5,7.5,10,12.5,15,20,25,30,35,40,50,62.5,75,87.5,100,112.5,125,137.5,150,162.5,175,187.5,200,250,300,350,400,,,,,,,,,,,,,,,,,,,,
,,,,,,,,,,12:00,,,"0, 1, 2","0, 1, 2",,2,3,36024,31252,1,2,3,4,5,6,8,10,12,14,16,20,25,30,35,40,45,50,55,60,65,70,75,80,100,120,140,160,,,,,,,,,,,,,,,,,,,,
1,Jasmin Schuster,Isabelle Cote,BMSC23,Aguilar Point,48.83758,-125.14414,13/04/2026,1,NE,10:48,IMC,7,1,1,NSF,No species found,No species found,1,1,,,,,,,,,,,,,,,,,,,,,,,,,,,,,,,,,,,,,,,,,,,,,,,,
2,Jasmin Schuster,Isabelle Cote,BMSC23,Aguilar Point,48.83758,-125.14414,13/04/2026,1,NE,10:48,IMC,7,2,1,Mfr,Mesocentrotus franciscanus,Red sea urchin,256,256,,,,,,,,,,,,,,,,,,,,,,,,,,,,,,,,,,,,,,,,,,,,,,,,
3,Jasmin Schuster,Isabelle Cote,BMSC23,Aguilar Point,48.83758,-125.14414,13/04/2026,1,NE,10:48,IMC,7,2,1,Dim,Dermasterias imbricata,Leather star,16,16,,,,,,,,,,,,,,,,,,,,,,,,,,,,,,,,,,,,,,,,,,,,,,,,
4,Jasmin Schuster,Isabelle Cote,BMSC23,Aguilar Point,48.83758,-125.14414,13/04/2026,1,NE,10:48,IMC,7,2,1,Phe,Pagurus hemphilli,Maroon hermit,7,7,,,,,,,,,,,,,,,,,,,,,,,,,,,,,,,,,,,,,,,,,,,,,,,,
5,Jasmin Schuster,Isabelle Cote,BMSC23,Aguilar Point,48.83758,-125.14414,13/04/2026,1,NE,10:48,IMC,7,2,1,Cfo,Ceratostoma foliatum,Leafy hornmouth,41,41,,,,,,,,,,,,,,,,,,,,,,,,,,,,,,,,,,,,,,,,,,,,,,,,
6,Jasmin Schuster,Isabelle Cote,BMSC23,Aguilar Point,48.83758,-125.14414,13/04/2026,1,NE,10:48,IMC,7,2,1,Gor,Glebocarcinus oregonensis,Pygmy rock crab,8,8,,,,,,,,,,,,,,,,,,,,,,,,,,,,,,,,,,,,,,,,,,,,,,,,
7,Jasmin Schuster,Isabelle Cote,BMSC23,Aguilar Point,48.83758,-125.14414,13/04/2026,1,NE,10:48,IMC,7,2,1,Spur,Strongylocentrotus purpuratus,Purple sea urchin,26,26,,,,,,,,,,,,,,,,,,,,,,,,,,,,,,,,,,,,,,,,,,,,,,,,
8,Jasmin Schuster,Isabelle Cote,BMSC23,Aguilar Point,48.83758,-125.14414,13/04/2026,1,NE,10:48,IMC,7,2,1,Cgi,Crassadoma gigantea,Purple-hinged rock scallop,3,0,,2,,,1,,,,,,,,,,,,,,,,,,,,,,,,,,,,,,,,,,,,,,,,,,,
9,Jasmin Schuster,Isabelle Cote,BMSC23,Aguilar Point,48.83758,-125.14414,13/04/2026,1,NE,10:48,IMC,7,2,1,Pachycheles,Pachycheles spp.,,1,1,,,,,,,,,,,,,,,,,,,,,,,,,,,,,,,,,,,,,,,,,,,,,,,,
10,Jasmin Schuster,Isabelle Cote,BMSC23,Aguilar Point,48.83758,-125.14414,13/04/2026,1,NE,10:48,IMC,7,2,1,Hermit,Paguroidea spp.,Unidentified hermit crab,2,2,,,,,,,,,,,,,,,,,,,,,,,,,,,,,,,,,,,,,,,,,,,,,,,,
11,Jasmin Schuster,Isabelle Cote,BMSC23,Aguilar Point,48.83758,-125.14414,13/04/2026,1,NE,10:48,IMC,7,2,1,Poc,Pisaster ochraceus,Purple sea star,1,1,,,,,,,,,,,,,,,,,,,,,,,,,,,,,,,,,,,,,,,,,,,,,,,,
12,Jasmin Schuster,Isabelle Cote,BMSC23,Aguilar Point,48.83758,-125.14414,13/04/2026,1,NE,10:48,IMC,7,2,1,Sdr,Strongylocentrotus droebachiensis,Northern sea urchin,1,1,,,,,,,,,,,,,,,,,,,,,,,,,,,,,,,,,,,,,,,,,,,,,,,,
13,Jasmin Schuster,Isabelle Cote,BMSC23,Aguilar Point,48.83758,-125.14414,13/04/2026,1,NE,10:48,IMC,7,2,1,Ami,Acmaea mitra,Whitecap limpet,8,8,,,,,,,,,,,,,,,,,,,,,,,,,,,,,,,,,,,,,,,,,,,,,,,,
14,Jasmin Schuster,Isabelle Cote,BMSC23,Aguilar Point,48.83758,-125.14414,13/04/2026,1,NE,10:48,IMC,7,2,1,Oko,Orthasterias koehleri,Rainbow star,3,3,,,,,,,,,,,,,,,,,,,,,,,,,,,,,,,,,,,,,,,,,,,,,,,,
15,Jasmin Schuster,Isabelle Cote,BMSC23,Aguilar Point,48.83758,-125.14414,13/04/2026,1,NE,10:48,IMC,7,2,1,Henricia,Henricia spp.,Unidentified blood star,6,6,,,,,,,,,,,,,,,,,,,,,,,,,,,,,,,,,,,,,,,,,,,,,,,,
16,Jasmin Schuster,Isabelle Cote,BMSC23,Aguilar Point,48.83758,-125.14414,13/04/2026,1,NE,10:48,IMC,7,2,1,Das,Diodora aspera,Rough keyhole limpet,3,3,,,,,,,,,,,,,,,,,,,,,,,,,,,,,,,,,,,,,,,,,,,,,,,,
17,Jasmin Schuster,Isabelle Cote,BMSC23,Aguilar Point,48.83758,-125.14414,13/04/2026,1,NE,10:48,IMC,7,2,1,Pmi,Patiria miniata,Bat star,14,14,,,,,,,,,,,,,,,,,,,,,,,,,,,,,,,,,,,,,,,,,,,,,,,,
18,Jasmin Schuster,Isabelle Cote,BMSC23,Aguilar Point,48.83758,-125.14414,13/04/2026,1,NE,10:48,IMC,7,2,1,Hka,Haliotis kamtschatkana,Pinto abalone,32,0,1,20,10,1,,,,,,,,,,,,,,,,,,,,,,,,,,,,,,,,,,,,,,,,,,,,
19,Jasmin Schuster,Isabelle Cote,BMSC23,Aguilar Point,48.83758,-125.14414,13/04/2026,1,NE,10:48,IMC,7,2,1,Acal,Apostichopus californicus,Californian sea cucumber,19,19,,,,,,,,,,,,,,,,,,,,,,,,,,,,,,,,,,,,,,,,,,,,,,,,
20,Jasmin Schuster,Isabelle Cote,BMSC23,Aguilar Point,48.83758,-125.14414,13/04/2026,1,NE,10:48,IMC,7,2,1,Cpr,Cancer productus,Red rock crab,1,1,,,,,,,,,,,,,,,,,,,,,,,,,,,,,,,,,,,,,,,,,,,,,,,,
21,Jasmin Schuster,Isabelle Cote,BMSC23,Aguilar Point,48.83758,-125.14414,13/04/2026,1,NE,10:48,IMC,7,2,1,Hde,Hexagrammos decagrammus,Kelp greenling,1,0,,,,,,,,,1,,,,,,,,,,,,,,,,,,,,,,,,,,,,,,,,,,,,,,,
22,Jasmin Schuster,Isabelle Cote,BMSC23,Aguilar Point,48.83758,-125.14414,13/04/2026,1,NE,10:48,IMC,7,2,1,Dep,Debris - Plastic,Any plastic debris,1,1,,,,,,,,,,,,,,,,,,,,,,,,,,,,,,,,,,,,,,,,,,,,,,,,
23,Jasmin Schuster,Isabelle Cote,BMSC23,Aguilar Point,48.83758,-125.14414,13/04/2026,1,NE,10:48,IMC,7,2,1,Rni,Rhinogobiops nicholsii,Blackeye goby,6,0,,1,3,2,,,,,,,,,,,,,,,,,,,,,,,,,,,,,,,,,,,,,,,,,,,,
24,Jasmin Schuster,Isabelle Cote,BMSC23,Aguilar Point,48.83758,-125.14414,13/04/2026,1,NE,10:48,IMC,7,2,1,Opi,Oxylebius pictus,Painted greenling,1,0,,,,,1,,,,,,,,,,,,,,,,,,,,,,,,,,,,,,,,,,,,,,,,,,,
25,Jasmin Schuster,Isabelle Cote,BMSC23,Aguilar Point,48.83758,-125.14414,13/04/2026,1,NE,10:48,IMC,7,2,1,Def,Debris - Fishing,Any fishing debris,1,1,,,,,,,,,,,,,,,,,,,,,,,,,,,,,,,,,,,,,,,,,,,,,,,,
26,Jasmin Schuster,Isabelle Cote,BMSC23,Aguilar Point,48.83758,-125.14414,13/04/2026,1,NE,10:48,IMC,7,2,1,Etr,Evasterias troschelii,Mottled starfish,1,1,,,,,,,,,,,,,,,,,,,,,,,,,,,,,,,,,,,,,,,,,,,,,,,,
27,Jasmin Schuster,Isabelle Cote,BMSC23,Aguilar Point,48.83758,-125.14414,13/04/2026,1,NE,10:48,IMC,7,2,1,Jzo,Jordania zonope,Longfin sculpin,1,0,,,1,,,,,,,,,,,,,,,,,,,,,,,,,,,,,,,,,,,,,,,,,,,,,
28,Jasmin Schuster,Isabelle Cote,BMSC23,Aguilar Point,48.83758,-125.14414,13/04/2026,1,NE,10:48,IMC,7,2,1,Pgi,Pomaulax gibberosus,Red turban shell,1,1,,,,,,,,,,,,,,,,,,,,,,,,,,,,,,,,,,,,,,,,,,,,,,,,
29,Jasmin Schuster,Isabelle Cote,BMSC25,Goby Town,48.83859,-125.13501,13/04/2026,1.5,S,13:40,IMC,5.5,1,2,Rni,Rhinogobiops nicholsii,Blackeye goby,28,0,,9,9,9,1,,,,,,,,,,,,,,,,,,,,,,,,,,,,,,,,,,,,,,,,,,,
30,Jasmin Schuster,Isabelle Cote,BMSC25,Goby Town,48.83859,-125.13501,13/04/2026,1.5,S,13:40,IMC,5.5,2,2,Mfr,Mesocentrotus franciscanus,Red sea urchin,134,134,,,,,,,,,,,,,,,,,,,,,,,,,,,,,,,,,,,,,,,,,,,,,,,,
31,Jasmin Schuster,Isabelle Cote,BMSC25,Goby Town,48.83859,-125.13501,13/04/2026,1.5,S,13:40,IMC,5.5,2,2,Pmi,Patiria miniata,Bat star,34,34,,,,,,,,,,,,,,,,,,,,,,,,,,,,,,,,,,,,,,,,,,,,,,,,
32,Jasmin Schuster,Isabelle Cote,BMSC25,Goby Town,48.83859,-125.13501,13/04/2026,1.5,S,13:40,IMC,5.5,2,2,Acal,Apostichopus californicus,Californian sea cucumber,14,14,,,,,,,,,,,,,,,,,,,,,,,,,,,,,,,,,,,,,,,,,,,,,,,,
33,Jasmin Schuster,Isabelle Cote,BMSC25,Goby Town,48.83859,-125.13501,13/04/2026,1.5,S,13:40,IMC,5.5,2,2,Dim,Dermasterias imbricata,Leather star,5,5,,,,,,,,,,,,,,,,,,,,,,,,,,,,,,,,,,,,,,,,,,,,,,,,
34,Jasmin Schuster,Isabelle Cote,BMSC25,Goby Town,48.83859,-125.13501,13/04/2026,1.5,S,13:40,IMC,5.5,2,2,Ami,Acmaea mitra,Whitecap limpet,35,35,,,,,,,,,,,,,,,,,,,,,,,,,,,,,,,,,,,,,,,,,,,,,,,,
35,Jasmin Schuster,Isabelle Cote,BMSC25,Goby Town,48.83859,-125.13501,13/04/2026,1.5,S,13:40,IMC,5.5,2,2,Rni,Rhinogobiops nicholsii,Blackeye goby,43,0,4,14,18,7,,,,,,,,,,,,,,,,,,,,,,,,,,,,,,,,,,,,,,,,,,,,
36,Jasmin Schuster,Isabelle Cote,BMSC25,Goby Town,48.83859,-125.13501,13/04/2026,1.5,S,13:40,IMC,5.5,2,2,Pgi,Pomaulax gibberosus,Red turban shell,7,7,,,,,,,,,,,,,,,,,,,,,,,,,,,,,,,,,,,,,,,,,,,,,,,,
37,Jasmin Schuster,Isabelle Cote,BMSC25,Goby Town,48.83859,-125.13501,13/04/2026,1.5,S,13:40,IMC,5.5,2,2,Oko,Orthasterias koehleri,Rainbow star,4,4,,,,,,,,,,,,,,,,,,,,,,,,,,,,,,,,,,,,,,,,,,,,,,,,
38,Jasmin Schuster,Isabelle Cote,BMSC25,Goby Town,48.83859,-125.13501,13/04/2026,1.5,S,13:40,IMC,5.5,2,2,Cgi,Crassadoma gigantea,Purple-hinged rock scallop,10,0,,,1,3,3,3,,,,,,,,,,,,,,,,,,,,,,,,,,,,,,,,,,,,,,,,,,
39,Jasmin Schuster,Isabelle Cote,BMSC25,Goby Town,48.83859,-125.13501,13/04/2026,1.5,S,13:40,IMC,5.5,2,2,Hka,Haliotis kamtschatkana,Pinto abalone,8,0,2,2,4,,,,,,,,,,,,,,,,,,,,,,,,,,,,,,,,,,,,,,,,,,,,,
40,Jasmin Schuster,Isabelle Cote,BMSC25,Goby Town,48.83859,-125.13501,13/04/2026,1.5,S,13:40,IMC,5.5,2,2,Hermit,Paguroidea spp.,Unidentified hermit crab,4,4,,,,,,,,,,,,,,,,,,,,,,,,,,,,,,,,,,,,,,,,,,,,,,,,
41,Jasmin Schuster,Isabelle Cote,BMSC25,Goby Town,48.83859,-125.13501,13/04/2026,1.5,S,13:40,IMC,5.5,2,2,Cfo,Ceratostoma foliatum,Leafy hornmouth,45,45,,,,,,,,,,,,,,,,,,,,,,,,,,,,,,,,,,,,,,,,,,,,,,,,
42,Jasmin Schuster,Isabelle Cote,BMSC25,Goby Town,48.83859,-125.13501,13/04/2026,1.5,S,13:40,IMC,5.5,2,2,Spur,Strongylocentrotus purpuratus,Purple sea urchin,2,2,,,,,,,,,,,,,,,,,,,,,,,,,,,,,,,,,,,,,,,,,,,,,,,,
43,Jasmin Schuster,Isabelle Cote,BMSC25,Goby Town,48.83859,-125.13501,13/04/2026,1.5,S,13:40,IMC,5.5,2,2,Das,Diodora aspera,Rough keyhole limpet,8,8,,,,,,,,,,,,,,,,,,,,,,,,,,,,,,,,,,,,,,,,,,,,,,,,
44,Jasmin Schuster,Isabelle Cote,BMSC25,Goby Town,48.83859,-125.13501,13/04/2026,1.5,S,13:40,IMC,5.5,2,2,Etr,Evasterias troschelii,Mottled starfish,3,3,,,,,,,,,,,,,,,,,,,,,,,,,,,,,,,,,,,,,,,,,,,,,,,,
45,Jasmin Schuster,Isabelle Cote,BMSC25,Goby Town,48.83859,-125.13501,13/04/2026,1.5,S,13:40,IMC,5.5,2,2,Phe,Pagurus hemphilli,Maroon hermit,10,10,,,,,,,,,,,,,,,,,,,,,,,,,,,,,,,,,,,,,,,,,,,,,,,,
46,Jasmin Schuster,Isabelle Cote,BMSC25,Goby Town,48.83859,-125.13501,13/04/2026,1.5,S,13:40,IMC,5.5,2,2,Lottia,Lottia spp.,Unidentified limpet,1,1,,,,,,,,,,,,,,,,,,,,,,,,,,,,,,,,,,,,,,,,,,,,,,,,
47,Jasmin Schuster,Isabelle Cote,BMSC25,Goby Town,48.83859,-125.13501,13/04/2026,1.5,S,13:40,IMC,5.5,2,2,Sac,Scyra acutifrons,Sharpnose crab,1,1,,,,,,,,,,,,,,,,,,,,,,,,,,,,,,,,,,,,,,,,,,,,,,,,
48,Jasmin Schuster,Isabelle Cote,BMSC25,Goby Town,48.83859,-125.13501,13/04/2026,1.5,S,13:40,IMC,5.5,2,2,dsa,Diaulula sandiegensis,Ringed doris,1,1,,,,,,,,,,,,,,,,,,,,,,,,,,,,,,,,,,,,,,,,,,,,,,,,
49,Jasmin Schuster,Isabelle Cote,BMSC25,Goby Town,48.83859,-125.13501,13/04/2026,1.5,S,13:40,IMC,5.5,2,2,Poc,Pisaster ochraceus,Purple sea star,1,1,,,,,,,,,,,,,,,,,,,,,,,,,,,,,,,,,,,,,,,,,,,,,,,,
50,Jasmin Schuster,Isabelle Cote,BMSC25,Goby Town,48.83859,-125.13501,13/04/2026,1.5,S,13:40,IMC,5.5,2,2,Def,Debris - Fishing,Any fishing debris,1,1,,,,,,,,,,,,,,,,,,,,,,,,,,,,,,,,,,,,,,,,,,,,,,,,
51,Jasmin Schuster,Isabelle Cote,BMSC25,Goby Town,48.83859,-125.13501,13/04/2026,1.5,S,13:40,IMC,5.5,0,2,Dsa,Diaulula sandiegensis,Ringed doris,1,1,,,,,,,,,,,,,,,,,,,,,,,,,,,,,,,,,,,,,,,,,,,,,,,,
52,Jasmin Schuster,Tom Bird,BMSC10,Ross Islets Slug Island,48.87052,-125.16035,14/04/2026,2.5,W,9:42,JMS,5,1,2,sebastes,Sebastes spp.,,1,0,1,,,,,,,,,,,,,,,,,,,,,,,,,,,,,,,,,,,,,,,,,,,,,,,
53,Jasmin Schuster,Tom Bird,BMSC10,Ross Islets Slug Island,48.87052,-125.16035,14/04/2026,2.5,W,9:42,JMS,5,1,2,Rni,Rhinogobiops nicholsii,Blackeye goby,26,0,,5,14,7,,,,,,,,,,,,,,,,,,,,,,,,,,,,,,,,,,,,,,,,,,,,
54,Jasmin Schuster,Tom Bird,BMSC10,Ross Islets Slug Island,48.87052,-125.16035,14/04/2026,2.5,W,9:42,JMS,5,1,2,Hde,Hexagrammos decagrammus,Kelp greenling,1,0,,,1,,,,,,,,,,,,,,,,,,,,,,,,,,,,,,,,,,,,,,,,,,,,,
55,Jasmin Schuster,Tom Bird,BMSC10,Ross Islets Slug Island,48.87052,-125.16035,14/04/2026,2.5,W,9:42,JMS,5,2,2,Mfr,Mesocentrotus franciscanus,Red sea urchin,133,133,,,,,,,,,,,,,,,,,,,,,,,,,,,,,,,,,,,,,,,,,,,,,,,,
56,Jasmin Schuster,Tom Bird,BMSC10,Ross Islets Slug Island,48.87052,-125.16035,14/04/2026,2.5,W,9:42,JMS,5,2,2,Pmi,Patiria miniata,Bat star,43,43,,,,,,,,,,,,,,,,,,,,,,,,,,,,,,,,,,,,,,,,,,,,,,,,
57,Jasmin Schuster,Tom Bird,BMSC10,Ross Islets Slug Island,48.87052,-125.16035,14/04/2026,2.5,W,9:42,JMS,5,2,2,Rni,Rhinogobiops nicholsii,Blackeye goby,107,0,7,37,50,13,,,,,,,,,,,,,,,,,,,,,,,,,,,,,,,,,,,,,,,,,,,,
58,Jasmin Schuster,Tom Bird,BMSC10,Ross Islets Slug Island,48.87052,-125.16035,14/04/2026,2.5,W,9:42,JMS,5,2,2,Acal,Apostichopus californicus,Californian sea cucumber,67,67,,,,,,,,,,,,,,,,,,,,,,,,,,,,,,,,,,,,,,,,,,,,,,,,
59,Jasmin Schuster,Tom Bird,BMSC10,Ross Islets Slug Island,48.87052,-125.16035,14/04/2026,2.5,W,9:42,JMS,5,2,2,Sac,Scyra acutifrons,Sharpnose crab,13,13,,,,,,,,,,,,,,,,,,,,,,,,,,,,,,,,,,,,,,,,,,,,,,,,
60,Jasmin Schuster,Tom Bird,BMSC10,Ross Islets Slug Island,48.87052,-125.16035,14/04/2026,2.5,W,9:42,JMS,5,2,2,Hka,Haliotis kamtschatkana,Pinto abalone,28,0,,2,10,16,,,,,,,,,,,,,,,,,,,,,,,,,,,,,,,,,,,,,,,,,,,,
61,Jasmin Schuster,Tom Bird,BMSC10,Ross Islets Slug Island,48.87052,-125.16035,14/04/2026,2.5,W,9:42,JMS,5,2,2,Dim,Dermasterias imbricata,Leather star,6,6,,,,,,,,,,,,,,,,,,,,,,,,,,,,,,,,,,,,,,,,,,,,,,,,
62,Jasmin Schuster,Tom Bird,BMSC10,Ross Islets Slug Island,48.87052,-125.16035,14/04/2026,2.5,W,9:42,JMS,5,2,2,Pgi,Pomaulax gibberosus,Red turban shell,19,19,,,,,,,,,,,,,,,,,,,,,,,,,,,,,,,,,,,,,,,,,,,,,,,,
63,Jasmin Schuster,Tom Bird,BMSC10,Ross Islets Slug Island,48.87052,-125.16035,14/04/2026,2.5,W,9:42,JMS,5,0,2,sebastes,Sebastes spp.,,1,0,1,,,,,,,,,,,,,,,,,,,,,,,,,,,,,,,,,,,,,,,,,,,,,,,
64,Jasmin Schuster,Tom Bird,BMSC10,Ross Islets Slug Island,48.87052,-125.16035,14/04/2026,2.5,W,9:42,JMS,5,2,2,artedius,Artedius spp.,Unidentified artedius,1,0,1,,,,,,,,,,,,,,,,,,,,,,,,,,,,,,,,,,,,,,,,,,,,,,,
65,Jasmin Schuster,Tom Bird,BMSC10,Ross Islets Slug Island,48.87052,-125.16035,14/04/2026,2.5,W,9:42,JMS,5,2,2,Pbr,Pisaster brevispinus,Giant pink sea star,1,1,,,,,,,,,,,,,,,,,,,,,,,,,,,,,,,,,,,,,,,,,,,,,,,,
66,Jasmin Schuster,Tom Bird,BMSC10,Ross Islets Slug Island,48.87052,-125.16035,14/04/2026,2.5,W,9:42,JMS,5,2,2,Ami,Acmaea mitra,Whitecap limpet,2,2,,,,,,,,,,,,,,,,,,,,,,,,,,,,,,,,,,,,,,,,,,,,,,,,
67,Jasmin Schuster,Tom Bird,BMSC10,Ross Islets Slug Island,48.87052,-125.16035,14/04/2026,2.5,W,9:42,JMS,5,2,2,Oko,Orthasterias koehleri,Rainbow star,1,1,,,,,,,,,,,,,,,,,,,,,,,,,,,,,,,,,,,,,,,,,,,,,,,,
68,Jasmin Schuster,Tom Bird,BMSC10,Ross Islets Slug Island,48.87052,-125.16035,14/04/2026,2.5,W,9:42,JMS,5,2,2,Etr,Evasterias troschelii,Mottled starfish,3,3,,,,,,,,,,,,,,,,,,,,,,,,,,,,,,,,,,,,,,,,,,,,,,,,
69,Jasmin Schuster,Tom Bird,BMSC10,Ross Islets Slug Island,48.87052,-125.16035,14/04/2026,2.5,W,9:42,JMS,5,2,2,Sfo,Stylasterias forreri,Velcro seastar,1,1,,,,,,,,,,,,,,,,,,,,,,,,,,,,,,,,,,,,,,,,,,,,,,,,
70,Jasmin Schuster,Tom Bird,BMSC10,Ross Islets Slug Island,48.87052,-125.16035,14/04/2026,2.5,W,9:42,JMS,5,0,2,Sca,Sebastes caurinus,Copper rockfish,1,0,,,,,,1,,,,,,,,,,,,,,,,,,,,,,,,,,,,,,,,,,,,,,,,,,
71,Jasmin Schuster,Tom Bird,BMSC10,Ross Islets Slug Island,48.87052,-125.16035,14/04/2026,2.5,W,9:42,JMS,5,2,2,hermit,Paguroidea spp.,Unidentified hermit crab,3,3,,,,,,,,,,,,,,,,,,,,,,,,,,,,,,,,,,,,,,,,,,,,,,,,
72,Jasmin Schuster,Tom Bird,BMSC10,Ross Islets Slug Island,48.87052,-125.16035,14/04/2026,2.5,W,9:42,JMS,5,2,2,Das,Diodora aspera,Rough keyhole limpet,12,12,,,,,,,,,,,,,,,,,,,,,,,,,,,,,,,,,,,,,,,,,,,,,,,,
73,Jasmin Schuster,Tom Bird,BMSC10,Ross Islets Slug Island,48.87052,-125.16035,14/04/2026,2.5,W,9:42,JMS,5,2,2,Per,Petrolisthes eriomerus,Flattop crab,1,1,,,,,,,,,,,,,,,,,,,,,,,,,,,,,,,,,,,,,,,,,,,,,,,,
74,Jasmin Schuster,Tom Bird,BMSC10,Ross Islets Slug Island,48.87052,-125.16035,14/04/2026,2.5,W,9:42,JMS,5,2,2,Cgi,Crassadoma gigantea,Purple-hinged rock scallop,1,0,,,,1,,,,,,,,,,,,,,,,,,,,,,,,,,,,,,,,,,,,,,,,,,,,
75,Jasmin Schuster,Tom Bird,BMSC10,Ross Islets Slug Island,48.87052,-125.16035,14/04/2026,2.5,W,9:42,JMS,5,2,2,Pri,Pugettia richii,Cryptic kelp crab,4,4,,,,,,,,,,,,,,,,,,,,,,,,,,,,,,,,,,,,,,,,,,,,,,,,
76,Jasmin Schuster,Tom Bird,BMSC10,Ross Islets Slug Island,48.87052,-125.16035,14/04/2026,2.5,W,9:42,JMS,5,2,2,Cfo,Ceratostoma foliatum,Leafy hornmouth,3,3,,,,,,,,,,,,,,,,,,,,,,,,,,,,,,,,,,,,,,,,,,,,,,,,
77,Jasmin Schuster,Tom Bird,BMSC10,Ross Islets Slug Island,48.87052,-125.16035,14/04/2026,2.5,W,9:42,JMS,5,2,2,Henricia,Henricia spp.,Unidentified blood star,2,2,,,,,,,,,,,,,,,,,,,,,,,,,,,,,,,,,,,,,,,,,,,,,,,,
78,Jasmin Schuster,Tom Bird,BMSC10,Ross Islets Slug Island,48.87052,-125.16035,14/04/2026,2.5,W,9:42,JMS,5,2,2,Pla,Pholis laeta,Crescent gunnel,2,0,,,,1,1,,,,,,,,,,,,,,,,,,,,,,,,,,,,,,,,,,,,,,,,,,,
79,Jasmin Schuster,Tom Bird,BMSC10,Ross Islets Slug Island,48.87052,-125.16035,14/04/2026,2.5,W,9:42,JMS,5,2,2,Nla,Nucella lamellosa,Frilled dogwinkle,1,1,,,,,,,,,,,,,,,,,,,,,,,,,,,,,,,,,,,,,,,,,,,,,,,,
80,Jasmin Schuster,Tom Bird,BMSC10,Ross Islets Slug Island,48.87052,-125.16035,14/04/2026,2.5,W,9:42,JMS,5,2,2,Aoc,Anarrhichthys ocellatus,Wolf-eel,1,0,,,,,,,,,,,1,,,,,,,,,,,,,,,,,,,,,,,,,,,,,,,,,,,,,
81,Jasmin Schuster,Isabelle Cote,BMSC5,Taylor Rock,48.82733,-125.1966,15/04/2026,1.5,E,9:38,IMC,7,1,2,Hde,Hexagrammos decagrammus,Kelp greenling,4,0,,,,,1,,,,,2,1,,,,,,,,,,,,,,,,,,,,,,,,,,,,,,,,,,,,,
82,Jasmin Schuster,Isabelle Cote,BMSC5,Taylor Rock,48.82733,-125.1966,15/04/2026,1.5,E,9:38,IMC,7,2,2,Mfr,Mesocentrotus franciscanus,Red sea urchin,297,297,,,,,,,,,,,,,,,,,,,,,,,,,,,,,,,,,,,,,,,,,,,,,,,,
83,Jasmin Schuster,Isabelle Cote,BMSC5,Taylor Rock,48.82733,-125.1966,15/04/2026,1.5,E,9:38,IMC,7,2,2,Pgi,Pomaulax gibberosus,Red turban shell,103,103,,,,,,,,,,,,,,,,,,,,,,,,,,,,,,,,,,,,,,,,,,,,,,,,
84,Jasmin Schuster,Isabelle Cote,BMSC5,Taylor Rock,48.82733,-125.1966,15/04/2026,1.5,E,9:38,IMC,7,2,2,Ami,Acmaea mitra,Whitecap limpet,10,10,,,,,,,,,,,,,,,,,,,,,,,,,,,,,,,,,,,,,,,,,,,,,,,,
85,Jasmin Schuster,Isabelle Cote,BMSC5,Taylor Rock,48.82733,-125.1966,15/04/2026,1.5,E,9:38,IMC,7,2,2,Nla,Nucella lamellosa,Frilled dogwinkle,4,4,,,,,,,,,,,,,,,,,,,,,,,,,,,,,,,,,,,,,,,,,,,,,,,,
86,Jasmin Schuster,Isabelle Cote,BMSC5,Taylor Rock,48.82733,-125.1966,15/04/2026,1.5,E,9:38,IMC,7,2,2,Acal,Apostichopus californicus,Californian sea cucumber,12,12,,,,,,,,,,,,,,,,,,,,,,,,,,,,,,,,,,,,,,,,,,,,,,,,
87,Jasmin Schuster,Isabelle Cote,BMSC5,Taylor Rock,48.82733,-125.1966,15/04/2026,1.5,E,9:38,IMC,7,2,2,Oko,Orthasterias koehleri,Rainbow star,12,12,,,,,,,,,,,,,,,,,,,,,,,,,,,,,,,,,,,,,,,,,,,,,,,,
88,Jasmin Schuster,Isabelle Cote,BMSC5,Taylor Rock,48.82733,-125.1966,15/04/2026,1.5,E,9:38,IMC,7,2,2,Rni,Rhinogobiops nicholsii,Blackeye goby,2,0,1,,,1,,,,,,,,,,,,,,,,,,,,,,,,,,,,,,,,,,,,,,,,,,,,
89,Jasmin Schuster,Isabelle Cote,BMSC5,Taylor Rock,48.82733,-125.1966,15/04/2026,1.5,E,9:38,IMC,7,2,2,Hcr,Hermissenda crassicornis,Opalescent nudibranch,16,16,,,,,,,,,,,,,,,,,,,,,,,,,,,,,,,,,,,,,,,,,,,,,,,,
90,Jasmin Schuster,Isabelle Cote,BMSC5,Taylor Rock,48.82733,-125.1966,15/04/2026,1.5,E,9:38,IMC,7,2,2,Hka,Haliotis kamtschatkana,Pinto abalone,21,0,1,8,12,,,,,,,,,,,,,,,,,,,,,,,,,,,,,,,,,,,,,,,,,,,,,
91,Jasmin Schuster,Isabelle Cote,BMSC5,Taylor Rock,48.82733,-125.1966,15/04/2026,1.5,E,9:38,IMC,7,2,2,Phe,Pagurus hemphilli,Maroon hermit,17,17,,,,,,,,,,,,,,,,,,,,,,,,,,,,,,,,,,,,,,,,,,,,,,,,
92,Jasmin Schuster,Isabelle Cote,BMSC5,Taylor Rock,48.82733,-125.1966,15/04/2026,1.5,E,9:38,IMC,7,2,2,hermit,Paguroidea spp.,Unidentified hermit crab,1,1,,,,,,,,,,,,,,,,,,,,,,,,,,,,,,,,,,,,,,,,,,,,,,,,
93,Jasmin Schuster,Isabelle Cote,BMSC5,Taylor Rock,48.82733,-125.1966,15/04/2026,1.5,E,9:38,IMC,7,2,2,Dim,Dermasterias imbricata,Leather star,22,22,,,,,,,,,,,,,,,,,,,,,,,,,,,,,,,,,,,,,,,,,,,,,,,,
94,Jasmin Schuster,Isabelle Cote,BMSC5,Taylor Rock,48.82733,-125.1966,15/04/2026,1.5,E,9:38,IMC,7,2,2,Spur,Strongylocentrotus purpuratus,Purple sea urchin,1,1,,,,,,,,,,,,,,,,,,,,,,,,,,,,,,,,,,,,,,,,,,,,,,,,
95,Jasmin Schuster,Isabelle Cote,BMSC5,Taylor Rock,48.82733,-125.1966,15/04/2026,1.5,E,9:38,IMC,7,2,2,Pachycheles,Pachycheles spp.,,2,2,,,,,,,,,,,,,,,,,,,,,,,,,,,,,,,,,,,,,,,,,,,,,,,,
96,Jasmin Schuster,Isabelle Cote,BMSC5,Taylor Rock,48.82733,-125.1966,15/04/2026,1.5,E,9:38,IMC,7,2,2,Pmi,Patiria miniata,Bat star,4,4,,,,,,,,,,,,,,,,,,,,,,,,,,,,,,,,,,,,,,,,,,,,,,,,
97,Jasmin Schuster,Isabelle Cote,BMSC5,Taylor Rock,48.82733,-125.1966,15/04/2026,1.5,E,9:38,IMC,7,2,2,Cgi,Crassadoma gigantea,Purple-hinged rock scallop,8,0,,,2,2,3,1,,,,,,,,,,,,,,,,,,,,,,,,,,,,,,,,,,,,,,,,,,
98,Jasmin Schuster,Isabelle Cote,BMSC5,Taylor Rock,48.82733,-125.1966,15/04/2026,1.5,E,9:38,IMC,7,2,2,Cfo,Ceratostoma foliatum,Leafy hornmouth,10,10,,,,,,,,,,,,,,,,,,,,,,,,,,,,,,,,,,,,,,,,,,,,,,,,
99,Jasmin Schuster,Isabelle Cote,BMSC5,Taylor Rock,48.82733,-125.1966,15/04/2026,1.5,E,9:38,IMC,7,2,2,Henricia,Henricia spp.,Unidentified blood star,1,1,,,,,,,,,,,,,,,,,,,,,,,,,,,,,,,,,,,,,,,,,,,,,,,,
100,Jasmin Schuster,Isabelle Cote,BMSC5,Taylor Rock,48.82733,-125.1966,15/04/2026,1.5,E,9:38,IMC,7,2,2,Ppa,Phyllolithodes papillosus,Heart crab,1,1,,,,,,,,,,,,,,,,,,,,,,,,,,,,,,,,,,,,,,,,,,,,,,,,
101,Jasmin Schuster,Isabelle Cote,BMSC5,Taylor Rock,48.82733,-125.1966,15/04/2026,1.5,E,9:38,IMC,7,2,2,Poc,Pisaster ochraceus,Purple sea star,1,1,,,,,,,,,,,,,,,,,,,,,,,,,,,,,,,,,,,,,,,,,,,,,,,,
102,Jasmin Schuster,Isabelle Cote,BMSC5,Taylor Rock,48.82733,-125.1966,15/04/2026,1.5,E,9:38,IMC,7,2,2,Lco,Limacia cockerelli,Cockerell's dorid,1,1,,,,,,,,,,,,,,,,,,,,,,,,,,,,,,,,,,,,,,,,,,,,,,,,
103,Jasmin Schuster,Isabelle Cote,BMSC5,Taylor Rock,48.82733,-125.1966,15/04/2026,1.5,E,9:38,IMC,7,2,2,Sfo,Stylasterias forreri,Velcro seastar,1,1,,,,,,,,,,,,,,,,,,,,,,,,,,,,,,,,,,,,,,,,,,,,,,,,
104,Jasmin Schuster,Isabelle Cote,BMSC5,Taylor Rock,48.82733,-125.1966,15/04/2026,1.5,E,9:38,IMC,7,0,2,Sma,Sebastes maliger,Quillback rockfish,1,0,,,,,,,1,,,,,,,,,,,,,,,,,,,,,,,,,,,,,,,,,,,,,,,,,
105,Jasmin Schuster,Isabelle Cote,BMSC5,Taylor Rock,48.82733,-125.1966,15/04/2026,1.5,E,9:38,IMC,7,2,2,aha,Artedius harringtoni,Scalyhead sculpin,1,0,1,,,,,,,,,,,,,,,,,,,,,,,,,,,,,,,,,,,,,,,,,,,,,,,
106,Jasmin Schuster,Isabelle Cote,BMSC5,Taylor Rock,48.82733,-125.1966,15/04/2026,1.5,E,9:38,IMC,7,2,2,Sac,Scyra acutifrons,Sharpnose crab,1,1,,,,,,,,,,,,,,,,,,,,,,,,,,,,,,,,,,,,,,,,,,,,,,,,
107,Jasmin Schuster,Isabelle Cote,BMSC5,Taylor Rock,48.82733,-125.1966,15/04/2026,1.5,E,9:38,IMC,7,2,2,Gor,Glebocarcinus oregonensis,Pygmy rock crab,5,5,,,,,,,,,,,,,,,,,,,,,,,,,,,,,,,,,,,,,,,,,,,,,,,,
108,Jasmin Schuster,Isabelle Cote,BMSC5,Taylor Rock,48.82733,-125.1966,15/04/2026,1.5,E,9:38,IMC,7,2,2,Jzo,Jordania zonope,Longfin sculpin,1,0,,,1,,,,,,,,,,,,,,,,,,,,,,,,,,,,,,,,,,,,,,,,,,,,,
109,Jasmin Schuster,Isabelle Cote,BMSC5,Taylor Rock,48.82733,-125.1966,15/04/2026,1.5,E,9:38,IMC,7,2,2,Das,Diodora aspera,Rough keyhole limpet,1,1,,,,,,,,,,,,,,,,,,,,,,,,,,,,,,,,,,,,,,,,,,,,,,,,
110,Jasmin Schuster,Isabelle Cote,BMSC1,Dodger Channel,48.8289,-125.19757,15/04/2026,1.5,NE,12:00,IMC,5.5,1,1,NSF,No species found,No species found,1,1,,,,,,,,,,,,,,,,,,,,,,,,,,,,,,,,,,,,,,,,,,,,,,,,
111,Jasmin Schuster,Isabelle Cote,BMSC1,Dodger Channel,48.8289,-125.19757,15/04/2026,1.5,NE,12:00,IMC,5.5,2,1,Poc,Pisaster ochraceus,Purple sea star,9,9,,,,,,,,,,,,,,,,,,,,,,,,,,,,,,,,,,,,,,,,,,,,,,,,
112,Jasmin Schuster,Isabelle Cote,BMSC1,Dodger Channel,48.8289,-125.19757,15/04/2026,1.5,NE,12:00,IMC,5.5,2,1,Hka,Haliotis kamtschatkana,Pinto abalone,46,0,,3,17,22,4,,,,,,,,,,,,,,,,,,,,,,,,,,,,,,,,,,,,,,,,,,,
113,Jasmin Schuster,Isabelle Cote,BMSC1,Dodger Channel,48.8289,-125.19757,15/04/2026,1.5,NE,12:00,IMC,5.5,2,1,Ami,Acmaea mitra,Whitecap limpet,4,4,,,,,,,,,,,,,,,,,,,,,,,,,,,,,,,,,,,,,,,,,,,,,,,,
114,Jasmin Schuster,Isabelle Cote,BMSC1,Dodger Channel,48.8289,-125.19757,15/04/2026,1.5,NE,12:00,IMC,5.5,2,1,Pgi,Pomaulax gibberosus,Red turban shell,211,211,,,,,,,,,,,,,,,,,,,,,,,,,,,,,,,,,,,,,,,,,,,,,,,,
115,Jasmin Schuster,Isabelle Cote,BMSC1,Dodger Channel,48.8289,-125.19757,15/04/2026,1.5,NE,12:00,IMC,5.5,2,1,Dim,Dermasterias imbricata,Leather star,16,16,,,,,,,,,,,,,,,,,,,,,,,,,,,,,,,,,,,,,,,,,,,,,,,,
116,Jasmin Schuster,Isabelle Cote,BMSC1,Dodger Channel,48.8289,-125.19757,15/04/2026,1.5,NE,12:00,IMC,5.5,2,1,Pri,Pugettia richii,Cryptic kelp crab,1,1,,,,,,,,,,,,,,,,,,,,,,,,,,,,,,,,,,,,,,,,,,,,,,,,
117,Jasmin Schuster,Isabelle Cote,BMSC1,Dodger Channel,48.8289,-125.19757,15/04/2026,1.5,NE,12:00,IMC,5.5,2,1,Mfr,Mesocentrotus franciscanus,Red sea urchin,293,293,,,,,,,,,,,,,,,,,,,,,,,,,,,,,,,,,,,,,,,,,,,,,,,,
118,Jasmin Schuster,Isabelle Cote,BMSC1,Dodger Channel,48.8289,-125.19757,15/04/2026,1.5,NE,12:00,IMC,5.5,2,1,Pmi,Patiria miniata,Bat star,4,4,,,,,,,,,,,,,,,,,,,,,,,,,,,,,,,,,,,,,,,,,,,,,,,,
119,Jasmin Schuster,Isabelle Cote,BMSC1,Dodger Channel,48.8289,-125.19757,15/04/2026,1.5,NE,12:00,IMC,5.5,2,1,Spur,Strongylocentrotus purpuratus,Purple sea urchin,16,16,,,,,,,,,,,,,,,,,,,,,,,,,,,,,,,,,,,,,,,,,,,,,,,,
120,Jasmin Schuster,Isabelle Cote,BMSC1,Dodger Channel,48.8289,-125.19757,15/04/2026,1.5,NE,12:00,IMC,5.5,2,1,Sfo,Stylasterias forreri,Velcro seastar,6,6,,,,,,,,,,,,,,,,,,,,,,,,,,,,,,,,,,,,,,,,,,,,,,,,
121,Jasmin Schuster,Isabelle Cote,BMSC1,Dodger Channel,48.8289,-125.19757,15/04/2026,1.5,NE,12:00,IMC,5.5,2,1,Cpr,Cancer productus,Red rock crab,3,3,,,,,,,,,,,,,,,,,,,,,,,,,,,,,,,,,,,,,,,,,,,,,,,,
122,Jasmin Schuster,Isabelle Cote,BMSC1,Dodger Channel,48.8289,-125.19757,15/04/2026,1.5,NE,12:00,IMC,5.5,2,1,Ppr,Pugettia producta,Northern kelp crab,4,4,,,,,,,,,,,,,,,,,,,,,,,,,,,,,,,,,,,,,,,,,,,,,,,,
123,Jasmin Schuster,Isabelle Cote,BMSC1,Dodger Channel,48.8289,-125.19757,15/04/2026,1.5,NE,12:00,IMC,5.5,2,1,Hcr,Hermissenda crassicornis,Opalescent nudibranch,2,2,,,,,,,,,,,,,,,,,,,,,,,,,,,,,,,,,,,,,,,,,,,,,,,,
124,Jasmin Schuster,Isabelle Cote,BMSC1,Dodger Channel,48.8289,-125.19757,15/04/2026,1.5,NE,12:00,IMC,5.5,2,1,Acal,Apostichopus californicus,Californian sea cucumber,2,2,,,,,,,,,,,,,,,,,,,,,,,,,,,,,,,,,,,,,,,,,,,,,,,,
125,Jasmin Schuster,Isabelle Cote,BMSC1,Dodger Channel,48.8289,-125.19757,15/04/2026,1.5,NE,12:00,IMC,5.5,2,1,Phel,Pycnopodia helianthoides,Sunflower star,1,0,,,,,,,1,,,,,,,,,,,,,,,,,,,,,,,,,,,,,,,,,,,,,,,,,
126,Jasmin Schuster,Isabelle Cote,BMSC1,Dodger Channel,48.8289,-125.19757,15/04/2026,1.5,NE,12:00,IMC,5.5,2,1,Etr,Evasterias troschelii,Mottled starfish,2,2,,,,,,,,,,,,,,,,,,,,,,,,,,,,,,,,,,,,,,,,,,,,,,,,
127,Jasmin Schuster,Isabelle Cote,BMSC1,Dodger Channel,48.8289,-125.19757,15/04/2026,1.5,NE,12:00,IMC,5.5,2,1,Cgi,Crassadoma gigantea,Purple-hinged rock scallop,5,0,,1,1,1,2,,,,,,,,,,,,,,,,,,,,,,,,,,,,,,,,,,,,,,,,,,,
128,Jasmin Schuster,Isabelle Cote,BMSC1,Dodger Channel,48.8289,-125.19757,15/04/2026,1.5,NE,12:00,IMC,5.5,2,1,Sac,Scyra acutifrons,Sharpnose crab,1,1,,,,,,,,,,,,,,,,,,,,,,,,,,,,,,,,,,,,,,,,,,,,,,,,
129,Jasmin Schuster,Isabelle Cote,BMSC1,Dodger Channel,48.8289,-125.19757,15/04/2026,1.5,NE,12:00,IMC,5.5,2,1,Phe,Pagurus hemphilli,Maroon hermit,3,3,,,,,,,,,,,,,,,,,,,,,,,,,,,,,,,,,,,,,,,,,,,,,,,,
130,Jasmin Schuster,Isabelle Cote,BMSC1,Dodger Channel,48.8289,-125.19757,15/04/2026,1.5,NE,12:00,IMC,5.5,2,1,Oko,Orthasterias koehleri,Rainbow star,3,3,,,,,,,,,,,,,,,,,,,,,,,,,,,,,,,,,,,,,,,,,,,,,,,,
131,Jasmin Schuster,Isabelle Cote,BMSC1,Dodger Channel,48.8289,-125.19757,15/04/2026,1.5,NE,12:00,IMC,5.5,2,1,Gor,Glebocarcinus oregonensis,Pygmy rock crab,4,4,,,,,,,,,,,,,,,,,,,,,,,,,,,,,,,,,,,,,,,,,,,,,,,,
132,Jasmin Schuster,Isabelle Cote,BMSC1,Dodger Channel,48.8289,-125.19757,15/04/2026,1.5,NE,12:00,IMC,5.5,2,1,Dal,Dirona albolineata,White-line dirona,1,1,,,,,,,,,,,,,,,,,,,,,,,,,,,,,,,,,,,,,,,,,,,,,,,,
133,Jasmin Schuster,Isabelle Cote,BMSC1,Dodger Channel,48.8289,-125.19757,15/04/2026,1.5,NE,12:00,IMC,5.5,2,1,Cste,Cryptochiton stelleri,Gumboot chiton,1,1,,,,,,,,,,,,,,,,,,,,,,,,,,,,,,,,,,,,,,,,,,,,,,,,
134,Jasmin Schuster,Isabelle Cote,BMSC1,Dodger Channel,48.8289,-125.19757,15/04/2026,1.5,NE,12:00,IMC,5.5,2,1,Pachycheles,Pachycheles spp.,,2,2,,,,,,,,,,,,,,,,,,,,,,,,,,,,,,,,,,,,,,,,,,,,,,,,
135,Jasmin Schuster,Isabelle Cote,BMSC1,Dodger Channel,48.8289,-125.19757,15/04/2026,1.5,NE,12:00,IMC,5.5,2,1,Cfo,Ceratostoma foliatum,Leafy hornmouth,3,3,,,,,,,,,,,,,,,,,,,,,,,,,,,,,,,,,,,,,,,,,,,,,,,,
136,Jasmin Schuster,Isabelle Cote,BMSC1,Dodger Channel,48.8289,-125.19757,15/04/2026,1.5,NE,12:00,IMC,5.5,2,1,Das,Diodora aspera,Rough keyhole limpet,1,1,,,,,,,,,,,,,,,,,,,,,,,,,,,,,,,,,,,,,,,,,,,,,,,,
137,Jasmin Schuster,Isabelle Cote,BMSC1,Dodger Channel,48.8289,-125.19757,15/04/2026,1.5,NE,12:00,IMC,5.5,2,1,Henricia,Henricia spp.,Unidentified blood star,1,1,,,,,,,,,,,,,,,,,,,,,,,,,,,,,,,,,,,,,,,,,,,,,,,,
138,Jasmin Schuster,Tom Bird,BMSC11,Wizard Island South,48.85747,-125.15823,16/04/2026,2,SW,9:33,TB,7,1,1,Hde,Hexagrammos decagrammus,Kelp greenling,2,0,,,,,,,,,,2,,,,,,,,,,,,,,,,,,,,,,,,,,,,,,,,,,,,,,
139,Jasmin Schuster,Tom Bird,BMSC11,Wizard Island South,48.85747,-125.15823,16/04/2026,2,SW,9:33,TB,7,1,1,Rni,Rhinogobiops nicholsii,Blackeye goby,1,0,,,,1,,,,,,,,,,,,,,,,,,,,,,,,,,,,,,,,,,,,,,,,,,,,
140,Jasmin Schuster,Tom Bird,BMSC11,Wizard Island South,48.85747,-125.15823,16/04/2026,2,SW,9:33,TB,7,2,1,Mfr,Mesocentrotus franciscanus,Red sea urchin,607,607,,,,,,,,,,,,,,,,,,,,,,,,,,,,,,,,,,,,,,,,,,,,,,,,
141,Jasmin Schuster,Tom Bird,BMSC11,Wizard Island South,48.85747,-125.15823,16/04/2026,2,SW,9:33,TB,7,2,1,Pgi,Pomaulax gibberosus,Red turban shell,47,47,,,,,,,,,,,,,,,,,,,,,,,,,,,,,,,,,,,,,,,,,,,,,,,,
142,Jasmin Schuster,Tom Bird,BMSC11,Wizard Island South,48.85747,-125.15823,16/04/2026,2,SW,9:33,TB,7,2,1,Rni,Rhinogobiops nicholsii,Blackeye goby,46,,7,18,16,5,,,,,,,,,,,,,,,,,,,,,,,,,,,,,,,,,,,,,,,,,,,,
143,Jasmin Schuster,Tom Bird,BMSC11,Wizard Island South,48.85747,-125.15823,16/04/2026,2,SW,9:33,TB,7,2,1,Dim,Dermasterias imbricata,Leather star,15,15,,,,,,,,,,,,,,,,,,,,,,,,,,,,,,,,,,,,,,,,,,,,,,,,
144,Jasmin Schuster,Tom Bird,BMSC11,Wizard Island South,48.85747,-125.15823,16/04/2026,2,SW,9:33,TB,7,2,1,Henricia,Henricia spp.,Unidentified blood star,7,7,,,,,,,,,,,,,,,,,,,,,,,,,,,,,,,,,,,,,,,,,,,,,,,,
145,Jasmin Schuster,Tom Bird,BMSC11,Wizard Island South,48.85747,-125.15823,16/04/2026,2,SW,9:33,TB,7,2,1,Acal,Apostichopus californicus,Californian sea cucumber,17,17,,,,,,,,,,,,,,,,,,,,,,,,,,,,,,,,,,,,,,,,,,,,,,,,
146,Jasmin Schuster,Tom Bird,BMSC11,Wizard Island South,48.85747,-125.15823,16/04/2026,2,SW,9:33,TB,7,2,1,Cfo,Ceratostoma foliatum,Leafy hornmouth,10,10,,,,,,,,,,,,,,,,,,,,,,,,,,,,,,,,,,,,,,,,,,,,,,,,
147,Jasmin Schuster,Tom Bird,BMSC11,Wizard Island South,48.85747,-125.15823,16/04/2026,2,SW,9:33,TB,7,2,1,Pachycheles,Pachycheles spp.,,12,12,,,,,,,,,,,,,,,,,,,,,,,,,,,,,,,,,,,,,,,,,,,,,,,,
148,Jasmin Schuster,Tom Bird,BMSC11,Wizard Island South,48.85747,-125.15823,16/04/2026,2,SW,9:33,TB,7,2,1,Gor,Glebocarcinus oregonensis,Pygmy rock crab,8,8,,,,,,,,,,,,,,,,,,,,,,,,,,,,,,,,,,,,,,,,,,,,,,,,
149,Jasmin Schuster,Tom Bird,BMSC11,Wizard Island South,48.85747,-125.15823,16/04/2026,2,SW,9:33,TB,7,2,1,Hka,Haliotis kamtschatkana,Pinto abalone,16,0,,6,10,,,,,,,,,,,,,,,,,,,,,,,,,,,,,,,,,,,,,,,,,,,,,
150,Jasmin Schuster,Tom Bird,BMSC11,Wizard Island South,48.85747,-125.15823,16/04/2026,2,SW,9:33,TB,7,2,1,Phe,Pagurus hemphilli,Maroon hermit,3,3,,,,,,,,,,,,,,,,,,,,,,,,,,,,,,,,,,,,,,,,,,,,,,,,
151,Jasmin Schuster,Tom Bird,BMSC11,Wizard Island South,48.85747,-125.15823,16/04/2026,2,SW,9:33,TB,7,2,1,Hcr,Hermissenda crassicornis,Opalescent nudibranch,7,7,,,,,,,,,,,,,,,,,,,,,,,,,,,,,,,,,,,,,,,,,,,,,,,,
152,Jasmin Schuster,Tom Bird,BMSC11,Wizard Island South,48.85747,-125.15823,16/04/2026,2,SW,9:33,TB,7,2,1,Ami,Acmaea mitra,Whitecap limpet,4,4,,,,,,,,,,,,,,,,,,,,,,,,,,,,,,,,,,,,,,,,,,,,,,,,
153,Jasmin Schuster,Tom Bird,BMSC11,Wizard Island South,48.85747,-125.15823,16/04/2026,2,SW,9:33,TB,7,2,1,Cgi,Crassadoma gigantea,Purple-hinged rock scallop,18,0,,4,5,3,4,2,,,,,,,,,,,,,,,,,,,,,,,,,,,,,,,,,,,,,,,,,,
154,Jasmin Schuster,Tom Bird,BMSC11,Wizard Island South,48.85747,-125.15823,16/04/2026,2,SW,9:33,TB,7,2,1,Dal,Dirona albolineata,White-line dirona,1,1,,,,,,,,,,,,,,,,,,,,,,,,,,,,,,,,,,,,,,,,,,,,,,,,
155,Jasmin Schuster,Tom Bird,BMSC11,Wizard Island South,48.85747,-125.15823,16/04/2026,2,SW,9:33,TB,7,2,1,Dir,Dendronotus iris,Giant frond-aeolis,1,1,,,,,,,,,,,,,,,,,,,,,,,,,,,,,,,,,,,,,,,,,,,,,,,,
156,Jasmin Schuster,Tom Bird,BMSC11,Wizard Island South,48.85747,-125.15823,16/04/2026,2,SW,9:33,TB,7,2,1,Nla,Nucella lamellosa,Frilled dogwinkle,2,2,,,,,,,,,,,,,,,,,,,,,,,,,,,,,,,,,,,,,,,,,,,,,,,,
157,Jasmin Schuster,Tom Bird,BMSC11,Wizard Island South,48.85747,-125.15823,16/04/2026,2,SW,9:33,TB,7,2,1,Etr,Evasterias troschelii,Mottled starfish,1,1,,,,,,,,,,,,,,,,,,,,,,,,,,,,,,,,,,,,,,,,,,,,,,,,
158,Jasmin Schuster,Tom Bird,BMSC11,Wizard Island South,48.85747,-125.15823,16/04/2026,2,SW,9:33,TB,7,2,1,Oko,Orthasterias koehleri,Rainbow star,10,10,,,,,,,,,,,,,,,,,,,,,,,,,,,,,,,,,,,,,,,,,,,,,,,,
159,Jasmin Schuster,Tom Bird,BMSC11,Wizard Island South,48.85747,-125.15823,16/04/2026,2,SW,9:33,TB,7,2,1,Aha,Artedius harringtoni,Scalyhead sculpin,1,0,1,,,,,,,,,,,,,,,,,,,,,,,,,,,,,,,,,,,,,,,,,,,,,,,
160,Jasmin Schuster,Tom Bird,BMSC11,Wizard Island South,48.85747,-125.15823,16/04/2026,2,SW,9:33,TB,7,2,1,Sac,Scyra acutifrons,Sharpnose crab,2,2,,,,,,,,,,,,,,,,,,,,,,,,,,,,,,,,,,,,,,,,,,,,,,,,
161,Jasmin Schuster,Tom Bird,BMSC12,Wizard Island North,48.85828,-125.16092,16/04/2026,1.5,NE,11:50,JMS,5.5,1,2,Rni,Rhinogobiops nicholsii,Blackeye goby,1,0,,,,1,,,,,,,,,,,,,,,,,,,,,,,,,,,,,,,,,,,,,,,,,,,,
162,Jasmin Schuster,Tom Bird,BMSC12,Wizard Island North,48.85828,-125.16092,16/04/2026,1.5,NE,11:50,JMS,5.5,2,2,mfr,Mesocentrotus franciscanus,Red sea urchin,851,851,,,,,,,,,,,,,,,,,,,,,,,,,,,,,,,,,,,,,,,,,,,,,,,,
163,Jasmin Schuster,Tom Bird,BMSC12,Wizard Island North,48.85828,-125.16092,16/04/2026,1.5,NE,11:50,JMS,5.5,2,2,Acal,Apostichopus californicus,Californian sea cucumber,73,73,,,,,,,,,,,,,,,,,,,,,,,,,,,,,,,,,,,,,,,,,,,,,,,,
164,Jasmin Schuster,Tom Bird,BMSC12,Wizard Island North,48.85828,-125.16092,16/04/2026,1.5,NE,11:50,JMS,5.5,2,2,dim,Dermasterias imbricata,Leather star,12,12,,,,,,,,,,,,,,,,,,,,,,,,,,,,,,,,,,,,,,,,,,,,,,,,
165,Jasmin Schuster,Tom Bird,BMSC12,Wizard Island North,48.85828,-125.16092,16/04/2026,1.5,NE,11:50,JMS,5.5,2,2,das,Diodora aspera,Rough keyhole limpet,1,1,,,,,,,,,,,,,,,,,,,,,,,,,,,,,,,,,,,,,,,,,,,,,,,,
166,Jasmin Schuster,Tom Bird,BMSC12,Wizard Island North,48.85828,-125.16092,16/04/2026,1.5,NE,11:50,JMS,5.5,2,2,gor,Glebocarcinus oregonensis,Pygmy rock crab,10,10,,,,,,,,,,,,,,,,,,,,,,,,,,,,,,,,,,,,,,,,,,,,,,,,
167,Jasmin Schuster,Tom Bird,BMSC12,Wizard Island North,48.85828,-125.16092,16/04/2026,1.5,NE,11:50,JMS,5.5,2,2,Pachycheles,Pachycheles spp.,,1,1,,,,,,,,,,,,,,,,,,,,,,,,,,,,,,,,,,,,,,,,,,,,,,,,
168,Jasmin Schuster,Tom Bird,BMSC12,Wizard Island North,48.85828,-125.16092,16/04/2026,1.5,NE,11:50,JMS,5.5,2,2,oko,Orthasterias koehleri,Rainbow star,14,14,,,,,,,,,,,,,,,,,,,,,,,,,,,,,,,,,,,,,,,,,,,,,,,,
169,Jasmin Schuster,Tom Bird,BMSC12,Wizard Island North,48.85828,-125.16092,16/04/2026,1.5,NE,11:50,JMS,5.5,2,2,Spur,Strongylocentrotus purpuratus,Purple sea urchin,18,18,,,,,,,,,,,,,,,,,,,,,,,,,,,,,,,,,,,,,,,,,,,,,,,,
170,Jasmin Schuster,Tom Bird,BMSC12,Wizard Island North,48.85828,-125.16092,16/04/2026,1.5,NE,11:50,JMS,5.5,2,2,hka,Haliotis kamtschatkana,Pinto abalone,10,0,1,6,3,,,,,,,,,,,,,,,,,,,,,,,,,,,,,,,,,,,,,,,,,,,,,
171,Jasmin Schuster,Tom Bird,BMSC12,Wizard Island North,48.85828,-125.16092,16/04/2026,1.5,NE,11:50,JMS,5.5,2,2,cfo,Ceratostoma foliatum,Leafy hornmouth,2,2,,,,,,,,,,,,,,,,,,,,,,,,,,,,,,,,,,,,,,,,,,,,,,,,
172,Jasmin Schuster,Tom Bird,BMSC12,Wizard Island North,48.85828,-125.16092,16/04/2026,1.5,NE,11:50,JMS,5.5,2,2,cgi,Crassadoma gigantea,Purple-hinged rock scallop,4,0,,2,2,,,,,,,,,,,,,,,,,,,,,,,,,,,,,,,,,,,,,,,,,,,,,
173,Jasmin Schuster,Tom Bird,BMSC12,Wizard Island North,48.85828,-125.16092,16/04/2026,1.5,NE,11:50,JMS,5.5,2,2,ami,Acmaea mitra,Whitecap limpet,6,6,,,,,,,,,,,,,,,,,,,,,,,,,,,,,,,,,,,,,,,,,,,,,,,,
174,Jasmin Schuster,Tom Bird,BMSC12,Wizard Island North,48.85828,-125.16092,16/04/2026,1.5,NE,11:50,JMS,5.5,2,2,pgi,Pomaulax gibberosus,Red turban shell,2,2,,,,,,,,,,,,,,,,,,,,,,,,,,,,,,,,,,,,,,,,,,,,,,,,
175,Jasmin Schuster,Tom Bird,BMSC12,Wizard Island North,48.85828,-125.16092,16/04/2026,1.5,NE,11:50,JMS,5.5,2,2,rni,Rhinogobiops nicholsii,Blackeye goby,4,0,,2,2,,,,,,,,,,,,,,,,,,,,,,,,,,,,,,,,,,,,,,,,,,,,,
176,Jasmin Schuster,Tom Bird,BMSC12,Wizard Island North,48.85828,-125.16092,16/04/2026,1.5,NE,11:50,JMS,5.5,2,2,aha,Artedius harringtoni,Scalyhead sculpin,5,0,,2,3,,,,,,,,,,,,,,,,,,,,,,,,,,,,,,,,,,,,,,,,,,,,,
177,Jasmin Schuster,Tom Bird,BMSC12,Wizard Island North,48.85828,-125.16092,16/04/2026,1.5,NE,11:50,JMS,5.5,2,2,nla,Nucella lamellosa,Frilled dogwinkle,1,1,,,,,,,,,,,,,,,,,,,,,,,,,,,,,,,,,,,,,,,,,,,,,,,,
178,Jasmin Schuster,Tom Bird,BMSC12,Wizard Island North,48.85828,-125.16092,16/04/2026,1.5,NE,11:50,JMS,5.5,2,2,Henricia,Henricia spp.,Unidentified blood star,6,6,,,,,,,,,,,,,,,,,,,,,,,,,,,,,,,,,,,,,,,,,,,,,,,,
179,Jasmin Schuster,Tom Bird,BMSC12,Wizard Island North,48.85828,-125.16092,16/04/2026,1.5,NE,11:50,JMS,5.5,2,2,etr,Evasterias troschelii,Mottled starfish,1,1,,,,,,,,,,,,,,,,,,,,,,,,,,,,,,,,,,,,,,,,,,,,,,,,
180,Jasmin Schuster,Tom Bird,BMSC12,Wizard Island North,48.85828,-125.16092,16/04/2026,1.5,NE,11:50,JMS,5.5,2,2,phe,Pagurus hemphilli,Maroon hermit,6,6,,,,,,,,,,,,,,,,,,,,,,,,,,,,,,,,,,,,,,,,,,,,,,,,
181,Jasmin Schuster,Tom Bird,BMSC12,Wizard Island North,48.85828,-125.16092,16/04/2026,1.5,NE,11:50,JMS,5.5,2,2,oel,Ophiodon elongatus,Lingcod,1,0,,,,,,,,,,,,,1,,,,,,,,,,,,,,,,,,,,,,,,,,,,,,,,,,,
182,Jasmin Schuster,Tom Bird,BMSC12,Wizard Island North,48.85828,-125.16092,16/04/2026,1.5,NE,11:50,JMS,5.5,2,2,pmi,Patiria miniata,Bat star,4,4,,,,,,,,,,,,,,,,,,,,,,,,,,,,,,,,,,,,,,,,,,,,,,,,
183,Jasmin Schuster,Tom Bird,BMSC12,Wizard Island North,48.85828,-125.16092,16/04/2026,1.5,NE,11:50,JMS,5.5,2,2,Ain,Anoplarchus insignis,Slender Cockscomb,1,0,,,,1,,,,,,,,,,,,,,,,,,,,,,,,,,,,,,,,,,,,,,,,,,,,
184,Jasmin Schuster,Tom Bird,BMSC12,Wizard Island North,48.85828,-125.16092,16/04/2026,1.5,NE,11:50,JMS,5.5,2,2,Lbe,Lophopanopeus bellus,Black-clawed crab,1,1,,,,,,,,,,,,,,,,,,,,,,,,,,,,,,,,,,,,,,,,,,,,,,,,
185,Jasmin Schuster,Tom Bird,BMSC12,Wizard Island North,48.85828,-125.16092,16/04/2026,1.5,NE,11:50,JMS,5.5,2,2,sdr,Strongylocentrotus droebachiensis,Northern sea urchin,3,3,,,,,,,,,,,,,,,,,,,,,,,,,,,,,,,,,,,,,,,,,,,,,,,,
186,Jasmin Schuster,Tom Bird,BMSC12,Wizard Island North,48.85828,-125.16092,16/04/2026,1.5,NE,11:50,JMS,5.5,2,2,sac,Scyra acutifrons,Sharpnose crab,1,1,,,,,,,,,,,,,,,,,,,,,,,,,,,,,,,,,,,,,,,,,,,,,,,,
187,Jasmin Schuster,Tom Bird,BMSC12,Wizard Island North,48.85828,-125.16092,16/04/2026,1.5,NE,11:50,JMS,5.5,2,2,cpr,Cancer productus,Red rock crab,1,1,,,,,,,,,,,,,,,,,,,,,,,,,,,,,,,,,,,,,,,,,,,,,,,,
188,Jasmin Schuster,Tom Bird,BMSC21,Dixon SW,48.85205,-125.12357,16/04/2026,1.5,E,14:25,JMS,5.5,1,1,Hde,Hexagrammos decagrammus,Kelp greenling,2,0,,,,,,,,,,2,,,,,,,,,,,,,,,,,,,,,,,,,,,,,,,,,,,,,,
189,Jasmin Schuster,Tom Bird,BMSC21,Dixon SW,48.85205,-125.12357,16/04/2026,1.5,E,14:25,JMS,5.5,1,1,Rni,Rhinogobiops nicholsii,Blackeye goby,1,0,,,1,,,,,,,,,,,,,,,,,,,,,,,,,,,,,,,,,,,,,,,,,,,,,
190,Jasmin Schuster,Tom Bird,BMSC21,Dixon SW,48.85205,-125.12357,16/04/2026,1.5,E,14:25,JMS,5.5,1,1,Oel,Ophiodon elongatus,Lingcod,1,0,,,,,,,,,,,,1,,,,,,,,,,,,,,,,,,,,,,,,,,,,,,,,,,,,
191,Jasmin Schuster,Tom Bird,BMSC21,Dixon SW,48.85205,-125.12357,16/04/2026,1.5,E,14:25,JMS,5.5,2,1,Mfr,Mesocentrotus franciscanus,Red sea urchin,242,242,,,,,,,,,,,,,,,,,,,,,,,,,,,,,,,,,,,,,,,,,,,,,,,,
192,Jasmin Schuster,Tom Bird,BMSC21,Dixon SW,48.85205,-125.12357,16/04/2026,1.5,E,14:25,JMS,5.5,2,1,Ami,Acmaea mitra,Whitecap limpet,15,15,,,,,,,,,,,,,,,,,,,,,,,,,,,,,,,,,,,,,,,,,,,,,,,,
193,Jasmin Schuster,Tom Bird,BMSC21,Dixon SW,48.85205,-125.12357,16/04/2026,1.5,E,14:25,JMS,5.5,2,1,phe,Pagurus hemphilli,Maroon hermit,5,5,,,,,,,,,,,,,,,,,,,,,,,,,,,,,,,,,,,,,,,,,,,,,,,,
194,Jasmin Schuster,Tom Bird,BMSC21,Dixon SW,48.85205,-125.12357,16/04/2026,1.5,E,14:25,JMS,5.5,2,1,aha,Artedius harringtoni,Scalyhead sculpin,3,0,2,1,,,,,,,,,,,,,,,,,,,,,,,,,,,,,,,,,,,,,,,,,,,,,,
195,Jasmin Schuster,Tom Bird,BMSC21,Dixon SW,48.85205,-125.12357,16/04/2026,1.5,E,14:25,JMS,5.5,2,1,rni,Rhinogobiops nicholsii,Blackeye goby,9,0,1,4,4,,,,,,,,,,,,,,,,,,,,,,,,,,,,,,,,,,,,,,,,,,,,,
196,Jasmin Schuster,Tom Bird,BMSC21,Dixon SW,48.85205,-125.12357,16/04/2026,1.5,E,14:25,JMS,5.5,2,1,jzo,Jordania zonope,Longfin sculpin,1,0,,,1,,,,,,,,,,,,,,,,,,,,,,,,,,,,,,,,,,,,,,,,,,,,,
197,Jasmin Schuster,Tom Bird,BMSC21,Dixon SW,48.85205,-125.12357,16/04/2026,1.5,E,14:25,JMS,5.5,2,1,Gor,Glebocarcinus oregonensis,Pygmy rock crab,10,10,,,,,,,,,,,,,,,,,,,,,,,,,,,,,,,,,,,,,,,,,,,,,,,,
198,Jasmin Schuster,Tom Bird,BMSC21,Dixon SW,48.85205,-125.12357,16/04/2026,1.5,E,14:25,JMS,5.5,2,1,Cgi,Crassadoma gigantea,Purple-hinged rock scallop,6,0,,1,2,2,1,,,,,,,,,,,,,,,,,,,,,,,,,,,,,,,,,,,,,,,,,,,
199,Jasmin Schuster,Tom Bird,BMSC21,Dixon SW,48.85205,-125.12357,16/04/2026,1.5,E,14:25,JMS,5.5,2,1,Oko,Orthasterias koehleri,Rainbow star,2,2,,,,,,,,,,,,,,,,,,,,,,,,,,,,,,,,,,,,,,,,,,,,,,,,
200,Jasmin Schuster,Tom Bird,BMSC21,Dixon SW,48.85205,-125.12357,16/04/2026,1.5,E,14:25,JMS,5.5,2,1,Cfo,Ceratostoma foliatum,Leafy hornmouth,12,12,,,,,,,,,,,,,,,,,,,,,,,,,,,,,,,,,,,,,,,,,,,,,,,,
201,Jasmin Schuster,Tom Bird,BMSC21,Dixon SW,48.85205,-125.12357,16/04/2026,1.5,E,14:25,JMS,5.5,2,1,Pachycheles,Pachycheles spp.,,2,2,,,,,,,,,,,,,,,,,,,,,,,,,,,,,,,,,,,,,,,,,,,,,,,,
202,Jasmin Schuster,Tom Bird,BMSC21,Dixon SW,48.85205,-125.12357,16/04/2026,1.5,E,14:25,JMS,5.5,2,1,Dim,Dermasterias imbricata,Leather star,16,16,,,,,,,,,,,,,,,,,,,,,,,,,,,,,,,,,,,,,,,,,,,,,,,,
203,Jasmin Schuster,Tom Bird,BMSC21,Dixon SW,48.85205,-125.12357,16/04/2026,1.5,E,14:25,JMS,5.5,2,1,Hka,Haliotis kamtschatkana,Pinto abalone,84,,6,61,17,,,,,,,,,,,,,,,,,,,,,,,,,,,,,,,,,,,,,,,,,,,,,
204,Jasmin Schuster,Tom Bird,BMSC21,Dixon SW,48.85205,-125.12357,16/04/2026,1.5,E,14:25,JMS,5.5,2,1,Acal,Apostichopus californicus,Californian sea cucumber,26,26,,,,,,,,,,,,,,,,,,,,,,,,,,,,,,,,,,,,,,,,,,,,,,,,
205,Jasmin Schuster,Tom Bird,BMSC21,Dixon SW,48.85205,-125.12357,16/04/2026,1.5,E,14:25,JMS,5.5,2,1,def,Debris - Fishing,Any fishing debris,1,1,,,,,,,,,,,,,,,,,,,,,,,,,,,,,,,,,,,,,,,,,,,,,,,,
206,Jasmin Schuster,Tom Bird,BMSC21,Dixon SW,48.85205,-125.12357,16/04/2026,1.5,E,14:25,JMS,5.5,2,1,Sac,Scyra acutifrons,Sharpnose crab,2,2,,,,,,,,,,,,,,,,,,,,,,,,,,,,,,,,,,,,,,,,,,,,,,,,
207,Jasmin Schuster,Tom Bird,BMSC21,Dixon SW,48.85205,-125.12357,16/04/2026,1.5,E,14:25,JMS,5.5,2,1,Poc,Pisaster ochraceus,Purple sea star,8,8,,,,,,,,,,,,,,,,,,,,,,,,,,,,,,,,,,,,,,,,,,,,,,,,
208,Jasmin Schuster,Tom Bird,BMSC21,Dixon SW,48.85205,-125.12357,16/04/2026,1.5,E,14:25,JMS,5.5,2,1,Pmi,Patiria miniata,Bat star,10,10,,,,,,,,,,,,,,,,,,,,,,,,,,,,,,,,,,,,,,,,,,,,,,,,
209,Jasmin Schuster,Tom Bird,BMSC21,Dixon SW,48.85205,-125.12357,16/04/2026,1.5,E,14:25,JMS,5.5,2,1,Spur,Strongylocentrotus purpuratus,Purple sea urchin,3,3,,,,,,,,,,,,,,,,,,,,,,,,,,,,,,,,,,,,,,,,,,,,,,,,
210,Jasmin Schuster,Tom Bird,BMSC21,Dixon SW,48.85205,-125.12357,16/04/2026,1.5,E,14:25,JMS,5.5,2,1,Pgi,Pomaulax gibberosus,Red turban shell,5,5,,,,,,,,,,,,,,,,,,,,,,,,,,,,,,,,,,,,,,,,,,,,,,,,
211,Jasmin Schuster,Tom Bird,BMSC21,Dixon SW,48.85205,-125.12357,16/04/2026,1.5,E,14:25,JMS,5.5,2,1,Hst,Hexagrammos stelleri,Whitespotted greenling,1,0,,,,,,1,,,,,,,,,,,,,,,,,,,,,,,,,,,,,,,,,,,,,,,,,,
212,Jasmin Schuster,Tom Bird,BMSC21,Dixon SW,48.85205,-125.12357,16/04/2026,1.5,E,14:25,JMS,5.5,2,1,Das,Diodora aspera,Rough keyhole limpet,1,1,,,,,,,,,,,,,,,,,,,,,,,,,,,,,,,,,,,,,,,,,,,,,,,,
213,Jasmin Schuster,Isabelle Cote,BMSC6,Baeria Rocks South Island,48.95023,-125.15554,17/04/2026,4,SW,10:03,IMC,11,1,2,Oel,Ophiodon elongatus,Lingcod,2,0,,,,,,,,,,,,1,1,,,,,,,,,,,,,,,,,,,,,,,,,,,,,,,,,,,
214,Jasmin Schuster,Isabelle Cote,BMSC6,Baeria Rocks South Island,48.95023,-125.15554,17/04/2026,4,SW,10:03,IMC,11,1,2,Hde,Hexagrammos decagrammus,Kelp greenling,4,0,,,,,,,,1,,1,2,,,,,,,,,,,,,,,,,,,,,,,,,,,,,,,,,,,,,
215,Jasmin Schuster,Isabelle Cote,BMSC6,Baeria Rocks South Island,48.95023,-125.15554,17/04/2026,4,SW,10:03,IMC,11,1,2,Hst,Hexagrammos stelleri,Whitespotted greenling,1,0,,,,,,1,,,,,,,,,,,,,,,,,,,,,,,,,,,,,,,,,,,,,,,,,,
216,Jasmin Schuster,Isabelle Cote,BMSC6,Baeria Rocks South Island,48.95023,-125.15554,17/04/2026,4,SW,10:03,IMC,11,1,2,Rni,Rhinogobiops nicholsii,Blackeye goby,4,0,,,3,1,,,,,,,,,,,,,,,,,,,,,,,,,,,,,,,,,,,,,,,,,,,,
217,Jasmin Schuster,Isabelle Cote,BMSC6,Baeria Rocks South Island,48.95023,-125.15554,17/04/2026,4,SW,10:03,IMC,11,1,2,Sma,Sebastes maliger,Quillback rockfish,5,0,,,,,,,,,3,2,,,,,,,,,,,,,,,,,,,,,,,,,,,,,,,,,,,,,,
218,Jasmin Schuster,Isabelle Cote,BMSC6,Baeria Rocks South Island,48.95023,-125.15554,17/04/2026,4,SW,10:03,IMC,11,2,2,Mfr,Mesocentrotus franciscanus,Red sea urchin,308,308,,,,,,,,,,,,,,,,,,,,,,,,,,,,,,,,,,,,,,,,,,,,,,,,
219,Jasmin Schuster,Isabelle Cote,BMSC6,Baeria Rocks South Island,48.95023,-125.15554,17/04/2026,4,SW,10:03,IMC,11,2,2,Pmi,Patiria miniata,Bat star,89,89,,,,,,,,,,,,,,,,,,,,,,,,,,,,,,,,,,,,,,,,,,,,,,,,
220,Jasmin Schuster,Isabelle Cote,BMSC6,Baeria Rocks South Island,48.95023,-125.15554,17/04/2026,4,SW,10:03,IMC,11,2,2,Ami,Acmaea mitra,Whitecap limpet,25,25,,,,,,,,,,,,,,,,,,,,,,,,,,,,,,,,,,,,,,,,,,,,,,,,
221,Jasmin Schuster,Isabelle Cote,BMSC6,Baeria Rocks South Island,48.95023,-125.15554,17/04/2026,4,SW,10:03,IMC,11,2,2,Spur,Strongylocentrotus purpuratus,Purple sea urchin,1,1,,,,,,,,,,,,,,,,,,,,,,,,,,,,,,,,,,,,,,,,,,,,,,,,
222,Jasmin Schuster,Isabelle Cote,BMSC6,Baeria Rocks South Island,48.95023,-125.15554,17/04/2026,4,SW,10:03,IMC,11,2,2,Oko,Orthasterias koehleri,Rainbow star,6,6,,,,,,,,,,,,,,,,,,,,,,,,,,,,,,,,,,,,,,,,,,,,,,,,
223,Jasmin Schuster,Isabelle Cote,BMSC6,Baeria Rocks South Island,48.95023,-125.15554,17/04/2026,4,SW,10:03,IMC,11,2,2,Acal,Apostichopus californicus,Californian sea cucumber,26,26,,,,,,,,,,,,,,,,,,,,,,,,,,,,,,,,,,,,,,,,,,,,,,,,
224,Jasmin Schuster,Isabelle Cote,BMSC6,Baeria Rocks South Island,48.95023,-125.15554,17/04/2026,4,SW,10:03,IMC,11,2,2,Cgi,Crassadoma gigantea,Purple-hinged rock scallop,3,0,,,2,1,,,,,,,,,,,,,,,,,,,,,,,,,,,,,,,,,,,,,,,,,,,,
225,Jasmin Schuster,Isabelle Cote,BMSC6,Baeria Rocks South Island,48.95023,-125.15554,17/04/2026,4,SW,10:03,IMC,11,2,2,Phe,Pagurus hemphilli,Maroon hermit,2,2,,,,,,,,,,,,,,,,,,,,,,,,,,,,,,,,,,,,,,,,,,,,,,,,
226,Jasmin Schuster,Isabelle Cote,BMSC6,Baeria Rocks South Island,48.95023,-125.15554,17/04/2026,4,SW,10:03,IMC,11,2,2,Nla,Nucella lamellosa,Frilled dogwinkle,1,1,,,,,,,,,,,,,,,,,,,,,,,,,,,,,,,,,,,,,,,,,,,,,,,,
227,Jasmin Schuster,Isabelle Cote,BMSC6,Baeria Rocks South Island,48.95023,-125.15554,17/04/2026,4,SW,10:03,IMC,11,2,2,Hka,Haliotis kamtschatkana,Pinto abalone,6,0,,4,2,,,,,,,,,,,,,,,,,,,,,,,,,,,,,,,,,,,,,,,,,,,,,
228,Jasmin Schuster,Isabelle Cote,BMSC6,Baeria Rocks South Island,48.95023,-125.15554,17/04/2026,4,SW,10:03,IMC,11,2,2,Rni,Rhinogobiops nicholsii,Blackeye goby,9,0,,1,3,5,,,,,,,,,,,,,,,,,,,,,,,,,,,,,,,,,,,,,,,,,,,,
229,Jasmin Schuster,Isabelle Cote,BMSC6,Baeria Rocks South Island,48.95023,-125.15554,17/04/2026,4,SW,10:03,IMC,11,2,2,Cfo,Ceratostoma foliatum,Leafy hornmouth,10,10,,,,,,,,,,,,,,,,,,,,,,,,,,,,,,,,,,,,,,,,,,,,,,,,
230,Jasmin Schuster,Isabelle Cote,BMSC6,Baeria Rocks South Island,48.95023,-125.15554,17/04/2026,4,SW,10:03,IMC,11,2,2,Hermit,Paguroidea spp.,Unidentified hermit crab,4,4,,,,,,,,,,,,,,,,,,,,,,,,,,,,,,,,,,,,,,,,,,,,,,,,
231,Jasmin Schuster,Isabelle Cote,BMSC6,Baeria Rocks South Island,48.95023,-125.15554,17/04/2026,4,SW,10:03,IMC,11,2,2,Pachycheles,Pachycheles spp.,,2,2,,,,,,,,,,,,,,,,,,,,,,,,,,,,,,,,,,,,,,,,,,,,,,,,
232,Jasmin Schuster,Isabelle Cote,BMSC6,Baeria Rocks South Island,48.95023,-125.15554,17/04/2026,4,SW,10:03,IMC,11,2,2,Etr,Evasterias troschelii,Mottled starfish,2,2,,,,,,,,,,,,,,,,,,,,,,,,,,,,,,,,,,,,,,,,,,,,,,,,
233,Jasmin Schuster,Isabelle Cote,BMSC6,Baeria Rocks South Island,48.95023,-125.15554,17/04/2026,4,SW,10:03,IMC,11,2,2,jzo,Jordania zonope,Longfin sculpin,4,0,,4,,,,,,,,,,,,,,,,,,,,,,,,,,,,,,,,,,,,,,,,,,,,,,
234,Jasmin Schuster,Isabelle Cote,BMSC6,Baeria Rocks South Island,48.95023,-125.15554,17/04/2026,4,SW,10:03,IMC,11,2,2,Pgi,Pomaulax gibberosus,Red turban shell,6,6,,,,,,,,,,,,,,,,,,,,,,,,,,,,,,,,,,,,,,,,,,,,,,,,
235,Jasmin Schuster,Isabelle Cote,BMSC6,Baeria Rocks South Island,48.95023,-125.15554,17/04/2026,4,SW,10:03,IMC,11,2,2,Dim,Dermasterias imbricata,Leather star,2,2,,,,,,,,,,,,,,,,,,,,,,,,,,,,,,,,,,,,,,,,,,,,,,,,
236,Jasmin Schuster,Isabelle Cote,BMSC6,Baeria Rocks South Island,48.95023,-125.15554,17/04/2026,4,SW,10:03,IMC,11,2,2,Sdr,Strongylocentrotus droebachiensis,Northern sea urchin,2,2,,,,,,,,,,,,,,,,,,,,,,,,,,,,,,,,,,,,,,,,,,,,,,,,
237,Jasmin Schuster,Isabelle Cote,BMSC6,Baeria Rocks South Island,48.95023,-125.15554,17/04/2026,4,SW,10:03,IMC,11,2,2,Spur,Strongylocentrotus purpuratus,Purple sea urchin,1,1,,,,,,,,,,,,,,,,,,,,,,,,,,,,,,,,,,,,,,,,,,,,,,,,
238,Jasmin Schuster,Isabelle Cote,BMSC6,Baeria Rocks South Island,48.95023,-125.15554,17/04/2026,4,SW,10:03,IMC,11,2,2,Hst,Hexagrammos stelleri,Whitespotted greenling,1,0,,,,,,1,,,,,,,,,,,,,,,,,,,,,,,,,,,,,,,,,,,,,,,,,,
239,Jasmin Schuster,Isabelle Cote,BMSC8,Baeria Rocks North Island Northside,48.95508,-125.15337,17/04/2026,3,NW,12:30,IMC,7.5,1,2,Jzo,Jordania zonope,Longfin sculpin,1,0,,1,,,,,,,,,,,,,,,,,,,,,,,,,,,,,,,,,,,,,,,,,,,,,,
240,Jasmin Schuster,Isabelle Cote,BMSC8,Baeria Rocks North Island Northside,48.95508,-125.15337,17/04/2026,3,NW,12:30,IMC,7.5,2,2,Mfr,Mesocentrotus franciscanus,Red sea urchin,261,261,,,,,,,,,,,,,,,,,,,,,,,,,,,,,,,,,,,,,,,,,,,,,,,,
241,Jasmin Schuster,Isabelle Cote,BMSC8,Baeria Rocks North Island Northside,48.95508,-125.15337,17/04/2026,3,NW,12:30,IMC,7.5,2,2,Pgi,Pomaulax gibberosus,Red turban shell,203,203,,,,,,,,,,,,,,,,,,,,,,,,,,,,,,,,,,,,,,,,,,,,,,,,
242,Jasmin Schuster,Isabelle Cote,BMSC8,Baeria Rocks North Island Northside,48.95508,-125.15337,17/04/2026,3,NW,12:30,IMC,7.5,2,2,Cfo,Ceratostoma foliatum,Leafy hornmouth,16,16,,,,,,,,,,,,,,,,,,,,,,,,,,,,,,,,,,,,,,,,,,,,,,,,
243,Jasmin Schuster,Isabelle Cote,BMSC8,Baeria Rocks North Island Northside,48.95508,-125.15337,17/04/2026,3,NW,12:30,IMC,7.5,2,2,Pmi,Patiria miniata,Bat star,145,145,,,,,,,,,,,,,,,,,,,,,,,,,,,,,,,,,,,,,,,,,,,,,,,,
244,Jasmin Schuster,Isabelle Cote,BMSC8,Baeria Rocks North Island Northside,48.95508,-125.15337,17/04/2026,3,NW,12:30,IMC,7.5,2,2,Acal,Apostichopus californicus,Californian sea cucumber,13,13,,,,,,,,,,,,,,,,,,,,,,,,,,,,,,,,,,,,,,,,,,,,,,,,
245,Jasmin Schuster,Isabelle Cote,BMSC8,Baeria Rocks North Island Northside,48.95508,-125.15337,17/04/2026,3,NW,12:30,IMC,7.5,2,2,Hka,Haliotis kamtschatkana,Pinto abalone,5,0,4,,1,,,,,,,,,,,,,,,,,,,,,,,,,,,,,,,,,,,,,,,,,,,,,
246,Jasmin Schuster,Isabelle Cote,BMSC8,Baeria Rocks North Island Northside,48.95508,-125.15337,17/04/2026,3,NW,12:30,IMC,7.5,2,2,Phe,Pagurus hemphilli,Maroon hermit,25,25,,,,,,,,,,,,,,,,,,,,,,,,,,,,,,,,,,,,,,,,,,,,,,,,
247,Jasmin Schuster,Isabelle Cote,BMSC8,Baeria Rocks North Island Northside,48.95508,-125.15337,17/04/2026,3,NW,12:30,IMC,7.5,2,2,Dim,Dermasterias imbricata,Leather star,3,3,,,,,,,,,,,,,,,,,,,,,,,,,,,,,,,,,,,,,,,,,,,,,,,,
248,Jasmin Schuster,Isabelle Cote,BMSC8,Baeria Rocks North Island Northside,48.95508,-125.15337,17/04/2026,3,NW,12:30,IMC,7.5,2,2,Hermit,Paguroidea spp.,Unidentified hermit crab,4,4,,,,,,,,,,,,,,,,,,,,,,,,,,,,,,,,,,,,,,,,,,,,,,,,
249,Jasmin Schuster,Isabelle Cote,BMSC8,Baeria Rocks North Island Northside,48.95508,-125.15337,17/04/2026,3,NW,12:30,IMC,7.5,2,2,pbe,Pagurus beringanus,Hermit crab,3,3,,,,,,,,,,,,,,,,,,,,,,,,,,,,,,,,,,,,,,,,,,,,,,,,
250,Jasmin Schuster,Isabelle Cote,BMSC8,Baeria Rocks North Island Northside,48.95508,-125.15337,17/04/2026,3,NW,12:30,IMC,7.5,2,2,Oko,Orthasterias koehleri,Rainbow star,4,4,,,,,,,,,,,,,,,,,,,,,,,,,,,,,,,,,,,,,,,,,,,,,,,,
251,Jasmin Schuster,Isabelle Cote,BMSC8,Baeria Rocks North Island Northside,48.95508,-125.15337,17/04/2026,3,NW,12:30,IMC,7.5,2,2,Ami,Acmaea mitra,Whitecap limpet,10,10,,,,,,,,,,,,,,,,,,,,,,,,,,,,,,,,,,,,,,,,,,,,,,,,
252,Jasmin Schuster,Isabelle Cote,BMSC8,Baeria Rocks North Island Northside,48.95508,-125.15337,17/04/2026,3,NW,12:30,IMC,7.5,2,2,Sac,Scyra acutifrons,Sharpnose crab,4,4,,,,,,,,,,,,,,,,,,,,,,,,,,,,,,,,,,,,,,,,,,,,,,,,
253,Jasmin Schuster,Isabelle Cote,BMSC8,Baeria Rocks North Island Northside,48.95508,-125.15337,17/04/2026,3,NW,12:30,IMC,7.5,2,2,Cgi,Crassadoma gigantea,Purple-hinged rock scallop,4,0,,,1,2,1,,,,,,,,,,,,,,,,,,,,,,,,,,,,,,,,,,,,,,,,,,,
254,Jasmin Schuster,Isabelle Cote,BMSC8,Baeria Rocks North Island Northside,48.95508,-125.15337,17/04/2026,3,NW,12:30,IMC,7.5,2,2,Poc,Pisaster ochraceus,Purple sea star,3,3,,,,,,,,,,,,,,,,,,,,,,,,,,,,,,,,,,,,,,,,,,,,,,,,
255,Jasmin Schuster,Isabelle Cote,BMSC8,Baeria Rocks North Island Northside,48.95508,-125.15337,17/04/2026,3,NW,12:30,IMC,7.5,2,2,Spur,Strongylocentrotus purpuratus,Purple sea urchin,2,2,,,,,,,,,,,,,,,,,,,,,,,,,,,,,,,,,,,,,,,,,,,,,,,,
256,Jasmin Schuster,Isabelle Cote,BMSC8,Baeria Rocks North Island Northside,48.95508,-125.15337,17/04/2026,3,NW,12:30,IMC,7.5,2,2,Aha,Artedius harringtoni,Scalyhead sculpin,1,0,1,,,,,,,,,,,,,,,,,,,,,,,,,,,,,,,,,,,,,,,,,,,,,,,
257,Jasmin Schuster,Tom Bird,BMSC18,Eussen Rock,48.91162,-125.26703,20/04/2026,2,SW,10:00,TB,7.7,1,1,Sne,Sebastes nebulosus,China rockfish,3,0,,,,,,,,2,1,,,,,,,,,,,,,,,,,,,,,,,,,,,,,,,,,,,,,,,
258,Jasmin Schuster,Tom Bird,BMSC18,Eussen Rock,48.91162,-125.26703,20/04/2026,2,SW,10:00,TB,7.7,1,1,Rni,Rhinogobiops nicholsii,Blackeye goby,7,0,,,1,4,2,,,,,,,,,,,,,,,,,,,,,,,,,,,,,,,,,,,,,,,,,,,
259,Jasmin Schuster,Tom Bird,BMSC18,Eussen Rock,48.91162,-125.26703,20/04/2026,2,SW,10:00,TB,7.7,1,1,Sma,Sebastes maliger,Quillback rockfish,1,0,,,,,,1,,,,,,,,,,,,,,,,,,,,,,,,,,,,,,,,,,,,,,,,,,
260,Jasmin Schuster,Tom Bird,BMSC18,Eussen Rock,48.91162,-125.26703,20/04/2026,2,SW,10:00,TB,7.7,1,1,Hde,Hexagrammos decagrammus,Kelp greenling,1,0,,,,,,,,,1,,,,,,,,,,,,,,,,,,,,,,,,,,,,,,,,,,,,,,,
261,Jasmin Schuster,Tom Bird,BMSC18,Eussen Rock,48.91162,-125.26703,20/04/2026,2,SW,10:00,TB,7.7,1,1,sfl,Sebastes flavidus,Yellowtail rockfish,1,0,,,,,1,,,,,,,,,,,,,,,,,,,,,,,,,,,,,,,,,,,,,,,,,,,
262,Jasmin Schuster,Tom Bird,BMSC18,Eussen Rock,48.91162,-125.26703,20/04/2026,2,SW,10:00,TB,7.7,0,1,Oel,Ophiodon elongatus,Lingcod,2,0,,,,,,,,,,,1,,1,,,,,,,,,,,,,,,,,,,,,,,,,,,,,,,,,,,
263,Jasmin Schuster,Tom Bird,BMSC18,Eussen Rock,48.91162,-125.26703,20/04/2026,2,SW,10:00,TB,7.7,2,1,Chlamys,Chlamys spp.,Unidentified scallop,16,0,12,4,,,,,,,,,,,,,,,,,,,,,,,,,,,,,,,,,,,,,,,,,,,,,,
264,Jasmin Schuster,Tom Bird,BMSC18,Eussen Rock,48.91162,-125.26703,20/04/2026,2,SW,10:00,TB,7.7,2,1,Mfr,Mesocentrotus franciscanus,Red sea urchin,70,70,,,,,,,,,,,,,,,,,,,,,,,,,,,,,,,,,,,,,,,,,,,,,,,,
265,Jasmin Schuster,Tom Bird,BMSC18,Eussen Rock,48.91162,-125.26703,20/04/2026,2,SW,10:00,TB,7.7,2,1,Acal,Apostichopus californicus,Californian sea cucumber,33,33,,,,,,,,,,,,,,,,,,,,,,,,,,,,,,,,,,,,,,,,,,,,,,,,
266,Jasmin Schuster,Tom Bird,BMSC18,Eussen Rock,48.91162,-125.26703,20/04/2026,2,SW,10:00,TB,7.7,2,1,Cfo,Ceratostoma foliatum,Leafy hornmouth,20,20,,,,,,,,,,,,,,,,,,,,,,,,,,,,,,,,,,,,,,,,,,,,,,,,
267,Jasmin Schuster,Tom Bird,BMSC18,Eussen Rock,48.91162,-125.26703,20/04/2026,2,SW,10:00,TB,7.7,2,1,Cgi,Crassadoma gigantea,Purple-hinged rock scallop,45,0,,1,8,14,10,12,,,,,,,,,,,,,,,,,,,,,,,,,,,,,,,,,,,,,,,,,,
268,Jasmin Schuster,Tom Bird,BMSC18,Eussen Rock,48.91162,-125.26703,20/04/2026,2,SW,10:00,TB,7.7,2,1,Rni,Rhinogobiops nicholsii,Blackeye goby,21,0,1,3,7,8,2,,,,,,,,,,,,,,,,,,,,,,,,,,,,,,,,,,,,,,,,,,,
269,Jasmin Schuster,Tom Bird,BMSC18,Eussen Rock,48.91162,-125.26703,20/04/2026,2,SW,10:00,TB,7.7,2,1,Oko,Orthasterias koehleri,Rainbow star,4,4,,,,,,,,,,,,,,,,,,,,,,,,,,,,,,,,,,,,,,,,,,,,,,,,
270,Jasmin Schuster,Tom Bird,BMSC18,Eussen Rock,48.91162,-125.26703,20/04/2026,2,SW,10:00,TB,7.7,2,1,Das,Diodora aspera,Rough keyhole limpet,10,10,,,,,,,,,,,,,,,,,,,,,,,,,,,,,,,,,,,,,,,,,,,,,,,,
271,Jasmin Schuster,Tom Bird,BMSC18,Eussen Rock,48.91162,-125.26703,20/04/2026,2,SW,10:00,TB,7.7,2,1,Hka,Haliotis kamtschatkana,Pinto abalone,65,0,61,4,,,,,,,,,,,,,,,,,,,,,,,,,,,,,,,,,,,,,,,,,,,,,,
272,Jasmin Schuster,Tom Bird,BMSC18,Eussen Rock,48.91162,-125.26703,20/04/2026,2,SW,10:00,TB,7.7,2,1,Ghe,Geitodoris heathi,Heath's dorid,1,1,,,,,,,,,,,,,,,,,,,,,,,,,,,,,,,,,,,,,,,,,,,,,,,,
273,Jasmin Schuster,Tom Bird,BMSC18,Eussen Rock,48.91162,-125.26703,20/04/2026,2,SW,10:00,TB,7.7,2,1,Hermit,Paguroidea spp.,Unidentified hermit crab,25,25,,,,,,,,,,,,,,,,,,,,,,,,,,,,,,,,,,,,,,,,,,,,,,,,
274,Jasmin Schuster,Tom Bird,BMSC18,Eussen Rock,48.91162,-125.26703,20/04/2026,2,SW,10:00,TB,7.7,2,1,ami,Acmaea mitra,Whitecap limpet,31,31,,,,,,,,,,,,,,,,,,,,,,,,,,,,,,,,,,,,,,,,,,,,,,,,
275,Jasmin Schuster,Tom Bird,BMSC18,Eussen Rock,48.91162,-125.26703,20/04/2026,2,SW,10:00,TB,7.7,2,1,jzo,Jordania zonope,Longfin sculpin,10,0,1,6,3,,,,,,,,,,,,,,,,,,,,,,,,,,,,,,,,,,,,,,,,,,,,,
276,Jasmin Schuster,Tom Bird,BMSC18,Eussen Rock,48.91162,-125.26703,20/04/2026,2,SW,10:00,TB,7.7,2,1,phe,Pagurus hemphilli,Maroon hermit,2,2,,,,,,,,,,,,,,,,,,,,,,,,,,,,,,,,,,,,,,,,,,,,,,,,
277,Jasmin Schuster,Tom Bird,BMSC18,Eussen Rock,48.91162,-125.26703,20/04/2026,2,SW,10:00,TB,7.7,0,1,sfl,Sebastes flavidus,Yellowtail rockfish,3,0,,,,,,2,1,,,,,,,,,,,,,,,,,,,,,,,,,,,,,,,,,,,,,,,,,
278,Jasmin Schuster,Tom Bird,BMSC18,Eussen Rock,48.91162,-125.26703,20/04/2026,2,SW,10:00,TB,7.7,2,1,dsa,Diaulula sandiegensis,Ringed doris,2,2,,,,,,,,,,,,,,,,,,,,,,,,,,,,,,,,,,,,,,,,,,,,,,,,
279,Jasmin Schuster,Tom Bird,BMSC18,Eussen Rock,48.91162,-125.26703,20/04/2026,2,SW,10:00,TB,7.7,2,1,dim,Dermasterias imbricata,Leather star,7,7,,,,,,,,,,,,,,,,,,,,,,,,,,,,,,,,,,,,,,,,,,,,,,,,
280,Jasmin Schuster,Tom Bird,BMSC18,Eussen Rock,48.91162,-125.26703,20/04/2026,2,SW,10:00,TB,7.7,2,1,dodo,Diaulula odonoghuei,Spotted dorid,2,2,,,,,,,,,,,,,,,,,,,,,,,,,,,,,,,,,,,,,,,,,,,,,,,,
281,Jasmin Schuster,Tom Bird,BMSC18,Eussen Rock,48.91162,-125.26703,20/04/2026,2,SW,10:00,TB,7.7,2,1,Pachycheles,Pachycheles spp.,,1,1,,,,,,,,,,,,,,,,,,,,,,,,,,,,,,,,,,,,,,,,,,,,,,,,
282,Jasmin Schuster,Tom Bird,BMSC18,Eussen Rock,48.91162,-125.26703,20/04/2026,2,SW,10:00,TB,7.7,2,1,gor,Glebocarcinus oregonensis,Pygmy rock crab,2,2,,,,,,,,,,,,,,,,,,,,,,,,,,,,,,,,,,,,,,,,,,,,,,,,
283,Jasmin Schuster,Tom Bird,BMSC18,Eussen Rock,48.91162,-125.26703,20/04/2026,2,SW,10:00,TB,7.7,2,1,sac,Scyra acutifrons,Sharpnose crab,11,11,,,,,,,,,,,,,,,,,,,,,,,,,,,,,,,,,,,,,,,,,,,,,,,,
284,Jasmin Schuster,Tom Bird,BMSC18,Eussen Rock,48.91162,-125.26703,20/04/2026,2,SW,10:00,TB,7.7,2,1,aha,Artedius harringtoni,Scalyhead sculpin,2,0,2,,,,,,,,,,,,,,,,,,,,,,,,,,,,,,,,,,,,,,,,,,,,,,,
285,Jasmin Schuster,Tom Bird,BMSC18,Eussen Rock,48.91162,-125.26703,20/04/2026,2,SW,10:00,TB,7.7,2,1,pmi,Patiria miniata,Bat star,4,4,,,,,,,,,,,,,,,,,,,,,,,,,,,,,,,,,,,,,,,,,,,,,,,,
286,Jasmin Schuster,Tom Bird,BMSC18,Eussen Rock,48.91162,-125.26703,20/04/2026,2,SW,10:00,TB,7.7,2,1,Henricia,Henricia spp.,Unidentified blood star,4,4,,,,,,,,,,,,,,,,,,,,,,,,,,,,,,,,,,,,,,,,,,,,,,,,
287,Jasmin Schuster,Tom Bird,BMSC18,Eussen Rock,48.91162,-125.26703,20/04/2026,2,SW,10:00,TB,7.7,0,1,sne,Sebastes nebulosus,China rockfish,2,0,,,,,,,,,2,,,,,,,,,,,,,,,,,,,,,,,,,,,,,,,,,,,,,,,
288,Jasmin Schuster,Tom Bird,BMSC18,Eussen Rock,48.91162,-125.26703,20/04/2026,2,SW,10:00,TB,7.7,2,1,pgi,Pomaulax gibberosus,Red turban shell,10,10,,,,,,,,,,,,,,,,,,,,,,,,,,,,,,,,,,,,,,,,,,,,,,,,
289,Jasmin Schuster,Tom Bird,BMSC18,Eussen Rock,48.91162,-125.26703,20/04/2026,2,SW,10:00,TB,7.7,2,1,sdr,Strongylocentrotus droebachiensis,Northern sea urchin,4,4,,,,,,,,,,,,,,,,,,,,,,,,,,,,,,,,,,,,,,,,,,,,,,,,
290,Jasmin Schuster,Tom Bird,BMSC18,Eussen Rock,48.91162,-125.26703,20/04/2026,2,SW,10:00,TB,7.7,2,1,Ahu,Acanthodoris hudsoni,Hudson's dorid,1,1,,,,,,,,,,,,,,,,,,,,,,,,,,,,,,,,,,,,,,,,,,,,,,,,
291,Jasmin Schuster,Tom Bird,BMSC18,Eussen Rock,48.91162,-125.26703,20/04/2026,2,SW,10:00,TB,7.7,2,1,Pnob,Peltodoris nobilis,Noble sea lemon,1,1,,,,,,,,,,,,,,,,,,,,,,,,,,,,,,,,,,,,,,,,,,,,,,,,
292,Jasmin Schuster,Tom Bird,BMSC18,Eussen Rock,48.91162,-125.26703,20/04/2026,2,SW,10:00,TB,7.7,2,1,ctr,Coryphella trilineata,Three-lined aeolid,1,1,,,,,,,,,,,,,,,,,,,,,,,,,,,,,,,,,,,,,,,,,,,,,,,,
293,Jasmin Schuster,Tom Bird,BMSC18,Eussen Rock,48.91162,-125.26703,20/04/2026,2,SW,10:00,TB,7.7,2,0,Pnob,Peltodoris nobilis,Noble sea lemon,1,1,,,,,,,,,,,,,,,,,,,,,,,,,,,,,,,,,,,,,,,,,,,,,,,,
294,Jasmin Schuster,Tom Bird,BMSC16,Faber Islets,48.8907,-125.3005,20/04/2026,2,NW,12:45,JMS,7,1,2,NSF,No species found,No species found,1,1,,,,,,,,,,,,,,,,,,,,,,,,,,,,,,,,,,,,,,,,,,,,,,,,
295,Jasmin Schuster,Tom Bird,BMSC16,Faber Islets,48.8907,-125.3005,20/04/2026,2,NW,12:45,JMS,7,2,2,Mfr,Mesocentrotus franciscanus,Red sea urchin,303,303,,,,,,,,,,,,,,,,,,,,,,,,,,,,,,,,,,,,,,,,,,,,,,,,
296,Jasmin Schuster,Tom Bird,BMSC16,Faber Islets,48.8907,-125.3005,20/04/2026,2,NW,12:45,JMS,7,2,2,Pmi,Patiria miniata,Bat star,101,101,,,,,,,,,,,,,,,,,,,,,,,,,,,,,,,,,,,,,,,,,,,,,,,,
297,Jasmin Schuster,Tom Bird,BMSC16,Faber Islets,48.8907,-125.3005,20/04/2026,2,NW,12:45,JMS,7,2,2,Cfo,Ceratostoma foliatum,Leafy hornmouth,12,12,,,,,,,,,,,,,,,,,,,,,,,,,,,,,,,,,,,,,,,,,,,,,,,,
298,Jasmin Schuster,Tom Bird,BMSC16,Faber Islets,48.8907,-125.3005,20/04/2026,2,NW,12:45,JMS,7,2,2,Cgi,Crassadoma gigantea,Purple-hinged rock scallop,6,0,,2,2,2,,,,,,,,,,,,,,,,,,,,,,,,,,,,,,,,,,,,,,,,,,,,
299,Jasmin Schuster,Tom Bird,BMSC16,Faber Islets,48.8907,-125.3005,20/04/2026,2,NW,12:45,JMS,7,2,2,Acal,Apostichopus californicus,Californian sea cucumber,9,9,,,,,,,,,,,,,,,,,,,,,,,,,,,,,,,,,,,,,,,,,,,,,,,,
300,Jasmin Schuster,Tom Bird,BMSC16,Faber Islets,48.8907,-125.3005,20/04/2026,2,NW,12:45,JMS,7,2,2,Hka,Haliotis kamtschatkana,Pinto abalone,7,0,3,4,,,,,,,,,,,,,,,,,,,,,,,,,,,,,,,,,,,,,,,,,,,,,,
301,Jasmin Schuster,Tom Bird,BMSC16,Faber Islets,48.8907,-125.3005,20/04/2026,2,NW,12:45,JMS,7,2,2,Oko,Orthasterias koehleri,Rainbow star,7,7,,,,,,,,,,,,,,,,,,,,,,,,,,,,,,,,,,,,,,,,,,,,,,,,
302,Jasmin Schuster,Tom Bird,BMSC16,Faber Islets,48.8907,-125.3005,20/04/2026,2,NW,12:45,JMS,7,2,2,Phe,Pagurus hemphilli,Maroon hermit,30,30,,,,,,,,,,,,,,,,,,,,,,,,,,,,,,,,,,,,,,,,,,,,,,,,
303,Jasmin Schuster,Tom Bird,BMSC16,Faber Islets,48.8907,-125.3005,20/04/2026,2,NW,12:45,JMS,7,2,2,Pgi,Pomaulax gibberosus,Red turban shell,167,167,,,,,,,,,,,,,,,,,,,,,,,,,,,,,,,,,,,,,,,,,,,,,,,,
304,Jasmin Schuster,Tom Bird,BMSC16,Faber Islets,48.8907,-125.3005,20/04/2026,2,NW,12:45,JMS,7,2,2,Ami,Acmaea mitra,Whitecap limpet,30,30,,,,,,,,,,,,,,,,,,,,,,,,,,,,,,,,,,,,,,,,,,,,,,,,
305,Jasmin Schuster,Tom Bird,BMSC16,Faber Islets,48.8907,-125.3005,20/04/2026,2,NW,12:45,JMS,7,2,2,Rni,Rhinogobiops nicholsii,Blackeye goby,12,,,2,7,3,,,,,,,,,,,,,,,,,,,,,,,,,,,,,,,,,,,,,,,,,,,,
306,Jasmin Schuster,Tom Bird,BMSC16,Faber Islets,48.8907,-125.3005,20/04/2026,2,NW,12:45,JMS,7,2,2,Hde,Hexagrammos decagrammus,Kelp greenling,3,0,,,,,,,,1,,,2,,,,,,,,,,,,,,,,,,,,,,,,,,,,,,,,,,,,,
307,Jasmin Schuster,Tom Bird,BMSC16,Faber Islets,48.8907,-125.3005,20/04/2026,2,NW,12:45,JMS,7,2,2,Dim,Dermasterias imbricata,Leather star,4,4,,,,,,,,,,,,,,,,,,,,,,,,,,,,,,,,,,,,,,,,,,,,,,,,
308,Jasmin Schuster,Tom Bird,BMSC16,Faber Islets,48.8907,-125.3005,20/04/2026,2,NW,12:45,JMS,7,2,2,sma,Scorpaenichthys marmoratus,Cabezon,1,0,,,,,,,,,1,,,,,,,,,,,,,,,,,,,,,,,,,,,,,,,,,,,,,,,
309,Jasmin Schuster,Tom Bird,BMSC16,Faber Islets,48.8907,-125.3005,20/04/2026,2,NW,12:45,JMS,7,2,2,Pachycheles,Pachycheles spp.,,3,3,,,,,,,,,,,,,,,,,,,,,,,,,,,,,,,,,,,,,,,,,,,,,,,,
310,Jasmin Schuster,Tom Bird,BMSC16,Faber Islets,48.8907,-125.3005,20/04/2026,2,NW,12:45,JMS,7,2,2,Nla,Nucella lamellosa,Frilled dogwinkle,1,1,,,,,,,,,,,,,,,,,,,,,,,,,,,,,,,,,,,,,,,,,,,,,,,,
311,Jasmin Schuster,Tom Bird,BMSC16,Faber Islets,48.8907,-125.3005,20/04/2026,2,NW,12:45,JMS,7,2,2,Sfo,Stylasterias forreri,Velcro seastar,1,1,,,,,,,,,,,,,,,,,,,,,,,,,,,,,,,,,,,,,,,,,,,,,,,,
312,Jasmin Schuster,Tom Bird,BMSC16,Faber Islets,48.8907,-125.3005,20/04/2026,2,NW,12:45,JMS,7,2,2,Aha,Artedius harringtoni,Scalyhead sculpin,2,0,,2,,,,,,,,,,,,,,,,,,,,,,,,,,,,,,,,,,,,,,,,,,,,,,
313,Jasmin Schuster,Tom Bird,BMSC16,Faber Islets,48.8907,-125.3005,20/04/2026,2,NW,12:45,JMS,7,2,2,Sac,Scyra acutifrons,Sharpnose crab,1,1,,,,,,,,,,,,,,,,,,,,,,,,,,,,,,,,,,,,,,,,,,,,,,,,
314,Jasmin Schuster,Claire Attridge,BMSC26,Hosie South,48.9071,-125.03701,22/04/2026,1,SW,12:32,CMA,9.8,1,1,Rni,Rhinogobiops nicholsii,Blackeye goby,1,0,,,1,,,,,,,,,,,,,,,,,,,,,,,,,,,,,,,,,,,,,,,,,,,,,
315,Jasmin Schuster,Claire Attridge,BMSC26,Hosie South,48.9071,-125.03701,22/04/2026,1,SW,12:32,CMA,9.8,2,1,Pgi,Pomaulax gibberosus,Red turban shell,26,26,,,,,,,,,,,,,,,,,,,,,,,,,,,,,,,,,,,,,,,,,,,,,,,,
316,Jasmin Schuster,Claire Attridge,BMSC26,Hosie South,48.9071,-125.03701,22/04/2026,1,SW,12:32,CMA,9.8,2,1,Clu,Cadlina luteomarginata,Yellow-edge cadlina,2,2,,,,,,,,,,,,,,,,,,,,,,,,,,,,,,,,,,,,,,,,,,,,,,,,
317,Jasmin Schuster,Claire Attridge,BMSC26,Hosie South,48.9071,-125.03701,22/04/2026,1,SW,12:32,CMA,9.8,2,1,Rpu,Rostanga pulchra,Red dorid,1,1,,,,,,,,,,,,,,,,,,,,,,,,,,,,,,,,,,,,,,,,,,,,,,,,
318,Jasmin Schuster,Claire Attridge,BMSC26,Hosie South,48.9071,-125.03701,22/04/2026,1,SW,12:32,CMA,9.8,0,1,Bfr,Brachyistius frenatus,Kelp perch,1,0,,1,,,,,,,,,,,,,,,,,,,,,,,,,,,,,,,,,,,,,,,,,,,,,,
319,Jasmin Schuster,Claire Attridge,BMSC26,Hosie South,48.9071,-125.03701,22/04/2026,1,SW,12:32,CMA,9.8,2,1,Sfo,Stylasterias forreri,Velcro seastar,4,4,,,,,,,,,,,,,,,,,,,,,,,,,,,,,,,,,,,,,,,,,,,,,,,,
320,Jasmin Schuster,Claire Attridge,BMSC26,Hosie South,48.9071,-125.03701,22/04/2026,1,SW,12:32,CMA,9.8,2,1,Etr,Evasterias troschelii,Mottled starfish,1,1,,,,,,,,,,,,,,,,,,,,,,,,,,,,,,,,,,,,,,,,,,,,,,,,
321,Jasmin Schuster,Claire Attridge,BMSC26,Hosie South,48.9071,-125.03701,22/04/2026,1,SW,12:32,CMA,9.8,2,1,Rni,Rhinogobiops nicholsii,Blackeye goby,2,0,,1,,1,,,,,,,,,,,,,,,,,,,,,,,,,,,,,,,,,,,,,,,,,,,,
322,Jasmin Schuster,Claire Attridge,BMSC26,Hosie South,48.9071,-125.03701,22/04/2026,1,SW,12:32,CMA,9.8,2,1,Pda,Pandalus danae,Dock shrimp,2,2,,,,,,,,,,,,,,,,,,,,,,,,,,,,,,,,,,,,,,,,,,,,,,,,
323,Jasmin Schuster,Claire Attridge,BMSC26,Hosie South,48.9071,-125.03701,22/04/2026,1,SW,12:32,CMA,9.8,2,1,Dim,Dermasterias imbricata,Leather star,10,10,,,,,,,,,,,,,,,,,,,,,,,,,,,,,,,,,,,,,,,,,,,,,,,,
324,Jasmin Schuster,Claire Attridge,BMSC26,Hosie South,48.9071,-125.03701,22/04/2026,1,SW,12:32,CMA,9.8,2,1,Oko,Orthasterias koehleri,Rainbow star,3,3,,,,,,,,,,,,,,,,,,,,,,,,,,,,,,,,,,,,,,,,,,,,,,,,
325,Jasmin Schuster,Claire Attridge,BMSC26,Hosie South,48.9071,-125.03701,22/04/2026,1,SW,12:32,CMA,9.8,2,1,Clon,Coryphella longicaudata,Red-fingered Coryphella,3,3,,,,,,,,,,,,,,,,,,,,,,,,,,,,,,,,,,,,,,,,,,,,,,,,
326,Jasmin Schuster,Claire Attridge,BMSC26,Hosie South,48.9071,-125.03701,22/04/2026,1,SW,12:32,CMA,9.8,2,1,Mfr,Mesocentrotus franciscanus,Red sea urchin,1,1,,,,,,,,,,,,,,,,,,,,,,,,,,,,,,,,,,,,,,,,,,,,,,,,
327,Jasmin Schuster,Claire Attridge,BMSC26,Hosie South,48.9071,-125.03701,22/04/2026,1,SW,12:32,CMA,9.8,2,1,Pcu,Puncturella cucullata,Hooded puncturella,1,1,,,,,,,,,,,,,,,,,,,,,,,,,,,,,,,,,,,,,,,,,,,,,,,,
328,Jasmin Schuster,Claire Attridge,BMSC26,Hosie South,48.9071,-125.03701,22/04/2026,1,SW,12:32,CMA,9.8,2,1,Cgi,Crassadoma gigantea,Purple-hinged rock scallop,3,0,1,1,1,,,,,,,,,,,,,,,,,,,,,,,,,,,,,,,,,,,,,,,,,,,,,
329,Jasmin Schuster,Claire Attridge,BMSC26,Hosie South,48.9071,-125.03701,22/04/2026,1,SW,12:32,CMA,9.8,2,1,Phe,Pagurus hemphilli,Maroon hermit,2,2,,,,,,,,,,,,,,,,,,,,,,,,,,,,,,,,,,,,,,,,,,,,,,,,
330,Jasmin Schuster,Claire Attridge,BMSC26,Hosie South,48.9071,-125.03701,22/04/2026,1,SW,12:32,CMA,9.8,2,1,Ppr,Pugettia producta,Northern kelp crab,1,1,,,,,,,,,,,,,,,,,,,,,,,,,,,,,,,,,,,,,,,,,,,,,,,,
331,Jasmin Schuster,Claire Attridge,BMSC26,Hosie South,48.9071,-125.03701,22/04/2026,1,SW,12:32,CMA,9.8,2,1,Acal,Apostichopus californicus,Californian sea cucumber,2,2,,,,,,,,,,,,,,,,,,,,,,,,,,,,,,,,,,,,,,,,,,,,,,,,
332,Jasmin Schuster,Claire Attridge,BMSC26,Hosie South,48.9071,-125.03701,22/04/2026,1,SW,12:32,CMA,9.8,2,1,Pmi,Patiria miniata,Bat star,1,1,,,,,,,,,,,,,,,,,,,,,,,,,,,,,,,,,,,,,,,,,,,,,,,,
333,Jasmin Schuster,Claire Attridge,BMSC26,Hosie South,48.9071,-125.03701,22/04/2026,1,SW,12:32,CMA,9.8,2,1,Henricia,Henricia spp.,Unidentified blood star,4,4,,,,,,,,,,,,,,,,,,,,,,,,,,,,,,,,,,,,,,,,,,,,,,,,
334,Jasmin Schuster,Claire Attridge,BMSC26,Hosie South,48.9071,-125.03701,22/04/2026,1,SW,12:32,CMA,9.8,2,1,Cfo,Ceratostoma foliatum,Leafy hornmouth,1,1,,,,,,,,,,,,,,,,,,,,,,,,,,,,,,,,,,,,,,,,,,,,,,,,
335,Jasmin Schuster,Claire Attridge,BMSC26,Hosie South,48.9071,-125.03701,22/04/2026,1,SW,12:32,CMA,9.8,2,1,Ptr,Polycera tricolor,Tricolour nudibranch,3,3,,,,,,,,,,,,,,,,,,,,,,,,,,,,,,,,,,,,,,,,,,,,,,,,
336,Jasmin Schuster,Claire Attridge,BMSC26,Hosie South,48.9071,-125.03701,22/04/2026,1,SW,12:32,CMA,9.8,2,1,Sac,Scyra acutifrons,Sharpnose crab,1,1,,,,,,,,,,,,,,,,,,,,,,,,,,,,,,,,,,,,,,,,,,,,,,,,
337,Jasmin Schuster,Claire Attridge,BMSC26,Hosie South,48.9071,-125.03701,22/04/2026,1,SW,12:32,CMA,9.8,0,0,Phel,Pycnopodia helianthoides,Sunflower star,1,0,,,,,,1,,,,,,,,,,,,,,,,,,,,,,,,,,,,,,,,,,,,,,,,,,
338,Jasmin Schuster,Claire Attridge,BMSC20,Ed King East,48.83567,-125.2148,23/04/2026,3,NW,9:50,CMA,8.5,1,1,Hde,Hexagrammos decagrammus,Kelp greenling,4,0,,,,,,,,,1,1,2,,,,,,,,,,,,,,,,,,,,,,,,,,,,,,,,,,,,,
339,Jasmin Schuster,Claire Attridge,BMSC20,Ed King East,48.83567,-125.2148,23/04/2026,3,NW,9:50,CMA,8.5,1,1,Sme,Sebastes melanops,Black rockfish,4,0,,,,,,,1,,2,1,,,,,,,,,,,,,,,,,,,,,,,,,,,,,,,,,,,,,,
340,Jasmin Schuster,Claire Attridge,BMSC20,Ed King East,48.83567,-125.2148,23/04/2026,3,NW,9:50,CMA,8.5,2,1,Mfr,Mesocentrotus franciscanus,Red sea urchin,265,265,,,,,,,,,,,,,,,,,,,,,,,,,,,,,,,,,,,,,,,,,,,,,,,,
341,Jasmin Schuster,Claire Attridge,BMSC20,Ed King East,48.83567,-125.2148,23/04/2026,3,NW,9:50,CMA,8.5,2,1,Sac,Scyra acutifrons,Sharpnose crab,1,1,,,,,,,,,,,,,,,,,,,,,,,,,,,,,,,,,,,,,,,,,,,,,,,,
342,Jasmin Schuster,Claire Attridge,BMSC20,Ed King East,48.83567,-125.2148,23/04/2026,3,NW,9:50,CMA,8.5,2,1,Phe,Pagurus hemphilli,Maroon hermit,91,91,,,,,,,,,,,,,,,,,,,,,,,,,,,,,,,,,,,,,,,,,,,,,,,,
343,Jasmin Schuster,Claire Attridge,BMSC20,Ed King East,48.83567,-125.2148,23/04/2026,3,NW,9:50,CMA,8.5,2,1,Pmi,Patiria miniata,Bat star,46,46,,,,,,,,,,,,,,,,,,,,,,,,,,,,,,,,,,,,,,,,,,,,,,,,
344,Jasmin Schuster,Claire Attridge,BMSC20,Ed King East,48.83567,-125.2148,23/04/2026,3,NW,9:50,CMA,8.5,2,1,Oko,Orthasterias koehleri,Rainbow star,6,6,,,,,,,,,,,,,,,,,,,,,,,,,,,,,,,,,,,,,,,,,,,,,,,,
345,Jasmin Schuster,Claire Attridge,BMSC20,Ed King East,48.83567,-125.2148,23/04/2026,3,NW,9:50,CMA,8.5,2,1,Das,Diodora aspera,Rough keyhole limpet,4,4,,,,,,,,,,,,,,,,,,,,,,,,,,,,,,,,,,,,,,,,,,,,,,,,
346,Jasmin Schuster,Claire Attridge,BMSC20,Ed King East,48.83567,-125.2148,23/04/2026,3,NW,9:50,CMA,8.5,2,1,Dim,Dermasterias imbricata,Leather star,5,5,,,,,,,,,,,,,,,,,,,,,,,,,,,,,,,,,,,,,,,,,,,,,,,,
347,Jasmin Schuster,Claire Attridge,BMSC20,Ed King East,48.83567,-125.2148,23/04/2026,3,NW,9:50,CMA,8.5,2,1,Poc,Pisaster ochraceus,Purple sea star,1,1,,,,,,,,,,,,,,,,,,,,,,,,,,,,,,,,,,,,,,,,,,,,,,,,
348,Jasmin Schuster,Claire Attridge,BMSC20,Ed King East,48.83567,-125.2148,23/04/2026,3,NW,9:50,CMA,8.5,2,1,Henricia,Henricia spp.,Unidentified blood star,1,1,,,,,,,,,,,,,,,,,,,,,,,,,,,,,,,,,,,,,,,,,,,,,,,,
349,Jasmin Schuster,Claire Attridge,BMSC20,Ed King East,48.83567,-125.2148,23/04/2026,3,NW,9:50,CMA,8.5,2,1,Acal,Apostichopus californicus,Californian sea cucumber,6,6,,,,,,,,,,,,,,,,,,,,,,,,,,,,,,,,,,,,,,,,,,,,,,,,
350,Jasmin Schuster,Claire Attridge,BMSC20,Ed King East,48.83567,-125.2148,23/04/2026,3,NW,9:50,CMA,8.5,2,1,Ami,Acmaea mitra,Whitecap limpet,15,15,,,,,,,,,,,,,,,,,,,,,,,,,,,,,,,,,,,,,,,,,,,,,,,,
351,Jasmin Schuster,Claire Attridge,BMSC20,Ed King East,48.83567,-125.2148,23/04/2026,3,NW,9:50,CMA,8.5,2,1,Hermit,Paguroidea spp.,Unidentified hermit crab,2,2,,,,,,,,,,,,,,,,,,,,,,,,,,,,,,,,,,,,,,,,,,,,,,,,
352,Jasmin Schuster,Claire Attridge,BMSC20,Ed King East,48.83567,-125.2148,23/04/2026,3,NW,9:50,CMA,8.5,2,1,Cpr,Cancer productus,Red rock crab,1,1,,,,,,,,,,,,,,,,,,,,,,,,,,,,,,,,,,,,,,,,,,,,,,,,
353,Jasmin Schuster,Claire Attridge,BMSC20,Ed King East,48.83567,-125.2148,23/04/2026,3,NW,9:50,CMA,8.5,2,1,Cfo,Ceratostoma foliatum,Leafy hornmouth,3,3,,,,,,,,,,,,,,,,,,,,,,,,,,,,,,,,,,,,,,,,,,,,,,,,
354,Jasmin Schuster,Claire Attridge,BMSC20,Ed King East,48.83567,-125.2148,23/04/2026,3,NW,9:50,CMA,8.5,2,1,Rni,Rhinogobiops nicholsii,Blackeye goby,2,0,,,2,,,,,,,,,,,,,,,,,,,,,,,,,,,,,,,,,,,,,,,,,,,,,
355,Jasmin Schuster,Claire Attridge,BMSC20,Ed King East,48.83567,-125.2148,23/04/2026,3,NW,9:50,CMA,8.5,0,0,Phel,Pycnopodia helianthoides,Sunflower star,1,0,,,,,,,1,,,,,,,,,,,,,,,,,,,,,,,,,,,,,,,,,,,,,,,,,
356,Jasmin Schuster,Claire Attridge,BMSC20,Ed King East,48.83567,-125.2148,23/04/2026,3,NW,9:50,CMA,8.5,2,1,Cgi,Crassadoma gigantea,Purple-hinged rock scallop,1,0,,,,1,,,,,,,,,,,,,,,,,,,,,,,,,,,,,,,,,,,,,,,,,,,,
357,Jasmin Schuster,Claire Attridge,BMSC20,Ed King East,48.83567,-125.2148,23/04/2026,3,NW,9:50,CMA,8.5,2,1,Spur,Strongylocentrotus purpuratus,Purple sea urchin,4,4,,,,,,,,,,,,,,,,,,,,,,,,,,,,,,,,,,,,,,,,,,,,,,,,
358,Jasmin Schuster,Claire Attridge,BMSC20,Ed King East,48.83567,-125.2148,23/04/2026,3,NW,9:50,CMA,8.5,2,1,Hka,Haliotis kamtschatkana,Pinto abalone,2,0,1,,1,,,,,,,,,,,,,,,,,,,,,,,,,,,,,,,,,,,,,,,,,,,,,
359,Jasmin Schuster,Claire Attridge,BMSC20,Ed King East,48.83567,-125.2148,23/04/2026,3,NW,9:50,CMA,8.5,2,1,Hcr,Hermissenda crassicornis,Opalescent nudibranch,1,1,,,,,,,,,,,,,,,,,,,,,,,,,,,,,,,,,,,,,,,,,,,,,,,,
360,Jasmin Schuster,Claire Attridge,BMSC19,Ed King SW Pyramid,48.8286,-125.2213,23/04/2026,2,W,13:10,CMA,7.5,1,2,Hde,Hexagrammos decagrammus,Kelp greenling,1,0,,,,,,,,,,,1,,,,,,,,,,,,,,,,,,,,,,,,,,,,,,,,,,,,,
361,Jasmin Schuster,Claire Attridge,BMSC19,Ed King SW Pyramid,48.8286,-125.2213,23/04/2026,2,W,13:10,CMA,7.5,1,2,Sme,Sebastes melanops,Black rockfish,13,0,,,,,,,1,5,5,2,,,,,,,,,,,,,,,,,,,,,,,,,,,,,,,,,,,,,,
362,Jasmin Schuster,Claire Attridge,BMSC19,Ed King SW Pyramid,48.8286,-125.2213,23/04/2026,2,W,13:10,CMA,7.5,1,2,Oel,Ophiodon elongatus,Lingcod,1,0,,,,,,,,,,,,1,,,,,,,,,,,,,,,,,,,,,,,,,,,,,,,,,,,,
363,Jasmin Schuster,Claire Attridge,BMSC19,Ed King SW Pyramid,48.8286,-125.2213,23/04/2026,2,W,13:10,CMA,7.5,2,2,Mfr,Mesocentrotus franciscanus,Red sea urchin,310,310,,,,,,,,,,,,,,,,,,,,,,,,,,,,,,,,,,,,,,,,,,,,,,,,
364,Jasmin Schuster,Claire Attridge,BMSC19,Ed King SW Pyramid,48.8286,-125.2213,23/04/2026,2,W,13:10,CMA,7.5,2,2,Hermit,Paguroidea spp.,Unidentified hermit crab,4,4,,,,,,,,,,,,,,,,,,,,,,,,,,,,,,,,,,,,,,,,,,,,,,,,
365,Jasmin Schuster,Claire Attridge,BMSC19,Ed King SW Pyramid,48.8286,-125.2213,23/04/2026,2,W,13:10,CMA,7.5,2,2,Pmi,Patiria miniata,Bat star,34,34,,,,,,,,,,,,,,,,,,,,,,,,,,,,,,,,,,,,,,,,,,,,,,,,
366,Jasmin Schuster,Claire Attridge,BMSC19,Ed King SW Pyramid,48.8286,-125.2213,23/04/2026,2,W,13:10,CMA,7.5,2,2,Phe,Pagurus hemphilli,Maroon hermit,22,22,,,,,,,,,,,,,,,,,,,,,,,,,,,,,,,,,,,,,,,,,,,,,,,,
367,Jasmin Schuster,Claire Attridge,BMSC19,Ed King SW Pyramid,48.8286,-125.2213,23/04/2026,2,W,13:10,CMA,7.5,2,2,Das,Diodora aspera,Rough keyhole limpet,9,9,,,,,,,,,,,,,,,,,,,,,,,,,,,,,,,,,,,,,,,,,,,,,,,,
368,Jasmin Schuster,Claire Attridge,BMSC19,Ed King SW Pyramid,48.8286,-125.2213,23/04/2026,2,W,13:10,CMA,7.5,2,2,Sac,Scyra acutifrons,Sharpnose crab,3,3,,,,,,,,,,,,,,,,,,,,,,,,,,,,,,,,,,,,,,,,,,,,,,,,
369,Jasmin Schuster,Claire Attridge,BMSC19,Ed King SW Pyramid,48.8286,-125.2213,23/04/2026,2,W,13:10,CMA,7.5,2,2,Hka,Haliotis kamtschatkana,Pinto abalone,35,0,10,15,10,,,,,,,,,,,,,,,,,,,,,,,,,,,,,,,,,,,,,,,,,,,,,
370,Jasmin Schuster,Claire Attridge,BMSC19,Ed King SW Pyramid,48.8286,-125.2213,23/04/2026,2,W,13:10,CMA,7.5,2,2,Dim,Dermasterias imbricata,Leather star,13,13,,,,,,,,,,,,,,,,,,,,,,,,,,,,,,,,,,,,,,,,,,,,,,,,
371,Jasmin Schuster,Claire Attridge,BMSC19,Ed King SW Pyramid,48.8286,-125.2213,23/04/2026,2,W,13:10,CMA,7.5,2,2,Ami,Acmaea mitra,Whitecap limpet,6,6,,,,,,,,,,,,,,,,,,,,,,,,,,,,,,,,,,,,,,,,,,,,,,,,
372,Jasmin Schuster,Claire Attridge,BMSC19,Ed King SW Pyramid,48.8286,-125.2213,23/04/2026,2,W,13:10,CMA,7.5,2,2,Pbe,Pagurus beringanus,Hermit crab,6,6,,,,,,,,,,,,,,,,,,,,,,,,,,,,,,,,,,,,,,,,,,,,,,,,
373,Jasmin Schuster,Claire Attridge,BMSC19,Ed King SW Pyramid,48.8286,-125.2213,23/04/2026,2,W,13:10,CMA,7.5,2,2,Acal,Apostichopus californicus,Californian sea cucumber,12,12,,,,,,,,,,,,,,,,,,,,,,,,,,,,,,,,,,,,,,,,,,,,,,,,
374,Jasmin Schuster,Claire Attridge,BMSC19,Ed King SW Pyramid,48.8286,-125.2213,23/04/2026,2,W,13:10,CMA,7.5,2,2,Oko,Orthasterias koehleri,Rainbow star,9,9,,,,,,,,,,,,,,,,,,,,,,,,,,,,,,,,,,,,,,,,,,,,,,,,
375,Jasmin Schuster,Claire Attridge,BMSC19,Ed King SW Pyramid,48.8286,-125.2213,23/04/2026,2,W,13:10,CMA,7.5,2,2,Poc,Pisaster ochraceus,Purple sea star,18,18,,,,,,,,,,,,,,,,,,,,,,,,,,,,,,,,,,,,,,,,,,,,,,,,
376,Jasmin Schuster,Claire Attridge,BMSC19,Ed King SW Pyramid,48.8286,-125.2213,23/04/2026,2,W,13:10,CMA,7.5,2,2,Spur,Strongylocentrotus purpuratus,Purple sea urchin,8,8,,,,,,,,,,,,,,,,,,,,,,,,,,,,,,,,,,,,,,,,,,,,,,,,
377,Jasmin Schuster,Claire Attridge,BMSC19,Ed King SW Pyramid,48.8286,-125.2213,23/04/2026,2,W,13:10,CMA,7.5,2,2,Rni,Rhinogobiops nicholsii,Blackeye goby,1,0,,,,1,,,,,,,,,,,,,,,,,,,,,,,,,,,,,,,,,,,,,,,,,,,,
378,Jasmin Schuster,Claire Attridge,BMSC19,Ed King SW Pyramid,48.8286,-125.2213,23/04/2026,2,W,13:10,CMA,7.5,2,2,Cfo,Ceratostoma foliatum,Leafy hornmouth,9,9,,,,,,,,,,,,,,,,,,,,,,,,,,,,,,,,,,,,,,,,,,,,,,,,
379,Jasmin Schuster,Claire Attridge,BMSC19,Ed King SW Pyramid,48.8286,-125.2213,23/04/2026,2,W,13:10,CMA,7.5,2,2,Aha,Artedius harringtoni,Scalyhead sculpin,2,0,,1,1,,,,,,,,,,,,,,,,,,,,,,,,,,,,,,,,,,,,,,,,,,,,,
380,Jasmin Schuster,Claire Attridge,BMSC19,Ed King SW Pyramid,48.8286,-125.2213,23/04/2026,2,W,13:10,CMA,7.5,2,2,Etr,Evasterias troschelii,Mottled starfish,1,1,,,,,,,,,,,,,,,,,,,,,,,,,,,,,,,,,,,,,,,,,,,,,,,,
381,Jasmin Schuster,Claire Attridge,BMSC19,Ed King SW Pyramid,48.8286,-125.2213,23/04/2026,2,W,13:10,CMA,7.5,2,2,Cste,Cryptochiton stelleri,Gumboot chiton,1,1,,,,,,,,,,,,,,,,,,,,,,,,,,,,,,,,,,,,,,,,,,,,,,,,
382,Jasmin Schuster,Claire Attridge,BMSC19,Ed King SW Pyramid,48.8286,-125.2213,23/04/2026,2,W,13:10,CMA,7.5,2,2,Sdr,Strongylocentrotus droebachiensis,Northern sea urchin,2,2,,,,,,,,,,,,,,,,,,,,,,,,,,,,,,,,,,,,,,,,,,,,,,,,
383,Jasmin Schuster,Claire Attridge,BMSC19,Ed King SW Pyramid,48.8286,-125.2213,23/04/2026,2,W,13:10,CMA,7.5,2,2,Jzo,Jordania zonope,Longfin sculpin,1,0,1,,,,,,,,,,,,,,,,,,,,,,,,,,,,,,,,,,,,,,,,,,,,,,,
384,Jasmin Schuster,Claire Attridge,BMSC19,Ed King SW Pyramid,48.8286,-125.2213,23/04/2026,2,W,13:10,CMA,7.5,2,2,Gor,Glebocarcinus oregonensis,Pygmy rock crab,1,1,,,,,,,,,,,,,,,,,,,,,,,,,,,,,,,,,,,,,,,,,,,,,,,,
385,Jasmin Schuster,Claire Attridge,BMSC24,Swiss Boy,48.91607,-125.13117,24/04/2026,2.5,NE,10:00,CMA,10,1,2,Hde,Hexagrammos decagrammus,Kelp greenling,7,0,,,,,,,,1,2,2,2,,,,,,,,,,,,,,,,,,,,,,,,,,,,,,,,,,,,,
386,Jasmin Schuster,Claire Attridge,BMSC24,Swiss Boy,48.91607,-125.13117,24/04/2026,2.5,NE,10:00,CMA,10,1,2,Sfl,Sebastes flavidus,Yellowtail rockfish,5,0,,,,,1,1,1,1,1,,,,,,,,,,,,,,,,,,,,,,,,,,,,,,,,,,,,,,,
387,Jasmin Schuster,Claire Attridge,BMSC24,Swiss Boy,48.91607,-125.13117,24/04/2026,2.5,NE,10:00,CMA,10,1,2,Sne,Sebastes nebulosus,China rockfish,2,0,,,,,,,,2,,,,,,,,,,,,,,,,,,,,,,,,,,,,,,,,,,,,,,,,
388,Jasmin Schuster,Claire Attridge,BMSC24,Swiss Boy,48.91607,-125.13117,24/04/2026,2.5,NE,10:00,CMA,10,1,2,Ela,Embiotoca lateralis,Striped seaperch,11,0,,,,1,4,6,,,,,,,,,,,,,,,,,,,,,,,,,,,,,,,,,,,,,,,,,,
389,Jasmin Schuster,Claire Attridge,BMSC24,Swiss Boy,48.91607,-125.13117,24/04/2026,2.5,NE,10:00,CMA,10,1,2,Sme,Sebastes melanops,Black rockfish,1,0,,,,,,,,,1,,,,,,,,,,,,,,,,,,,,,,,,,,,,,,,,,,,,,,,
390,Jasmin Schuster,Claire Attridge,BMSC24,Swiss Boy,48.91607,-125.13117,24/04/2026,2.5,NE,10:00,CMA,10,1,2,Oel,Ophiodon elongatus,Lingcod,1,0,,,,,,,,,,,,,,1,,,,,,,,,,,,,,,,,,,,,,,,,,,,,,,,,,
391,Jasmin Schuster,Claire Attridge,BMSC24,Swiss Boy,48.91607,-125.13117,24/04/2026,2.5,NE,10:00,CMA,10,2,2,Mfr,Mesocentrotus franciscanus,Red sea urchin,185,185,,,,,,,,,,,,,,,,,,,,,,,,,,,,,,,,,,,,,,,,,,,,,,,,
392,Jasmin Schuster,Claire Attridge,BMSC24,Swiss Boy,48.91607,-125.13117,24/04/2026,2.5,NE,10:00,CMA,10,2,2,Pmi,Patiria miniata,Bat star,23,23,,,,,,,,,,,,,,,,,,,,,,,,,,,,,,,,,,,,,,,,,,,,,,,,
393,Jasmin Schuster,Claire Attridge,BMSC24,Swiss Boy,48.91607,-125.13117,24/04/2026,2.5,NE,10:00,CMA,10,2,2,Cfo,Ceratostoma foliatum,Leafy hornmouth,20,20,,,,,,,,,,,,,,,,,,,,,,,,,,,,,,,,,,,,,,,,,,,,,,,,
394,Jasmin Schuster,Claire Attridge,BMSC24,Swiss Boy,48.91607,-125.13117,24/04/2026,2.5,NE,10:00,CMA,10,2,2,Cgi,Crassadoma gigantea,Purple-hinged rock scallop,7,0,,,,,3,4,,,,,,,,,,,,,,,,,,,,,,,,,,,,,,,,,,,,,,,,,,
395,Jasmin Schuster,Claire Attridge,BMSC24,Swiss Boy,48.91607,-125.13117,24/04/2026,2.5,NE,10:00,CMA,10,2,2,Pgi,Pomaulax gibberosus,Red turban shell,3,3,,,,,,,,,,,,,,,,,,,,,,,,,,,,,,,,,,,,,,,,,,,,,,,,
396,Jasmin Schuster,Claire Attridge,BMSC24,Swiss Boy,48.91607,-125.13117,24/04/2026,2.5,NE,10:00,CMA,10,2,2,Phe,Pagurus hemphilli,Maroon hermit,23,23,,,,,,,,,,,,,,,,,,,,,,,,,,,,,,,,,,,,,,,,,,,,,,,,
397,Jasmin Schuster,Claire Attridge,BMSC24,Swiss Boy,48.91607,-125.13117,24/04/2026,2.5,NE,10:00,CMA,10,2,2,Ami,Acmaea mitra,Whitecap limpet,3,3,,,,,,,,,,,,,,,,,,,,,,,,,,,,,,,,,,,,,,,,,,,,,,,,
398,Jasmin Schuster,Claire Attridge,BMSC24,Swiss Boy,48.91607,-125.13117,24/04/2026,2.5,NE,10:00,CMA,10,2,2,Sac,Scyra acutifrons,Sharpnose crab,18,18,,,,,,,,,,,,,,,,,,,,,,,,,,,,,,,,,,,,,,,,,,,,,,,,
399,Jasmin Schuster,Claire Attridge,BMSC24,Swiss Boy,48.91607,-125.13117,24/04/2026,2.5,NE,10:00,CMA,10,2,2,Dim,Dermasterias imbricata,Leather star,12,12,,,,,,,,,,,,,,,,,,,,,,,,,,,,,,,,,,,,,,,,,,,,,,,,
400,Jasmin Schuster,Claire Attridge,BMSC24,Swiss Boy,48.91607,-125.13117,24/04/2026,2.5,NE,10:00,CMA,10,2,2,Oko,Orthasterias koehleri,Rainbow star,11,11,,,,,,,,,,,,,,,,,,,,,,,,,,,,,,,,,,,,,,,,,,,,,,,,
401,Jasmin Schuster,Claire Attridge,BMSC24,Swiss Boy,48.91607,-125.13117,24/04/2026,2.5,NE,10:00,CMA,10,2,2,Jzo,Jordania zonope,Longfin sculpin,7,0,,3,3,1,,,,,,,,,,,,,,,,,,,,,,,,,,,,,,,,,,,,,,,,,,,,
402,Jasmin Schuster,Claire Attridge,BMSC24,Swiss Boy,48.91607,-125.13117,24/04/2026,2.5,NE,10:00,CMA,10,2,2,Acal,Apostichopus californicus,Californian sea cucumber,6,6,,,,,,,,,,,,,,,,,,,,,,,,,,,,,,,,,,,,,,,,,,,,,,,,
403,Jasmin Schuster,Claire Attridge,BMSC24,Swiss Boy,48.91607,-125.13117,24/04/2026,2.5,NE,10:00,CMA,10,2,2,Henricia,Henricia spp.,Unidentified blood star,5,5,,,,,,,,,,,,,,,,,,,,,,,,,,,,,,,,,,,,,,,,,,,,,,,,
404,Jasmin Schuster,Claire Attridge,BMSC24,Swiss Boy,48.91607,-125.13117,24/04/2026,2.5,NE,10:00,CMA,10,2,2,Hka,Haliotis kamtschatkana,Pinto abalone,10,0,4,6,,,,,,,,,,,,,,,,,,,,,,,,,,,,,,,,,,,,,,,,,,,,,,
405,Jasmin Schuster,Claire Attridge,BMSC24,Swiss Boy,48.91607,-125.13117,24/04/2026,2.5,NE,10:00,CMA,10,2,2,Cadlina,Cadlina spp.,Unidentified yellow rimmed,1,1,,,,,,,,,,,,,,,,,,,,,,,,,,,,,,,,,,,,,,,,,,,,,,,,
406,Jasmin Schuster,Claire Attridge,BMSC24,Swiss Boy,48.91607,-125.13117,24/04/2026,2.5,NE,10:00,CMA,10,2,2,Das,Diodora aspera,Rough keyhole limpet,3,3,,,,,,,,,,,,,,,,,,,,,,,,,,,,,,,,,,,,,,,,,,,,,,,,
407,Jasmin Schuster,Claire Attridge,BMSC24,Swiss Boy,48.91607,-125.13117,24/04/2026,2.5,NE,10:00,CMA,10,2,2,Dodo,Diaulula odonoghuei,Spotted dorid,1,1,,,,,,,,,,,,,,,,,,,,,,,,,,,,,,,,,,,,,,,,,,,,,,,,
408,Jasmin Schuster,Claire Attridge,BMSC24,Swiss Boy,48.91607,-125.13117,24/04/2026,2.5,NE,10:00,CMA,10,2,2,Spur,Strongylocentrotus purpuratus,Purple sea urchin,1,1,,,,,,,,,,,,,,,,,,,,,,,,,,,,,,,,,,,,,,,,,,,,,,,,
409,Jasmin Schuster,Claire Attridge,BMSC24,Swiss Boy,48.91607,-125.13117,24/04/2026,2.5,NE,10:00,CMA,10,2,2,Sfo,Stylasterias forreri,Velcro seastar,1,1,,,,,,,,,,,,,,,,,,,,,,,,,,,,,,,,,,,,,,,,,,,,,,,,
410,Jasmin Schuster,Claire Attridge,BMSC24,Swiss Boy,48.91607,-125.13117,24/04/2026,2.5,NE,10:00,CMA,10,2,2,Hme,Hapalogaster mertensii,Hairy crab,1,1,,,,,,,,,,,,,,,,,,,,,,,,,,,,,,,,,,,,,,,,,,,,,,,,
411,Jasmin Schuster,Claire Attridge,BMSC24,Swiss Boy,48.91607,-125.13117,24/04/2026,2.5,NE,10:00,CMA,10,2,2,Poc,Pisaster ochraceus,Purple sea star,94,94,,,,,,,,,,,,,,,,,,,,,,,,,,,,,,,,,,,,,,,,,,,,,,,,
412,Jasmin Schuster,Claire Attridge,BMSC24,Swiss Boy,48.91607,-125.13117,24/04/2026,2.5,NE,10:00,CMA,10,2,2,Rni,Rhinogobiops nicholsii,Blackeye goby,2,,,,1,1,,,,,,,,,,,,,,,,,,,,,,,,,,,,,,,,,,,,,,,,,,,,
413,Jasmin Schuster,Carter Burtlake,BMSC9,Eagle Bay,48.83479,-125.14702,24/04/2026,2.5,SW,12:20,CBL,6.5,1,1,Sme,Sebastes melanops,Black rockfish,13,0,,,,,,4,8,1,,,,,,,,,,,,,,,,,,,,,,,,,,,,,,,,,,,,,,,,
414,Jasmin Schuster,Carter Burtlake,BMSC9,Eagle Bay,48.83479,-125.14702,24/04/2026,2.5,SW,12:20,CBL,6.5,1,1,Bolinopsis,Bolinopsis spp.,Unidentified northern comb jelly,6,6,,,,,,,,,,,,,,,,,,,,,,,,,,,,,,,,,,,,,,,,,,,,,,,,
415,Jasmin Schuster,Carter Burtlake,BMSC9,Eagle Bay,48.83479,-125.14702,24/04/2026,2.5,SW,12:20,CBL,6.5,1,1,Sma,Sebastes maliger,Quillback rockfish,1,0,,,,,,,1,,,,,,,,,,,,,,,,,,,,,,,,,,,,,,,,,,,,,,,,,
416,Jasmin Schuster,Carter Burtlake,BMSC9,Eagle Bay,48.83479,-125.14702,24/04/2026,2.5,SW,12:20,CBL,6.5,1,1,Rni,Rhinogobiops nicholsii,Blackeye goby,12,0,3,2,5,2,,,,,,,,,,,,,,,,,,,,,,,,,,,,,,,,,,,,,,,,,,,,
417,Jasmin Schuster,Carter Burtlake,BMSC9,Eagle Bay,48.83479,-125.14702,24/04/2026,2.5,SW,12:20,CBL,6.5,1,1,Hde,Hexagrammos decagrammus,Kelp greenling,5,0,,,,,,,1,2,1,1,,,,,,,,,,,,,,,,,,,,,,,,,,,,,,,,,,,,,,
418,Jasmin Schuster,Carter Burtlake,BMSC9,Eagle Bay,48.83479,-125.14702,24/04/2026,2.5,SW,12:20,CBL,6.5,1,1,Sca,Sebastes caurinus,Copper rockfish,7,0,,,,,1,1,3,2,,,,,,,,,,,,,,,,,,,,,,,,,,,,,,,,,,,,,,,,
419,Jasmin Schuster,Carter Burtlake,BMSC9,Eagle Bay,48.83479,-125.14702,24/04/2026,2.5,SW,12:20,CBL,6.5,2,1,Mfr,Mesocentrotus franciscanus,Red sea urchin,142,142,,,,,,,,,,,,,,,,,,,,,,,,,,,,,,,,,,,,,,,,,,,,,,,,
420,Jasmin Schuster,Carter Burtlake,BMSC9,Eagle Bay,48.83479,-125.14702,24/04/2026,2.5,SW,12:20,CBL,6.5,2,1,Pmi,Patiria miniata,Bat star,33,33,,,,,,,,,,,,,,,,,,,,,,,,,,,,,,,,,,,,,,,,,,,,,,,,
421,Jasmin Schuster,Carter Burtlake,BMSC9,Eagle Bay,48.83479,-125.14702,24/04/2026,2.5,SW,12:20,CBL,6.5,2,1,Das,Diodora aspera,Rough keyhole limpet,9,9,,,,,,,,,,,,,,,,,,,,,,,,,,,,,,,,,,,,,,,,,,,,,,,,
422,Jasmin Schuster,Carter Burtlake,BMSC9,Eagle Bay,48.83479,-125.14702,24/04/2026,2.5,SW,12:20,CBL,6.5,2,1,Ami,Acmaea mitra,Whitecap limpet,76,76,,,,,,,,,,,,,,,,,,,,,,,,,,,,,,,,,,,,,,,,,,,,,,,,
423,Jasmin Schuster,Carter Burtlake,BMSC9,Eagle Bay,48.83479,-125.14702,24/04/2026,2.5,SW,12:20,CBL,6.5,2,1,Rni,Rhinogobiops nicholsii,Blackeye goby,24,0,2,5,10,6,1,,,,,,,,,,,,,,,,,,,,,,,,,,,,,,,,,,,,,,,,,,,
424,Jasmin Schuster,Carter Burtlake,BMSC9,Eagle Bay,48.83479,-125.14702,24/04/2026,2.5,SW,12:20,CBL,6.5,2,1,Chlamys,Chlamys spp.,Unidentified scallop,4,0,1,3,,,,,,,,,,,,,,,,,,,,,,,,,,,,,,,,,,,,,,,,,,,,,,
425,Jasmin Schuster,Carter Burtlake,BMSC9,Eagle Bay,48.83479,-125.14702,24/04/2026,2.5,SW,12:20,CBL,6.5,2,1,Cfo,Ceratostoma foliatum,Leafy hornmouth,41,41,,,,,,,,,,,,,,,,,,,,,,,,,,,,,,,,,,,,,,,,,,,,,,,,
426,Jasmin Schuster,Carter Burtlake,BMSC9,Eagle Bay,48.83479,-125.14702,24/04/2026,2.5,SW,12:20,CBL,6.5,2,1,Prud,Pachycheles rudis,Thickclaw porcelain crab,3,3,,,,,,,,,,,,,,,,,,,,,,,,,,,,,,,,,,,,,,,,,,,,,,,,
427,Jasmin Schuster,Carter Burtlake,BMSC9,Eagle Bay,48.83479,-125.14702,24/04/2026,2.5,SW,12:20,CBL,6.5,2,1,Hermit,Paguroidea spp.,Unidentified hermit crab,8,8,,,,,,,,,,,,,,,,,,,,,,,,,,,,,,,,,,,,,,,,,,,,,,,,
428,Jasmin Schuster,Carter Burtlake,BMSC9,Eagle Bay,48.83479,-125.14702,24/04/2026,2.5,SW,12:20,CBL,6.5,2,1,Sac,Scyra acutifrons,Sharpnose crab,20,20,,,,,,,,,,,,,,,,,,,,,,,,,,,,,,,,,,,,,,,,,,,,,,,,
429,Jasmin Schuster,Carter Burtlake,BMSC9,Eagle Bay,48.83479,-125.14702,24/04/2026,2.5,SW,12:20,CBL,6.5,2,1,Hka,Haliotis kamtschatkana,Pinto abalone,34,0,19,10,5,,,,,,,,,,,,,,,,,,,,,,,,,,,,,,,,,,,,,,,,,,,,,
430,Jasmin Schuster,Carter Burtlake,BMSC9,Eagle Bay,48.83479,-125.14702,24/04/2026,2.5,SW,12:20,CBL,6.5,2,1,Cgi,Crassadoma gigantea,Purple-hinged rock scallop,37,,1,,5,7,9,15,,,,,,,,,,,,,,,,,,,,,,,,,,,,,,,,,,,,,,,,,,
431,Jasmin Schuster,Carter Burtlake,BMSC9,Eagle Bay,48.83479,-125.14702,24/04/2026,2.5,SW,12:20,CBL,6.5,2,1,Phe,Pagurus hemphilli,Maroon hermit,14,14,,,,,,,,,,,,,,,,,,,,,,,,,,,,,,,,,,,,,,,,,,,,,,,,
432,Jasmin Schuster,Carter Burtlake,BMSC9,Eagle Bay,48.83479,-125.14702,24/04/2026,2.5,SW,12:20,CBL,6.5,2,1,Acal,Apostichopus californicus,Californian sea cucumber,13,13,,,,,,,,,,,,,,,,,,,,,,,,,,,,,,,,,,,,,,,,,,,,,,,,
433,Jasmin Schuster,Carter Burtlake,BMSC9,Eagle Bay,48.83479,-125.14702,24/04/2026,2.5,SW,12:20,CBL,6.5,2,1,Hcr,Hermissenda crassicornis,Opalescent nudibranch,1,1,,,,,,,,,,,,,,,,,,,,,,,,,,,,,,,,,,,,,,,,,,,,,,,,
434,Jasmin Schuster,Carter Burtlake,BMSC9,Eagle Bay,48.83479,-125.14702,24/04/2026,2.5,SW,12:20,CBL,6.5,2,1,Dim,Dermasterias imbricata,Leather star,6,6,,,,,,,,,,,,,,,,,,,,,,,,,,,,,,,,,,,,,,,,,,,,,,,,
435,Jasmin Schuster,Carter Burtlake,BMSC9,Eagle Bay,48.83479,-125.14702,24/04/2026,2.5,SW,12:20,CBL,6.5,2,1,Etr,Evasterias troschelii,Mottled starfish,4,4,,,,,,,,,,,,,,,,,,,,,,,,,,,,,,,,,,,,,,,,,,,,,,,,
436,Jasmin Schuster,Carter Burtlake,BMSC9,Eagle Bay,48.83479,-125.14702,24/04/2026,2.5,SW,12:20,CBL,6.5,2,1,Pgi,Pomaulax gibberosus,Red turban shell,3,3,,,,,,,,,,,,,,,,,,,,,,,,,,,,,,,,,,,,,,,,,,,,,,,,
437,Jasmin Schuster,Carter Burtlake,BMSC9,Eagle Bay,48.83479,-125.14702,24/04/2026,2.5,SW,12:20,CBL,6.5,2,1,Opi,Oxylebius pictus,Painted greenling,4,0,,,,,,3,1,,,,,,,,,,,,,,,,,,,,,,,,,,,,,,,,,,,,,,,,,
438,Jasmin Schuster,Carter Burtlake,BMSC9,Eagle Bay,48.83479,-125.14702,24/04/2026,2.5,SW,12:20,CBL,6.5,2,1,Deg,Debris - Glass,Any glass debris,1,1,,,,,,,,,,,,,,,,,,,,,,,,,,,,,,,,,,,,,,,,,,,,,,,,
439,Jasmin Schuster,Carter Burtlake,BMSC9,Eagle Bay,48.83479,-125.14702,24/04/2026,2.5,SW,12:20,CBL,6.5,2,1,Spur,Strongylocentrotus purpuratus,Purple sea urchin,2,2,,,,,,,,,,,,,,,,,,,,,,,,,,,,,,,,,,,,,,,,,,,,,,,,
440,Jasmin Schuster,Carter Burtlake,BMSC9,Eagle Bay,48.83479,-125.14702,24/04/2026,2.5,SW,12:20,CBL,6.5,2,1,Ppu,Pachycheles pubescens,Porcelain crab,2,2,,,,,,,,,,,,,,,,,,,,,,,,,,,,,,,,,,,,,,,,,,,,,,,,
441,Jasmin Schuster,Carter Burtlake,BMSC9,Eagle Bay,48.83479,-125.14702,24/04/2026,2.5,SW,12:20,CBL,6.5,2,1,Pnob,Peltodoris nobilis,Noble sea lemon,2,2,,,,,,,,,,,,,,,,,,,,,,,,,,,,,,,,,,,,,,,,,,,,,,,,
442,Jasmin Schuster,Carter Burtlake,BMSC9,Eagle Bay,48.83479,-125.14702,24/04/2026,2.5,SW,12:20,CBL,6.5,2,1,Dep,Debris - Plastic,Any plastic debris,1,1,,,,,,,,,,,,,,,,,,,,,,,,,,,,,,,,,,,,,,,,,,,,,,,,
443,Jasmin Schuster,Carter Burtlake,BMSC9,Eagle Bay,48.83479,-125.14702,24/04/2026,2.5,SW,12:20,CBL,6.5,2,1,Aha,Artedius harringtoni,Scalyhead sculpin,2,0,1,,1,,,,,,,,,,,,,,,,,,,,,,,,,,,,,,,,,,,,,,,,,,,,,
444,Jasmin Schuster,Carter Burtlake,BMSC9,Eagle Bay,48.83479,-125.14702,24/04/2026,2.5,SW,12:20,CBL,6.5,2,1,Henricia,Henricia spp.,Unidentified blood star,2,2,,,,,,,,,,,,,,,,,,,,,,,,,,,,,,,,,,,,,,,,,,,,,,,,
445,Jasmin Schuster,Carter Burtlake,BMSC9,Eagle Bay,48.83479,-125.14702,24/04/2026,2.5,SW,12:20,CBL,6.5,2,1,Sdr,Strongylocentrotus droebachiensis,Northern sea urchin,1,1,,,,,,,,,,,,,,,,,,,,,,,,,,,,,,,,,,,,,,,,,,,,,,,,
446,Jasmin Schuster,Carter Burtlake,BMSC9,Eagle Bay,48.83479,-125.14702,24/04/2026,2.5,SW,12:20,CBL,6.5,2,1,Noc,Nautichthys oculofasciatus,Sailfin sculpin,1,0,,,,,1,,,,,,,,,,,,,,,,,,,,,,,,,,,,,,,,,,,,,,,,,,,
447,Jasmin Schuster,Carter Burtlake,BMSC9,Eagle Bay,48.83479,-125.14702,24/04/2026,2.5,SW,12:20,CBL,6.5,0,1,Edo,Enteroctopus dofleini,Giant Pacific octopus,1,1,,,,,,,,,,,,,,,,,,,,,,,,,,,,,,,,,,,,,,,,,,,,,,,,
448,Claire Attridge,Carter Burtlake,BMSC15,Raymond Kelp Rock,48.88028,-125.31288,21/04/2026,2.5,SW,10:15,CBL,5.5,1,1,hde,Hexagrammos decagrammus,Kelp greenling,2,0,,,,,,,1,,1,,,,,,,,,,,,,,,,,,,,,,,,,,,,,,,,,,,,,,,
449,Claire Attridge,Carter Burtlake,BMSC15,Raymond Kelp Rock,48.88028,-125.31288,21/04/2026,2.5,SW,10:15,CBL,5.5,1,1,rni,Rhinogobiops nicholsii,Blackeye goby,5,0,,1,3,1,,,,,,,,,,,,,,,,,,,,,,,,,,,,,,,,,,,,,,,,,,,,
450,Claire Attridge,Carter Burtlake,BMSC15,Raymond Kelp Rock,48.88028,-125.31288,21/04/2026,2.5,SW,10:15,CBL,5.5,1,1,sca,Sebastes caurinus,Copper rockfish,1,0,,,,,,,1,,,,,,,,,,,,,,,,,,,,,,,,,,,,,,,,,,,,,,,,,
451,Claire Attridge,Carter Burtlake,BMSC15,Raymond Kelp Rock,48.88028,-125.31288,21/04/2026,2.5,SW,10:15,CBL,5.5,2,1,pgi,Pomaulax gibberosus,Red turban shell,234,234,,,,,,,,,,,,,,,,,,,,,,,,,,,,,,,,,,,,,,,,,,,,,,,,
452,Claire Attridge,Carter Burtlake,BMSC15,Raymond Kelp Rock,48.88028,-125.31288,21/04/2026,2.5,SW,10:15,CBL,5.5,2,1,pmi,Patiria miniata,Bat star,43,43,,,,,,,,,,,,,,,,,,,,,,,,,,,,,,,,,,,,,,,,,,,,,,,,
453,Claire Attridge,Carter Burtlake,BMSC15,Raymond Kelp Rock,48.88028,-125.31288,21/04/2026,2.5,SW,10:15,CBL,5.5,2,1,sac,Scyra acutifrons,Sharpnose crab,6,6,,,,,,,,,,,,,,,,,,,,,,,,,,,,,,,,,,,,,,,,,,,,,,,,
454,Claire Attridge,Carter Burtlake,BMSC15,Raymond Kelp Rock,48.88028,-125.31288,21/04/2026,2.5,SW,10:15,CBL,5.5,2,1,acal,Apostichopus californicus,Californian sea cucumber,18,18,,,,,,,,,,,,,,,,,,,,,,,,,,,,,,,,,,,,,,,,,,,,,,,,
455,Claire Attridge,Carter Burtlake,BMSC15,Raymond Kelp Rock,48.88028,-125.31288,21/04/2026,2.5,SW,10:15,CBL,5.5,2,1,rni,Rhinogobiops nicholsii,Blackeye goby,72,0,26,23,16,7,,,,,,,,,,,,,,,,,,,,,,,,,,,,,,,,,,,,,,,,,,,,
456,Claire Attridge,Carter Burtlake,BMSC15,Raymond Kelp Rock,48.88028,-125.31288,21/04/2026,2.5,SW,10:15,CBL,5.5,2,1,oko,Orthasterias koehleri,Rainbow star,1,1,,,,,,,,,,,,,,,,,,,,,,,,,,,,,,,,,,,,,,,,,,,,,,,,
457,Claire Attridge,Carter Burtlake,BMSC15,Raymond Kelp Rock,48.88028,-125.31288,21/04/2026,2.5,SW,10:15,CBL,5.5,2,1,pachycheles,Pachycheles spp.,,6,6,,,,,,,,,,,,,,,,,,,,,,,,,,,,,,,,,,,,,,,,,,,,,,,,
458,Claire Attridge,Carter Burtlake,BMSC15,Raymond Kelp Rock,48.88028,-125.31288,21/04/2026,2.5,SW,10:15,CBL,5.5,2,1,dim,Dermasterias imbricata,Leather star,11,11,,,,,,,,,,,,,,,,,,,,,,,,,,,,,,,,,,,,,,,,,,,,,,,,
459,Claire Attridge,Carter Burtlake,BMSC15,Raymond Kelp Rock,48.88028,-125.31288,21/04/2026,2.5,SW,10:15,CBL,5.5,2,1,cgi,Crassadoma gigantea,Purple-hinged rock scallop,28,0,,9,10,3,3,3,,,,,,,,,,,,,,,,,,,,,,,,,,,,,,,,,,,,,,,,,,
460,Claire Attridge,Carter Burtlake,BMSC15,Raymond Kelp Rock,48.88028,-125.31288,21/04/2026,2.5,SW,10:15,CBL,5.5,2,1,ppr,Pugettia producta,Northern kelp crab,2,2,,,,,,,,,,,,,,,,,,,,,,,,,,,,,,,,,,,,,,,,,,,,,,,,
461,Claire Attridge,Carter Burtlake,BMSC15,Raymond Kelp Rock,48.88028,-125.31288,21/04/2026,2.5,SW,10:15,CBL,5.5,2,1,hka,Haliotis kamtschatkana,Pinto abalone,3,0,,,,2,1,,,,,,,,,,,,,,,,,,,,,,,,,,,,,,,,,,,,,,,,,,,
462,Claire Attridge,Carter Burtlake,BMSC15,Raymond Kelp Rock,48.88028,-125.31288,21/04/2026,2.5,SW,10:15,CBL,5.5,2,1,hpu,Henricia pumila,Dwarf mottled henricia,2,2,,,,,,,,,,,,,,,,,,,,,,,,,,,,,,,,,,,,,,,,,,,,,,,,
463,Claire Attridge,Carter Burtlake,BMSC15,Raymond Kelp Rock,48.88028,-125.31288,21/04/2026,2.5,SW,10:15,CBL,5.5,2,1,cmo,Cadlina modesta,Modest cadlina nudibranch,2,2,,,,,,,,,,,,,,,,,,,,,,,,,,,,,,,,,,,,,,,,,,,,,,,,
464,Claire Attridge,Carter Burtlake,BMSC15,Raymond Kelp Rock,48.88028,-125.31288,21/04/2026,2.5,SW,10:15,CBL,5.5,2,1,cpr,Cancer productus,Red rock crab,4,4,,,,,,,,,,,,,,,,,,,,,,,,,,,,,,,,,,,,,,,,,,,,,,,,
465,Claire Attridge,Carter Burtlake,BMSC15,Raymond Kelp Rock,48.88028,-125.31288,21/04/2026,2.5,SW,10:15,CBL,5.5,2,1,mfr,Mesocentrotus franciscanus,Red sea urchin,2,2,,,,,,,,,,,,,,,,,,,,,,,,,,,,,,,,,,,,,,,,,,,,,,,,
466,Claire Attridge,Carter Burtlake,BMSC15,Raymond Kelp Rock,48.88028,-125.31288,21/04/2026,2.5,SW,10:15,CBL,5.5,2,1,das,Diodora aspera,Rough keyhole limpet,3,3,,,,,,,,,,,,,,,,,,,,,,,,,,,,,,,,,,,,,,,,,,,,,,,,
467,Claire Attridge,Carter Burtlake,BMSC15,Raymond Kelp Rock,48.88028,-125.31288,21/04/2026,2.5,SW,10:15,CBL,5.5,2,1,cfo,Ceratostoma foliatum,Leafy hornmouth,2,2,,,,,,,,,,,,,,,,,,,,,,,,,,,,,,,,,,,,,,,,,,,,,,,,
468,Claire Attridge,Carter Burtlake,BMSC15,Raymond Kelp Rock,48.88028,-125.31288,21/04/2026,2.5,SW,10:15,CBL,5.5,2,1,dsa,Diaulula sandiegensis,Ringed doris,1,1,,,,,,,,,,,,,,,,,,,,,,,,,,,,,,,,,,,,,,,,,,,,,,,,
469,Claire Attridge,Carter Burtlake,BMSC15,Raymond Kelp Rock,48.88028,-125.31288,21/04/2026,2.5,SW,10:15,CBL,5.5,2,1,aha,Artedius harringtoni,Scalyhead sculpin,1,0,,1,,,,,,,,,,,,,,,,,,,,,,,,,,,,,,,,,,,,,,,,,,,,,,
470,Claire Attridge,Carter Burtlake,BMSC15,Raymond Kelp Rock,48.88028,-125.31288,21/04/2026,2.5,SW,10:15,CBL,5.5,2,1,ami,Acmaea mitra,Whitecap limpet,3,3,,,,,,,,,,,,,,,,,,,,,,,,,,,,,,,,,,,,,,,,,,,,,,,,
471,Claire Attridge,Carter Burtlake,BMSC15,Raymond Kelp Rock,48.88028,-125.31288,21/04/2026,2.5,SW,10:15,CBL,5.5,2,1,phe,Pagurus hemphilli,Maroon hermit,1,1,,,,,,,,,,,,,,,,,,,,,,,,,,,,,,,,,,,,,,,,,,,,,,,,
472,Claire Attridge,Carter Burtlake,BMSC15,Raymond Kelp Rock,48.88028,-125.31288,21/04/2026,2.5,SW,10:15,CBL,5.5,0,1,oel,Ophiodon elongatus,Lingcod,1,0,,,,,,,,,,,1,,,,,,,,,,,,,,,,,,,,,,,,,,,,,,,,,,,,,
473,Claire Attridge,Carter Burtlake,BMSC15,Raymond Kelp Rock,48.88028,-125.31288,21/04/2026,2.5,SW,10:15,CBL,5.5,0,1,opi,Oxylebius pictus,Painted greenling,1,0,,,,,1,,,,,,,,,,,,,,,,,,,,,,,,,,,,,,,,,,,,,,,,,,,
474,Claire Attridge,Tom Bird,BMSC17,Wouwer Channel,48.86548,-125.36148,21/04/2026,3,NE,12:28,TB,4.5,1,2,rni,Rhinogobiops nicholsii,Blackeye goby,2,0,,,2,,,,,,,,,,,,,,,,,,,,,,,,,,,,,,,,,,,,,,,,,,,,,
475,Claire Attridge,Tom Bird,BMSC17,Wouwer Channel,48.86548,-125.36148,21/04/2026,3,NE,12:28,TB,4.5,1,2,hde,Hexagrammos decagrammus,Kelp greenling,4,0,,,,,,1,1,,1,1,,,,,,,,,,,,,,,,,,,,,,,,,,,,,,,,,,,,,,
476,Claire Attridge,Tom Bird,BMSC17,Wouwer Channel,48.86548,-125.36148,21/04/2026,3,NE,12:28,TB,4.5,2,2,pgi,Pomaulax gibberosus,Red turban shell,223,223,,,,,,,,,,,,,,,,,,,,,,,,,,,,,,,,,,,,,,,,,,,,,,,,
477,Claire Attridge,Tom Bird,BMSC17,Wouwer Channel,48.86548,-125.36148,21/04/2026,3,NE,12:28,TB,4.5,2,2,hka,Haliotis kamtschatkana,Pinto abalone,9,0,,1,4,3,1,,,,,,,,,,,,,,,,,,,,,,,,,,,,,,,,,,,,,,,,,,,
478,Claire Attridge,Tom Bird,BMSC17,Wouwer Channel,48.86548,-125.36148,21/04/2026,3,NE,12:28,TB,4.5,2,2,mfr,Mesocentrotus franciscanus,Red sea urchin,292,292,,,,,,,,,,,,,,,,,,,,,,,,,,,,,,,,,,,,,,,,,,,,,,,,
479,Claire Attridge,Tom Bird,BMSC17,Wouwer Channel,48.86548,-125.36148,21/04/2026,3,NE,12:28,TB,4.5,2,2,pmi,Patiria miniata,Bat star,38,38,,,,,,,,,,,,,,,,,,,,,,,,,,,,,,,,,,,,,,,,,,,,,,,,
480,Claire Attridge,Tom Bird,BMSC17,Wouwer Channel,48.86548,-125.36148,21/04/2026,3,NE,12:28,TB,4.5,2,2,acal,Apostichopus californicus,Californian sea cucumber,10,10,,,,,,,,,,,,,,,,,,,,,,,,,,,,,,,,,,,,,,,,,,,,,,,,
481,Claire Attridge,Tom Bird,BMSC17,Wouwer Channel,48.86548,-125.36148,21/04/2026,3,NE,12:28,TB,4.5,2,2,cgi,Crassadoma gigantea,Purple-hinged rock scallop,23,0,,3,7,5,4,4,,,,,,,,,,,,,,,,,,,,,,,,,,,,,,,,,,,,,,,,,,
482,Claire Attridge,Tom Bird,BMSC17,Wouwer Channel,48.86548,-125.36148,21/04/2026,3,NE,12:28,TB,4.5,2,2,ami,Acmaea mitra,Whitecap limpet,7,7,,,,,,,,,,,,,,,,,,,,,,,,,,,,,,,,,,,,,,,,,,,,,,,,
483,Claire Attridge,Tom Bird,BMSC17,Wouwer Channel,48.86548,-125.36148,21/04/2026,3,NE,12:28,TB,4.5,2,2,rni,Rhinogobiops nicholsii,Blackeye goby,21,0,3,5,6,5,2,,,,,,,,,,,,,,,,,,,,,,,,,,,,,,,,,,,,,,,,,,,
484,Claire Attridge,Tom Bird,BMSC17,Wouwer Channel,48.86548,-125.36148,21/04/2026,3,NE,12:28,TB,4.5,2,2,das,Diodora aspera,Rough keyhole limpet,1,1,,,,,,,,,,,,,,,,,,,,,,,,,,,,,,,,,,,,,,,,,,,,,,,,
485,Claire Attridge,Tom Bird,BMSC17,Wouwer Channel,48.86548,-125.36148,21/04/2026,3,NE,12:28,TB,4.5,2,2,poc,Pisaster ochraceus,Purple sea star,2,2,,,,,,,,,,,,,,,,,,,,,,,,,,,,,,,,,,,,,,,,,,,,,,,,
486,Claire Attridge,Tom Bird,BMSC17,Wouwer Channel,48.86548,-125.36148,21/04/2026,3,NE,12:28,TB,4.5,2,2,phe,Pagurus hemphilli,Maroon hermit,16,16,,,,,,,,,,,,,,,,,,,,,,,,,,,,,,,,,,,,,,,,,,,,,,,,
487,Claire Attridge,Tom Bird,BMSC17,Wouwer Channel,48.86548,-125.36148,21/04/2026,3,NE,12:28,TB,4.5,2,2,cfo,Ceratostoma foliatum,Leafy hornmouth,10,10,,,,,,,,,,,,,,,,,,,,,,,,,,,,,,,,,,,,,,,,,,,,,,,,
488,Claire Attridge,Tom Bird,BMSC17,Wouwer Channel,48.86548,-125.36148,21/04/2026,3,NE,12:28,TB,4.5,2,2,hcr,Hermissenda crassicornis,Opalescent nudibranch,2,2,,,,,,,,,,,,,,,,,,,,,,,,,,,,,,,,,,,,,,,,,,,,,,,,
489,Claire Attridge,Tom Bird,BMSC17,Wouwer Channel,48.86548,-125.36148,21/04/2026,3,NE,12:28,TB,4.5,2,2,etr,Evasterias troschelii,Mottled starfish,2,2,,,,,,,,,,,,,,,,,,,,,,,,,,,,,,,,,,,,,,,,,,,,,,,,
490,Claire Attridge,Tom Bird,BMSC17,Wouwer Channel,48.86548,-125.36148,21/04/2026,3,NE,12:28,TB,4.5,2,2,sac,Scyra acutifrons,Sharpnose crab,1,1,,,,,,,,,,,,,,,,,,,,,,,,,,,,,,,,,,,,,,,,,,,,,,,,
491,Claire Attridge,Tom Bird,BMSC17,Wouwer Channel,48.86548,-125.36148,21/04/2026,3,NE,12:28,TB,4.5,2,2,pachycheles,Pachycheles spp.,,2,2,,,,,,,,,,,,,,,,,,,,,,,,,,,,,,,,,,,,,,,,,,,,,,,,
492,Claire Attridge,Tom Bird,BMSC17,Wouwer Channel,48.86548,-125.36148,21/04/2026,3,NE,12:28,TB,4.5,2,2,cpr,Cancer productus,Red rock crab,1,1,,,,,,,,,,,,,,,,,,,,,,,,,,,,,,,,,,,,,,,,,,,,,,,,
493,Claire Attridge,Tom Bird,BMSC17,Wouwer Channel,48.86548,-125.36148,21/04/2026,3,NE,12:28,TB,4.5,0,2,sebastes,Sebastes spp.,,0,0,,,,,,,,,,,,,,,,,,,,,,,,,,,,,,,,,,,,,,,,,,,,,,,,
494,Claire Attridge,Alec Jones,BMSC27,San Jose North Island,48.90118,-125.06043,22/04/2026,1.5,NW,10:10,CMA,7.5,1,1,rni,Rhinogobiops nicholsii,Blackeye goby,2,0,,,2,,,,,,,,,,,,,,,,,,,,,,,,,,,,,,,,,,,,,,,,,,,,,
495,Claire Attridge,Alec Jones,BMSC27,San Jose North Island,48.90118,-125.06043,22/04/2026,1.5,NW,10:10,CMA,7.5,2,1,pgi,Pomaulax gibberosus,Red turban shell,34,34,,,,,,,,,,,,,,,,,,,,,,,,,,,,,,,,,,,,,,,,,,,,,,,,
496,Claire Attridge,Alec Jones,BMSC27,San Jose North Island,48.90118,-125.06043,22/04/2026,1.5,NW,10:10,CMA,7.5,2,1,hcr,Hermissenda crassicornis,Opalescent nudibranch,24,24,,,,,,,,,,,,,,,,,,,,,,,,,,,,,,,,,,,,,,,,,,,,,,,,
497,Claire Attridge,Alec Jones,BMSC27,San Jose North Island,48.90118,-125.06043,22/04/2026,1.5,NW,10:10,CMA,7.5,2,1,hka,Haliotis kamtschatkana,Pinto abalone,14,0,1,7,5,1,,,,,,,,,,,,,,,,,,,,,,,,,,,,,,,,,,,,,,,,,,,,
498,Claire Attridge,Alec Jones,BMSC27,San Jose North Island,48.90118,-125.06043,22/04/2026,1.5,NW,10:10,CMA,7.5,2,1,rni,Rhinogobiops nicholsii,Blackeye goby,71,0,28,28,13,2,,,,,,,,,,,,,,,,,,,,,,,,,,,,,,,,,,,,,,,,,,,,
499,Claire Attridge,Alec Jones,BMSC27,San Jose North Island,48.90118,-125.06043,22/04/2026,1.5,NW,10:10,CMA,7.5,2,1,cgi,Crassadoma gigantea,Purple-hinged rock scallop,23,0,,5,5,2,5,5,1,,,,,,,,,,,,,,,,,,,,,,,,,,,,,,,,,,,,,,,,,
500,Claire Attridge,Alec Jones,BMSC27,San Jose North Island,48.90118,-125.06043,22/04/2026,1.5,NW,10:10,CMA,7.5,2,1,henricia,Henricia spp.,Unidentified blood star,3,3,,,,,,,,,,,,,,,,,,,,,,,,,,,,,,,,,,,,,,,,,,,,,,,,
501,Claire Attridge,Alec Jones,BMSC27,San Jose North Island,48.90118,-125.06043,22/04/2026,1.5,NW,10:10,CMA,7.5,2,1,acal,Apostichopus californicus,Californian sea cucumber,27,27,,,,,,,,,,,,,,,,,,,,,,,,,,,,,,,,,,,,,,,,,,,,,,,,
502,Claire Attridge,Alec Jones,BMSC27,San Jose North Island,48.90118,-125.06043,22/04/2026,1.5,NW,10:10,CMA,7.5,2,1,dim,Dermasterias imbricata,Leather star,19,19,,,,,,,,,,,,,,,,,,,,,,,,,,,,,,,,,,,,,,,,,,,,,,,,
503,Claire Attridge,Alec Jones,BMSC27,San Jose North Island,48.90118,-125.06043,22/04/2026,1.5,NW,10:10,CMA,7.5,2,1,cfo,Ceratostoma foliatum,Leafy hornmouth,7,7,,,,,,,,,,,,,,,,,,,,,,,,,,,,,,,,,,,,,,,,,,,,,,,,
504,Claire Attridge,Alec Jones,BMSC27,San Jose North Island,48.90118,-125.06043,22/04/2026,1.5,NW,10:10,CMA,7.5,2,1,sfo,Stylasterias forreri,Velcro seastar,2,2,,,,,,,,,,,,,,,,,,,,,,,,,,,,,,,,,,,,,,,,,,,,,,,,
505,Claire Attridge,Alec Jones,BMSC27,San Jose North Island,48.90118,-125.06043,22/04/2026,1.5,NW,10:10,CMA,7.5,2,1,mfr,Mesocentrotus franciscanus,Red sea urchin,63,63,,,,,,,,,,,,,,,,,,,,,,,,,,,,,,,,,,,,,,,,,,,,,,,,
506,Claire Attridge,Alec Jones,BMSC27,San Jose North Island,48.90118,-125.06043,22/04/2026,1.5,NW,10:10,CMA,7.5,2,1,oko,Orthasterias koehleri,Rainbow star,5,5,,,,,,,,,,,,,,,,,,,,,,,,,,,,,,,,,,,,,,,,,,,,,,,,
507,Claire Attridge,Alec Jones,BMSC27,San Jose North Island,48.90118,-125.06043,22/04/2026,1.5,NW,10:10,CMA,7.5,2,1,sac,Scyra acutifrons,Sharpnose crab,1,1,,,,,,,,,,,,,,,,,,,,,,,,,,,,,,,,,,,,,,,,,,,,,,,,
508,Claire Attridge,Alec Jones,BMSC27,San Jose North Island,48.90118,-125.06043,22/04/2026,1.5,NW,10:10,CMA,7.5,2,1,pmi,Patiria miniata,Bat star,6,6,,,,,,,,,,,,,,,,,,,,,,,,,,,,,,,,,,,,,,,,,,,,,,,,
509,Claire Attridge,Alec Jones,BMSC27,San Jose North Island,48.90118,-125.06043,22/04/2026,1.5,NW,10:10,CMA,7.5,2,1,ami,Acmaea mitra,Whitecap limpet,4,4,,,,,,,,,,,,,,,,,,,,,,,,,,,,,,,,,,,,,,,,,,,,,,,,
510,Claire Attridge,Alec Jones,BMSC27,San Jose North Island,48.90118,-125.06043,22/04/2026,1.5,NW,10:10,CMA,7.5,2,1,phe,Pagurus hemphilli,Maroon hermit,2,2,,,,,,,,,,,,,,,,,,,,,,,,,,,,,,,,,,,,,,,,,,,,,,,,
511,Claire Attridge,Alec Jones,BMSC27,San Jose North Island,48.90118,-125.06043,22/04/2026,1.5,NW,10:10,CMA,7.5,2,1,aha,Artedius harringtoni,Scalyhead sculpin,6,0,2,4,,,,,,,,,,,,,,,,,,,,,,,,,,,,,,,,,,,,,,,,,,,,,,
512,Claire Attridge,Alec Jones,BMSC27,San Jose North Island,48.90118,-125.06043,22/04/2026,1.5,NW,10:10,CMA,7.5,2,1,pachycheles,Pachycheles spp.,,1,1,,,,,,,,,,,,,,,,,,,,,,,,,,,,,,,,,,,,,,,,,,,,,,,,
513,Claire Attridge,Alec Jones,BMSC27,San Jose North Island,48.90118,-125.06043,22/04/2026,1.5,NW,10:10,CMA,7.5,2,1,clon,Coryphella longicaudata,Red-fingered Coryphella,2,2,,,,,,,,,,,,,,,,,,,,,,,,,,,,,,,,,,,,,,,,,,,,,,,,
514,Claire Attridge,Alec Jones,BMSC27,San Jose North Island,48.90118,-125.06043,22/04/2026,1.5,NW,10:10,CMA,7.5,2,1,pbe,Pagurus beringanus,Hermit crab,1,1,,,,,,,,,,,,,,,,,,,,,,,,,,,,,,,,,,,,,,,,,,,,,,,,
515,Claire Attridge,Alec Jones,BMSC27,San Jose North Island,48.90118,-125.06043,22/04/2026,1.5,NW,10:10,CMA,7.5,2,1,etr,Evasterias troschelii,Mottled starfish,3,3,,,,,,,,,,,,,,,,,,,,,,,,,,,,,,,,,,,,,,,,,,,,,,,,
516,Claire Attridge,Alec Jones,BMSC27,San Jose North Island,48.90118,-125.06043,22/04/2026,1.5,NW,10:10,CMA,7.5,2,1,pda,Pandalus danae,Dock shrimp,5,5,,,,,,,,,,,,,,,,,,,,,,,,,,,,,,,,,,,,,,,,,,,,,,,,
517,Claire Attridge,Alec Jones,BMSC27,San Jose North Island,48.90118,-125.06043,22/04/2026,1.5,NW,10:10,CMA,7.5,2,1,oko,Orthasterias koehleri,Rainbow star,1,1,,,,,,,,,,,,,,,,,,,,,,,,,,,,,,,,,,,,,,,,,,,,,,,,
518,Claire Attridge,Jasmin Schuster,BMSC26,Hosie South,48.9071,-125.03701,22/04/2026,1,SW,12:32,CMA,9.8,1,2,nsf,No species found,No species found,1,0,,,,,,,,,,,,,,,,,,,,,,,,,,,,,,,,,,,,,,,,,,,,,,,,
519,Claire Attridge,Jasmin Schuster,BMSC26,Hosie South,48.9071,-125.03701,22/04/2026,1,SW,12:32,CMA,9.8,2,2,cgi,Crassadoma gigantea,Purple-hinged rock scallop,0,0,,1,1,3,2,1,,,,,,,,,,,,,,,,,,,,,,,,,,,,,,,,,,,,,,,,,,
520,Claire Attridge,Jasmin Schuster,BMSC26,Hosie South,48.9071,-125.03701,22/04/2026,1,SW,12:32,CMA,9.8,2,2,phe,Pagurus hemphilli,Maroon hermit,0,3,,,,,,,,,,,,,,,,,,,,,,,,,,,,,,,,,,,,,,,,,,,,,,,,
521,Claire Attridge,Jasmin Schuster,BMSC26,Hosie South,48.9071,-125.03701,22/04/2026,1,SW,12:32,CMA,9.8,2,2,clu,Cadlina luteomarginata,Yellow-edge cadlina,0,3,,,,,,,,,,,,,,,,,,,,,,,,,,,,,,,,,,,,,,,,,,,,,,,,
522,Claire Attridge,Jasmin Schuster,BMSC26,Hosie South,48.9071,-125.03701,22/04/2026,1,SW,12:32,CMA,9.8,2,2,pgi,Pomaulax gibberosus,Red turban shell,0,43,,,,,,,,,,,,,,,,,,,,,,,,,,,,,,,,,,,,,,,,,,,,,,,,
523,Claire Attridge,Jasmin Schuster,BMSC26,Hosie South,48.9071,-125.03701,22/04/2026,1,SW,12:32,CMA,9.8,2,2,pte,Pteraster tesselatus,Slime star,0,1,,,,,,,,,,,,,,,,,,,,,,,,,,,,,,,,,,,,,,,,,,,,,,,,
524,Claire Attridge,Jasmin Schuster,BMSC26,Hosie South,48.9071,-125.03701,22/04/2026,1,SW,12:32,CMA,9.8,2,2,dim,Dermasterias imbricata,Leather star,0,12,,,,,,,,,,,,,,,,,,,,,,,,,,,,,,,,,,,,,,,,,,,,,,,,
525,Claire Attridge,Jasmin Schuster,BMSC26,Hosie South,48.9071,-125.03701,22/04/2026,1,SW,12:32,CMA,9.8,2,2,oko,Orthasterias koehleri,Rainbow star,0,6,,,,,,,,,,,,,,,,,,,,,,,,,,,,,,,,,,,,,,,,,,,,,,,,
526,Claire Attridge,Jasmin Schuster,BMSC26,Hosie South,48.9071,-125.03701,22/04/2026,1,SW,12:32,CMA,9.8,2,2,mae,Mediaster aequalis,Vermillion sea star,0,3,,,,,,,,,,,,,,,,,,,,,,,,,,,,,,,,,,,,,,,,,,,,,,,,
527,Claire Attridge,Jasmin Schuster,BMSC26,Hosie South,48.9071,-125.03701,22/04/2026,1,SW,12:32,CMA,9.8,2,2,rni,Rhinogobiops nicholsii,Blackeye goby,0,0,1,3,3,,,,,,,,,,,,,,,,,,,,,,,,,,,,,,,,,,,,,,,,,,,,,
528,Claire Attridge,Jasmin Schuster,BMSC26,Hosie South,48.9071,-125.03701,22/04/2026,1,SW,12:32,CMA,9.8,2,2,cpap,Crossaster papposus,Rose seastar,0,1,,,,,,,,,,,,,,,,,,,,,,,,,,,,,,,,,,,,,,,,,,,,,,,,
529,Claire Attridge,Jasmin Schuster,BMSC26,Hosie South,48.9071,-125.03701,22/04/2026,1,SW,12:32,CMA,9.8,2,2,etr,Evasterias troschelii,Mottled starfish,0,3,,,,,,,,,,,,,,,,,,,,,,,,,,,,,,,,,,,,,,,,,,,,,,,,
530,Claire Attridge,Jasmin Schuster,BMSC26,Hosie South,48.9071,-125.03701,22/04/2026,1,SW,12:32,CMA,9.8,2,2,dod,Doris odhneri,White night doris,0,1,,,,,,,,,,,,,,,,,,,,,,,,,,,,,,,,,,,,,,,,,,,,,,,,
531,Claire Attridge,Jasmin Schuster,BMSC26,Hosie South,48.9071,-125.03701,22/04/2026,1,SW,12:32,CMA,9.8,2,2,ptr,Polycera tricolor,Tricolour nudibranch,0,2,,,,,,,,,,,,,,,,,,,,,,,,,,,,,,,,,,,,,,,,,,,,,,,,
532,Claire Attridge,Jasmin Schuster,BMSC26,Hosie South,48.9071,-125.03701,22/04/2026,1,SW,12:32,CMA,9.8,2,2,acal,Apostichopus californicus,Californian sea cucumber,0,7,,,,,,,,,,,,,,,,,,,,,,,,,,,,,,,,,,,,,,,,,,,,,,,,
533,Claire Attridge,Jasmin Schuster,BMSC26,Hosie South,48.9071,-125.03701,22/04/2026,1,SW,12:32,CMA,9.8,2,2,cha,Chlamys hastata,Spear scallop,0,1,,,,,,,,,,,,,,,,,,,,,,,,,,,,,,,,,,,,,,,,,,,,,,,,
534,Claire Attridge,Jasmin Schuster,BMSC26,Hosie South,48.9071,-125.03701,22/04/2026,1,SW,12:32,CMA,9.8,2,2,clon,Coryphella longicaudata,Red-fingered Coryphella,0,1,,,,,,,,,,,,,,,,,,,,,,,,,,,,,,,,,,,,,,,,,,,,,,,,
535,Claire Attridge,Jasmin Schuster,BMSC26,Hosie South,48.9071,-125.03701,22/04/2026,1,SW,12:32,CMA,9.8,2,2,henricia,Henricia spp.,Unidentified blood star,0,2,,,,,,,,,,,,,,,,,,,,,,,,,,,,,,,,,,,,,,,,,,,,,,,,
536,Claire Attridge,Jasmin Schuster,BMSC26,Hosie South,48.9071,-125.03701,22/04/2026,1,SW,12:32,CMA,9.8,2,2,mfr,Mesocentrotus franciscanus,Red sea urchin,0,2,,,,,,,,,,,,,,,,,,,,,,,,,,,,,,,,,,,,,,,,,,,,,,,,
537,Claire Attridge,Jasmin Schuster,BMSC26,Hosie South,48.9071,-125.03701,22/04/2026,1,SW,12:32,CMA,9.8,2,2,ami,Acmaea mitra,Whitecap limpet,0,2,,,,,,,,,,,,,,,,,,,,,,,,,,,,,,,,,,,,,,,,,,,,,,,,
538,Claire Attridge,Jasmin Schuster,BMSC26,Hosie South,48.9071,-125.03701,22/04/2026,1,SW,12:32,CMA,9.8,2,2,hcr,Hermissenda crassicornis,Opalescent nudibranch,0,2,,,,,,,,,,,,,,,,,,,,,,,,,,,,,,,,,,,,,,,,,,,,,,,,
539,Claire Attridge,Jasmin Schuster,BMSC26,Hosie South,48.9071,-125.03701,22/04/2026,1,SW,12:32,CMA,9.8,2,2,cmo,Cadlina modesta,Modest cadlina nudibranch,0,2,,,,,,,,,,,,,,,,,,,,,,,,,,,,,,,,,,,,,,,,,,,,,,,,
540,Claire Attridge,Jasmin Schuster,BMSC26,Hosie South,48.9071,-125.03701,22/04/2026,1,SW,12:32,CMA,9.8,2,2,lco,Limacia cockerelli,Cockerell's dorid,0,1,,,,,,,,,,,,,,,,,,,,,,,,,,,,,,,,,,,,,,,,,,,,,,,,
541,Claire Attridge,Jasmin Schuster,BMSC26,Hosie South,48.9071,-125.03701,22/04/2026,1,SW,12:32,CMA,9.8,2,2,cfo,Ceratostoma foliatum,Leafy hornmouth,0,1,,,,,,,,,,,,,,,,,,,,,,,,,,,,,,,,,,,,,,,,,,,,,,,,
542,Claire Attridge,Jasmin Schuster,BMSC26,Hosie South,48.9071,-125.03701,22/04/2026,1,SW,12:32,CMA,9.8,0,2,sca,Sebastes caurinus,Copper rockfish,0,0,,,,,,,,,,1,,,,,,,,,,,,,,,,,,,,,,,,,,,,,,,,,,,,,,
543,Claire Attridge,Jasmin Schuster,BMSC20,Ed King East,48.83567,-125.2148,23/04/2026,3,NW,9:50,CMA,8.5,1,2,hde,Hexagrammos decagrammus,Kelp greenling,0,0,,,,,,1,3,3,2,,,,,,,,,,,,,,,,,,,,,,,,,,,,,,,,,,,,,,,
544,Claire Attridge,Jasmin Schuster,BMSC20,Ed King East,48.83567,-125.2148,23/04/2026,3,NW,9:50,CMA,8.5,1,2,sca,Sebastes caurinus,Copper rockfish,4,0,,,,,,,,2,2,,,,,,,,,,,,,,,,,,,,,,,,,,,,,,,,,,,,,,,
545,Claire Attridge,Jasmin Schuster,BMSC20,Ed King East,48.83567,-125.2148,23/04/2026,3,NW,9:50,CMA,8.5,2,2,mfr,Mesocentrotus franciscanus,Red sea urchin,248,248,,,,,,,,,,,,,,,,,,,,,,,,,,,,,,,,,,,,,,,,,,,,,,,,
546,Claire Attridge,Jasmin Schuster,BMSC20,Ed King East,48.83567,-125.2148,23/04/2026,3,NW,9:50,CMA,8.5,2,2,pmi,Patiria miniata,Bat star,53,53,,,,,,,,,,,,,,,,,,,,,,,,,,,,,,,,,,,,,,,,,,,,,,,,
547,Claire Attridge,Jasmin Schuster,BMSC20,Ed King East,48.83567,-125.2148,23/04/2026,3,NW,9:50,CMA,8.5,2,2,spur,Strongylocentrotus purpuratus,Purple sea urchin,14,14,,,,,,,,,,,,,,,,,,,,,,,,,,,,,,,,,,,,,,,,,,,,,,,,
548,Claire Attridge,Jasmin Schuster,BMSC20,Ed King East,48.83567,-125.2148,23/04/2026,3,NW,9:50,CMA,8.5,2,2,cfo,Ceratostoma foliatum,Leafy hornmouth,5,5,,,,,,,,,,,,,,,,,,,,,,,,,,,,,,,,,,,,,,,,,,,,,,,,
549,Claire Attridge,Jasmin Schuster,BMSC20,Ed King East,48.83567,-125.2148,23/04/2026,3,NW,9:50,CMA,8.5,2,2,ami,Acmaea mitra,Whitecap limpet,7,7,,,,,,,,,,,,,,,,,,,,,,,,,,,,,,,,,,,,,,,,,,,,,,,,
550,Claire Attridge,Jasmin Schuster,BMSC20,Ed King East,48.83567,-125.2148,23/04/2026,3,NW,9:50,CMA,8.5,2,2,phe,Pagurus hemphilli,Maroon hermit,92,92,,,,,,,,,,,,,,,,,,,,,,,,,,,,,,,,,,,,,,,,,,,,,,,,
551,Claire Attridge,Jasmin Schuster,BMSC20,Ed King East,48.83567,-125.2148,23/04/2026,3,NW,9:50,CMA,8.5,2,2,henricia,Henricia spp.,Unidentified blood star,1,1,,,,,,,,,,,,,,,,,,,,,,,,,,,,,,,,,,,,,,,,,,,,,,,,
552,Claire Attridge,Jasmin Schuster,BMSC20,Ed King East,48.83567,-125.2148,23/04/2026,3,NW,9:50,CMA,8.5,2,2,dim,Dermasterias imbricata,Leather star,5,5,,,,,,,,,,,,,,,,,,,,,,,,,,,,,,,,,,,,,,,,,,,,,,,,
553,Claire Attridge,Jasmin Schuster,BMSC20,Ed King East,48.83567,-125.2148,23/04/2026,3,NW,9:50,CMA,8.5,2,2,sac,Scyra acutifrons,Sharpnose crab,1,1,,,,,,,,,,,,,,,,,,,,,,,,,,,,,,,,,,,,,,,,,,,,,,,,
554,Claire Attridge,Jasmin Schuster,BMSC20,Ed King East,48.83567,-125.2148,23/04/2026,3,NW,9:50,CMA,8.5,2,2,pbe,Pagurus beringanus,Hermit crab,5,5,,,,,,,,,,,,,,,,,,,,,,,,,,,,,,,,,,,,,,,,,,,,,,,,
555,Claire Attridge,Jasmin Schuster,BMSC20,Ed King East,48.83567,-125.2148,23/04/2026,3,NW,9:50,CMA,8.5,2,2,cpr,Cancer productus,Red rock crab,2,2,,,,,,,,,,,,,,,,,,,,,,,,,,,,,,,,,,,,,,,,,,,,,,,,
556,Claire Attridge,Jasmin Schuster,BMSC20,Ed King East,48.83567,-125.2148,23/04/2026,3,NW,9:50,CMA,8.5,2,2,poc,Pisaster ochraceus,Purple sea star,4,4,,,,,,,,,,,,,,,,,,,,,,,,,,,,,,,,,,,,,,,,,,,,,,,,
557,Claire Attridge,Jasmin Schuster,BMSC20,Ed King East,48.83567,-125.2148,23/04/2026,3,NW,9:50,CMA,8.5,2,2,oko,Orthasterias koehleri,Rainbow star,6,6,,,,,,,,,,,,,,,,,,,,,,,,,,,,,,,,,,,,,,,,,,,,,,,,
558,Claire Attridge,Jasmin Schuster,BMSC20,Ed King East,48.83567,-125.2148,23/04/2026,3,NW,9:50,CMA,8.5,2,2,acal,Apostichopus californicus,Californian sea cucumber,2,2,,,,,,,,,,,,,,,,,,,,,,,,,,,,,,,,,,,,,,,,,,,,,,,,
559,Claire Attridge,Jasmin Schuster,BMSC20,Ed King East,48.83567,-125.2148,23/04/2026,3,NW,9:50,CMA,8.5,2,2,aha,Artedius harringtoni,Scalyhead sculpin,1,0,,1,,,,,,,,,,,,,,,,,,,,,,,,,,,,,,,,,,,,,,,,,,,,,,
560,Claire Attridge,Jasmin Schuster,BMSC20,Ed King East,48.83567,-125.2148,23/04/2026,3,NW,9:50,CMA,8.5,2,2,rni,Rhinogobiops nicholsii,Blackeye goby,2,0,,1,1,,,,,,,,,,,,,,,,,,,,,,,,,,,,,,,,,,,,,,,,,,,,,
561,Claire Attridge,Jasmin Schuster,BMSC20,Ed King East,48.83567,-125.2148,23/04/2026,3,NW,9:50,CMA,8.5,2,2,ctr,Coryphella trilineata,Three-lined aeolid,1,1,,,,,,,,,,,,,,,,,,,,,,,,,,,,,,,,,,,,,,,,,,,,,,,,
562,Claire Attridge,Jasmin Schuster,BMSC20,Ed King East,48.83567,-125.2148,23/04/2026,3,NW,9:50,CMA,8.5,2,2,hka,Haliotis kamtschatkana,Pinto abalone,2,0,1,1,,,,,,,,,,,,,,,,,,,,,,,,,,,,,,,,,,,,,,,,,,,,,,
563,Claire Attridge,Jasmin Schuster,BMSC20,Ed King East,48.83567,-125.2148,23/04/2026,3,NW,9:50,CMA,8.5,2,2,das,Diodora aspera,Rough keyhole limpet,1,1,,,,,,,,,,,,,,,,,,,,,,,,,,,,,,,,,,,,,,,,,,,,,,,,
564,Claire Attridge,Jasmin Schuster,BMSC20,Ed King East,48.83567,-125.2148,23/04/2026,3,NW,9:50,CMA,8.5,2,2,pgi,Pomaulax gibberosus,Red turban shell,2,2,,,,,,,,,,,,,,,,,,,,,,,,,,,,,,,,,,,,,,,,,,,,,,,,
565,Claire Attridge,Jasmin Schuster,BMSC20,Ed King East,48.83567,-125.2148,23/04/2026,3,NW,9:50,CMA,8.5,0,2,opi,Oxylebius pictus,Painted greenling,1,0,,,,,1,,,,,,,,,,,,,,,,,,,,,,,,,,,,,,,,,,,,,,,,,,,
566,Claire Attridge,Jasmin Schuster,BMSC20,Ed King East,48.83567,-125.2148,23/04/2026,3,NW,9:50,CMA,8.5,0,2,oel,Ophiodon elongatus,Lingcod,1,0,,,,,,,,,,,1,,,,,,,,,,,,,,,,,,,,,,,,,,,,,,,,,,,,,
567,Claire Attridge,Jasmin Schuster,BMSC19,Ed King SW Pyramid,48.8286,-125.2213,23/04/2026,2,W,13:10,CMA,7.5,1,1,hde,Hexagrammos decagrammus,Kelp greenling,2,0,,,,,,,,,,2,,,,,,,,,,,,,,,,,,,,,,,,,,,,,,,,,,,,,,
568,Claire Attridge,Jasmin Schuster,BMSC19,Ed King SW Pyramid,48.8286,-125.2213,23/04/2026,2,W,13:10,CMA,7.5,1,1,sme,Sebastes melanops,Black rockfish,2,0,,,,,,,,,2,,,,,,,,,,,,,,,,,,,,,,,,,,,,,,,,,,,,,,,
569,Claire Attridge,Jasmin Schuster,BMSC19,Ed King SW Pyramid,48.8286,-125.2213,23/04/2026,2,W,13:10,CMA,7.5,2,1,owr,Opalia wroblewskyi,Wroblewski's Wentletrap,1,1,,,,,,,,,,,,,,,,,,,,,,,,,,,,,,,,,,,,,,,,,,,,,,,,
570,Claire Attridge,Jasmin Schuster,BMSC19,Ed King SW Pyramid,48.8286,-125.2213,23/04/2026,2,W,13:10,CMA,7.5,2,1,mfr,Mesocentrotus franciscanus,Red sea urchin,206,206,,,,,,,,,,,,,,,,,,,,,,,,,,,,,,,,,,,,,,,,,,,,,,,,
571,Claire Attridge,Jasmin Schuster,BMSC19,Ed King SW Pyramid,48.8286,-125.2213,23/04/2026,2,W,13:10,CMA,7.5,2,1,poc,Pisaster ochraceus,Purple sea star,10,10,,,,,,,,,,,,,,,,,,,,,,,,,,,,,,,,,,,,,,,,,,,,,,,,
572,Claire Attridge,Jasmin Schuster,BMSC19,Ed King SW Pyramid,48.8286,-125.2213,23/04/2026,2,W,13:10,CMA,7.5,2,1,das,Diodora aspera,Rough keyhole limpet,5,5,,,,,,,,,,,,,,,,,,,,,,,,,,,,,,,,,,,,,,,,,,,,,,,,
573,Claire Attridge,Jasmin Schuster,BMSC19,Ed King SW Pyramid,48.8286,-125.2213,23/04/2026,2,W,13:10,CMA,7.5,2,1,dim,Dermasterias imbricata,Leather star,7,7,,,,,,,,,,,,,,,,,,,,,,,,,,,,,,,,,,,,,,,,,,,,,,,,
574,Claire Attridge,Jasmin Schuster,BMSC19,Ed King SW Pyramid,48.8286,-125.2213,23/04/2026,2,W,13:10,CMA,7.5,2,1,pmi,Patiria miniata,Bat star,61,61,,,,,,,,,,,,,,,,,,,,,,,,,,,,,,,,,,,,,,,,,,,,,,,,
575,Claire Attridge,Jasmin Schuster,BMSC19,Ed King SW Pyramid,48.8286,-125.2213,23/04/2026,2,W,13:10,CMA,7.5,2,1,ami,Acmaea mitra,Whitecap limpet,3,3,,,,,,,,,,,,,,,,,,,,,,,,,,,,,,,,,,,,,,,,,,,,,,,,
576,Claire Attridge,Jasmin Schuster,BMSC19,Ed King SW Pyramid,48.8286,-125.2213,23/04/2026,2,W,13:10,CMA,7.5,2,1,oko,Orthasterias koehleri,Rainbow star,9,9,,,,,,,,,,,,,,,,,,,,,,,,,,,,,,,,,,,,,,,,,,,,,,,,
577,Claire Attridge,Jasmin Schuster,BMSC19,Ed King SW Pyramid,48.8286,-125.2213,23/04/2026,2,W,13:10,CMA,7.5,2,1,pbe,Pagurus beringanus,Hermit crab,10,10,,,,,,,,,,,,,,,,,,,,,,,,,,,,,,,,,,,,,,,,,,,,,,,,
578,Claire Attridge,Jasmin Schuster,BMSC19,Ed King SW Pyramid,48.8286,-125.2213,23/04/2026,2,W,13:10,CMA,7.5,2,1,pachycheles,Pachycheles spp.,,3,3,,,,,,,,,,,,,,,,,,,,,,,,,,,,,,,,,,,,,,,,,,,,,,,,
579,Claire Attridge,Jasmin Schuster,BMSC19,Ed King SW Pyramid,48.8286,-125.2213,23/04/2026,2,W,13:10,CMA,7.5,2,1,cfo,Ceratostoma foliatum,Leafy hornmouth,5,5,,,,,,,,,,,,,,,,,,,,,,,,,,,,,,,,,,,,,,,,,,,,,,,,
580,Claire Attridge,Jasmin Schuster,BMSC19,Ed King SW Pyramid,48.8286,-125.2213,23/04/2026,2,W,13:10,CMA,7.5,2,1,sac,Scyra acutifrons,Sharpnose crab,5,5,,,,,,,,,,,,,,,,,,,,,,,,,,,,,,,,,,,,,,,,,,,,,,,,
581,Claire Attridge,Jasmin Schuster,BMSC19,Ed King SW Pyramid,48.8286,-125.2213,23/04/2026,2,W,13:10,CMA,7.5,2,1,dmo,Doris montereyensis,Monterey sea lemon,1,1,,,,,,,,,,,,,,,,,,,,,,,,,,,,,,,,,,,,,,,,,,,,,,,,
582,Claire Attridge,Jasmin Schuster,BMSC19,Ed King SW Pyramid,48.8286,-125.2213,23/04/2026,2,W,13:10,CMA,7.5,2,1,rni,Rhinogobiops nicholsii,Blackeye goby,1,0,,1,,,,,,,,,,,,,,,,,,,,,,,,,,,,,,,,,,,,,,,,,,,,,,
583,Claire Attridge,Jasmin Schuster,BMSC19,Ed King SW Pyramid,48.8286,-125.2213,23/04/2026,2,W,13:10,CMA,7.5,2,1,acal,Apostichopus californicus,Californian sea cucumber,14,14,,,,,,,,,,,,,,,,,,,,,,,,,,,,,,,,,,,,,,,,,,,,,,,,
584,Claire Attridge,Jasmin Schuster,BMSC19,Ed King SW Pyramid,48.8286,-125.2213,23/04/2026,2,W,13:10,CMA,7.5,2,1,pgi,Pomaulax gibberosus,Red turban shell,2,2,,,,,,,,,,,,,,,,,,,,,,,,,,,,,,,,,,,,,,,,,,,,,,,,
585,Claire Attridge,Jasmin Schuster,BMSC19,Ed King SW Pyramid,48.8286,-125.2213,23/04/2026,2,W,13:10,CMA,7.5,2,1,phe,Pagurus hemphilli,Maroon hermit,27,27,,,,,,,,,,,,,,,,,,,,,,,,,,,,,,,,,,,,,,,,,,,,,,,,
586,Claire Attridge,Jasmin Schuster,BMSC19,Ed King SW Pyramid,48.8286,-125.2213,23/04/2026,2,W,13:10,CMA,7.5,2,1,henricia,Henricia spp.,Unidentified blood star,3,3,,,,,,,,,,,,,,,,,,,,,,,,,,,,,,,,,,,,,,,,,,,,,,,,
587,Claire Attridge,Jasmin Schuster,BMSC19,Ed King SW Pyramid,48.8286,-125.2213,23/04/2026,2,W,13:10,CMA,7.5,2,1,spur,Strongylocentrotus purpuratus,Purple sea urchin,4,4,,,,,,,,,,,,,,,,,,,,,,,,,,,,,,,,,,,,,,,,,,,,,,,,
588,Claire Attridge,Jasmin Schuster,BMSC19,Ed King SW Pyramid,48.8286,-125.2213,23/04/2026,2,W,13:10,CMA,7.5,2,1,hka,Haliotis kamtschatkana,Pinto abalone,18,0,9,8,1,,,,,,,,,,,,,,,,,,,,,,,,,,,,,,,,,,,,,,,,,,,,,
589,Claire Attridge,Jasmin Schuster,BMSC19,Ed King SW Pyramid,48.8286,-125.2213,23/04/2026,2,W,13:10,CMA,7.5,2,1,cste,Cryptochiton stelleri,Gumboot chiton,2,2,,,,,,,,,,,,,,,,,,,,,,,,,,,,,,,,,,,,,,,,,,,,,,,,
590,Claire Attridge,Jasmin Schuster,BMSC19,Ed King SW Pyramid,48.8286,-125.2213,23/04/2026,2,W,13:10,CMA,7.5,2,1,jzo,Jordania zonope,Longfin sculpin,1,0,,,1,,,,,,,,,,,,,,,,,,,,,,,,,,,,,,,,,,,,,,,,,,,,,
591,Claire Attridge,Jasmin Schuster,BMSC19,Ed King SW Pyramid,48.8286,-125.2213,23/04/2026,2,W,13:10,CMA,7.5,2,1,sdr,Strongylocentrotus droebachiensis,Northern sea urchin,2,2,,,,,,,,,,,,,,,,,,,,,,,,,,,,,,,,,,,,,,,,,,,,,,,,
592,Claire Attridge,Jasmin Schuster,BMSC19,Ed King SW Pyramid,48.8286,-125.2213,23/04/2026,2,W,13:10,CMA,7.5,0,1,opi,Oxylebius pictus,Painted greenling,1,0,,,,1,,,,,,,,,,,,,,,,,,,,,,,,,,,,,,,,,,,,,,,,,,,,
593,Claire Attridge,Jasmin Schuster,BMSC24,Swiss Boy,48.91607,-125.13117,24/04/2026,2.5,NE,10:00,CMA,10,1,1,hde,Hexagrammos decagrammus,Kelp greenling,4,0,,,,,,,1,,2,1,,,,,,,,,,,,,,,,,,,,,,,,,,,,,,,,,,,,,,
594,Claire Attridge,Jasmin Schuster,BMSC24,Swiss Boy,48.91607,-125.13117,24/04/2026,2.5,NE,10:00,CMA,10,1,1,sme,Sebastes melanops,Black rockfish,6,0,,,,,,,,,3,3,,,,,,,,,,,,,,,,,,,,,,,,,,,,,,,,,,,,,,
595,Claire Attridge,Jasmin Schuster,BMSC24,Swiss Boy,48.91607,-125.13117,24/04/2026,2.5,NE,10:00,CMA,10,1,1,ela,Embiotoca lateralis,Striped seaperch,25,0,,,,8,11,4,2,,,,,,,,,,,,,,,,,,,,,,,,,,,,,,,,,,,,,,,,,
596,Claire Attridge,Jasmin Schuster,BMSC24,Swiss Boy,48.91607,-125.13117,24/04/2026,2.5,NE,10:00,CMA,10,1,1,sca,Sebastes caurinus,Copper rockfish,1,0,,,,,,,,,,1,,,,,,,,,,,,,,,,,,,,,,,,,,,,,,,,,,,,,,
597,Claire Attridge,Jasmin Schuster,BMSC24,Swiss Boy,48.91607,-125.13117,24/04/2026,2.5,NE,10:00,CMA,10,1,1,oel,Ophiodon elongatus,Lingcod,1,0,,,,,,,,,,,,,,1,,,,,,,,,,,,,,,,,,,,,,,,,,,,,,,,,,
598,Claire Attridge,Jasmin Schuster,BMSC24,Swiss Boy,48.91607,-125.13117,24/04/2026,2.5,NE,10:00,CMA,10,1,1,rva,Rhacochilus vacca,Pile perch,6,0,,,,3,1,2,,,,,,,,,,,,,,,,,,,,,,,,,,,,,,,,,,,,,,,,,,
599,Claire Attridge,Jasmin Schuster,BMSC24,Swiss Boy,48.91607,-125.13117,24/04/2026,2.5,NE,10:00,CMA,10,2,1,mfr,Mesocentrotus franciscanus,Red sea urchin,178,178,,,,,,,,,,,,,,,,,,,,,,,,,,,,,,,,,,,,,,,,,,,,,,,,
600,Claire Attridge,Jasmin Schuster,BMSC24,Swiss Boy,48.91607,-125.13117,24/04/2026,2.5,NE,10:00,CMA,10,2,1,das,Diodora aspera,Rough keyhole limpet,7,7,,,,,,,,,,,,,,,,,,,,,,,,,,,,,,,,,,,,,,,,,,,,,,,,
601,Claire Attridge,Jasmin Schuster,BMSC24,Swiss Boy,48.91607,-125.13117,24/04/2026,2.5,NE,10:00,CMA,10,2,1,pmi,Patiria miniata,Bat star,41,41,,,,,,,,,,,,,,,,,,,,,,,,,,,,,,,,,,,,,,,,,,,,,,,,
602,Claire Attridge,Jasmin Schuster,BMSC24,Swiss Boy,48.91607,-125.13117,24/04/2026,2.5,NE,10:00,CMA,10,2,1,pgi,Pomaulax gibberosus,Red turban shell,24,24,,,,,,,,,,,,,,,,,,,,,,,,,,,,,,,,,,,,,,,,,,,,,,,,
603,Claire Attridge,Jasmin Schuster,BMSC24,Swiss Boy,48.91607,-125.13117,24/04/2026,2.5,NE,10:00,CMA,10,2,1,phe,Pagurus hemphilli,Maroon hermit,44,44,,,,,,,,,,,,,,,,,,,,,,,,,,,,,,,,,,,,,,,,,,,,,,,,
604,Claire Attridge,Jasmin Schuster,BMSC24,Swiss Boy,48.91607,-125.13117,24/04/2026,2.5,NE,10:00,CMA,10,2,1,cfo,Ceratostoma foliatum,Leafy hornmouth,21,21,,,,,,,,,,,,,,,,,,,,,,,,,,,,,,,,,,,,,,,,,,,,,,,,
605,Claire Attridge,Jasmin Schuster,BMSC24,Swiss Boy,48.91607,-125.13117,24/04/2026,2.5,NE,10:00,CMA,10,2,1,ami,Acmaea mitra,Whitecap limpet,5,5,,,,,,,,,,,,,,,,,,,,,,,,,,,,,,,,,,,,,,,,,,,,,,,,
606,Claire Attridge,Jasmin Schuster,BMSC24,Swiss Boy,48.91607,-125.13117,24/04/2026,2.5,NE,10:00,CMA,10,2,1,acal,Apostichopus californicus,Californian sea cucumber,10,10,,,,,,,,,,,,,,,,,,,,,,,,,,,,,,,,,,,,,,,,,,,,,,,,
607,Claire Attridge,Jasmin Schuster,BMSC24,Swiss Boy,48.91607,-125.13117,24/04/2026,2.5,NE,10:00,CMA,10,2,1,dim,Dermasterias imbricata,Leather star,13,13,,,,,,,,,,,,,,,,,,,,,,,,,,,,,,,,,,,,,,,,,,,,,,,,
608,Claire Attridge,Jasmin Schuster,BMSC24,Swiss Boy,48.91607,-125.13117,24/04/2026,2.5,NE,10:00,CMA,10,2,1,oko,Orthasterias koehleri,Rainbow star,9,9,,,,,,,,,,,,,,,,,,,,,,,,,,,,,,,,,,,,,,,,,,,,,,,,
609,Claire Attridge,Jasmin Schuster,BMSC24,Swiss Boy,48.91607,-125.13117,24/04/2026,2.5,NE,10:00,CMA,10,2,1,jzo,Jordania zonope,Longfin sculpin,8,0,,5,3,,,,,,,,,,,,,,,,,,,,,,,,,,,,,,,,,,,,,,,,,,,,,
610,Claire Attridge,Jasmin Schuster,BMSC24,Swiss Boy,48.91607,-125.13117,24/04/2026,2.5,NE,10:00,CMA,10,2,1,ppa,Phyllolithodes papillosus,Heart crab,2,2,,,,,,,,,,,,,,,,,,,,,,,,,,,,,,,,,,,,,,,,,,,,,,,,
611,Claire Attridge,Jasmin Schuster,BMSC24,Swiss Boy,48.91607,-125.13117,24/04/2026,2.5,NE,10:00,CMA,10,2,1,sac,Scyra acutifrons,Sharpnose crab,49,49,,,,,,,,,,,,,,,,,,,,,,,,,,,,,,,,,,,,,,,,,,,,,,,,
612,Claire Attridge,Jasmin Schuster,BMSC24,Swiss Boy,48.91607,-125.13117,24/04/2026,2.5,NE,10:00,CMA,10,2,1,cgi,Crassadoma gigantea,Purple-hinged rock scallop,3,0,,,1,2,,,,,,,,,,,,,,,,,,,,,,,,,,,,,,,,,,,,,,,,,,,,
613,Claire Attridge,Jasmin Schuster,BMSC24,Swiss Boy,48.91607,-125.13117,24/04/2026,2.5,NE,10:00,CMA,10,2,1,hka,Haliotis kamtschatkana,Pinto abalone,27,0,18,8,1,,,,,,,,,,,,,,,,,,,,,,,,,,,,,,,,,,,,,,,,,,,,,
614,Claire Attridge,Jasmin Schuster,BMSC24,Swiss Boy,48.91607,-125.13117,24/04/2026,2.5,NE,10:00,CMA,10,2,1,hcr,Hermissenda crassicornis,Opalescent nudibranch,1,1,,,,,,,,,,,,,,,,,,,,,,,,,,,,,,,,,,,,,,,,,,,,,,,,
615,Claire Attridge,Jasmin Schuster,BMSC24,Swiss Boy,48.91607,-125.13117,24/04/2026,2.5,NE,10:00,CMA,10,2,1,henricia,Henricia spp.,Unidentified blood star,2,2,,,,,,,,,,,,,,,,,,,,,,,,,,,,,,,,,,,,,,,,,,,,,,,,
616,Claire Attridge,Jasmin Schuster,BMSC24,Swiss Boy,48.91607,-125.13117,24/04/2026,2.5,NE,10:00,CMA,10,2,1,pbe,Pagurus beringanus,Hermit crab,1,1,,,,,,,,,,,,,,,,,,,,,,,,,,,,,,,,,,,,,,,,,,,,,,,,
617,Claire Attridge,Jasmin Schuster,BMSC24,Swiss Boy,48.91607,-125.13117,24/04/2026,2.5,NE,10:00,CMA,10,2,1,tfe,Tritonia festiva,Diamondback tritonia,1,1,,,,,,,,,,,,,,,,,,,,,,,,,,,,,,,,,,,,,,,,,,,,,,,,
618,Claire Attridge,Jasmin Schuster,BMSC24,Swiss Boy,48.91607,-125.13117,24/04/2026,2.5,NE,10:00,CMA,10,2,1,aha,Artedius harringtoni,Scalyhead sculpin,1,0,1,,,,,,,,,,,,,,,,,,,,,,,,,,,,,,,,,,,,,,,,,,,,,,,
619,Claire Attridge,Jasmin Schuster,BMSC24,Swiss Boy,48.91607,-125.13117,24/04/2026,2.5,NE,10:00,CMA,10,2,1,pachycheles,Pachycheles spp.,,4,4,,,,,,,,,,,,,,,,,,,,,,,,,,,,,,,,,,,,,,,,,,,,,,,,
620,Claire Attridge,Jasmin Schuster,BMSC24,Swiss Boy,48.91607,-125.13117,24/04/2026,2.5,NE,10:00,CMA,10,2,1,rni,Rhinogobiops nicholsii,Blackeye goby,5,0,,2,3,,,,,,,,,,,,,,,,,,,,,,,,,,,,,,,,,,,,,,,,,,,,,
621,Claire Attridge,Jasmin Schuster,BMSC24,Swiss Boy,48.91607,-125.13117,24/04/2026,2.5,NE,10:00,CMA,10,2,1,hhe,Hemilepidotus hemilepidotus,Red Irish lord,1,0,,,,1,,,,,,,,,,,,,,,,,,,,,,,,,,,,,,,,,,,,,,,,,,,,
622,Claire Attridge,Jasmin Schuster,BMSC24,Swiss Boy,48.91607,-125.13117,24/04/2026,2.5,NE,10:00,CMA,10,2,1,poc,Pisaster ochraceus,Purple sea star,62,62,,,,,,,,,,,,,,,,,,,,,,,,,,,,,,,,,,,,,,,,,,,,,,,,
623,Claire Attridge,Jasmin Schuster,BMSC24,Swiss Boy,48.91607,-125.13117,24/04/2026,2.5,NE,10:00,CMA,10,2,1,etr,Evasterias troschelii,Mottled starfish,1,1,,,,,,,,,,,,,,,,,,,,,,,,,,,,,,,,,,,,,,,,,,,,,,,,
624,Claire Attridge,Jasmin Schuster,BMSC24,Swiss Boy,48.91607,-125.13117,24/04/2026,2.5,NE,10:00,CMA,10,0,1,sfl,Sebastes flavidus,Yellowtail rockfish,1,0,,,,,,,,1,,,,,,,,,,,,,,,,,,,,,,,,,,,,,,,,,,,,,,,,
625,Isabelle Cote,Jasmin Schuster,BMSC23,Aguilar Point,48.83758,-125.14414,13/04/2026,1,NE,10:48,IMC,7,1,2,hde,Hexagrammos decagrammus,Kelp greenling,2,0,,,,,1,1,,,,,,,,,,,,,,,,,,,,,,,,,,,,,,,,,,,,,,,,,,
626,Isabelle Cote,Jasmin Schuster,BMSC23,Aguilar Point,48.83758,-125.14414,13/04/2026,1,NE,10:48,IMC,7,2,2,mfr,Mesocentrotus franciscanus,Red sea urchin,264,264,,,,,,,,,,,,,,,,,,,,,,,,,,,,,,,,,,,,,,,,,,,,,,,,
627,Isabelle Cote,Jasmin Schuster,BMSC23,Aguilar Point,48.83758,-125.14414,13/04/2026,1,NE,10:48,IMC,7,2,2,spur,Strongylocentrotus purpuratus,Purple sea urchin,22,22,,,,,,,,,,,,,,,,,,,,,,,,,,,,,,,,,,,,,,,,,,,,,,,,
628,Isabelle Cote,Jasmin Schuster,BMSC23,Aguilar Point,48.83758,-125.14414,13/04/2026,1,NE,10:48,IMC,7,2,2,pmi,Patiria miniata,Bat star,7,7,,,,,,,,,,,,,,,,,,,,,,,,,,,,,,,,,,,,,,,,,,,,,,,,
629,Isabelle Cote,Jasmin Schuster,BMSC23,Aguilar Point,48.83758,-125.14414,13/04/2026,1,NE,10:48,IMC,7,2,2,cgi,Crassadoma gigantea,Purple-hinged rock scallop,7,0,,2,1,1,1,2,,,,,,,,,,,,,,,,,,,,,,,,,,,,,,,,,,,,,,,,,,
630,Isabelle Cote,Jasmin Schuster,BMSC23,Aguilar Point,48.83758,-125.14414,13/04/2026,1,NE,10:48,IMC,7,2,2,poc,Pisaster ochraceus,Purple sea star,6,6,,,,,,,,,,,,,,,,,,,,,,,,,,,,,,,,,,,,,,,,,,,,,,,,
631,Isabelle Cote,Jasmin Schuster,BMSC23,Aguilar Point,48.83758,-125.14414,13/04/2026,1,NE,10:48,IMC,7,2,2,ami,Acmaea mitra,Whitecap limpet,13,13,,,,,,,,,,,,,,,,,,,,,,,,,,,,,,,,,,,,,,,,,,,,,,,,
632,Isabelle Cote,Jasmin Schuster,BMSC23,Aguilar Point,48.83758,-125.14414,13/04/2026,1,NE,10:48,IMC,7,2,2,hka,Haliotis kamtschatkana,Pinto abalone,32,0,5,17,7,3,,,,,,,,,,,,,,,,,,,,,,,,,,,,,,,,,,,,,,,,,,,,
633,Isabelle Cote,Jasmin Schuster,BMSC23,Aguilar Point,48.83758,-125.14414,13/04/2026,1,NE,10:48,IMC,7,2,2,dim,Dermasterias imbricata,Leather star,16,16,,,,,,,,,,,,,,,,,,,,,,,,,,,,,,,,,,,,,,,,,,,,,,,,
634,Isabelle Cote,Jasmin Schuster,BMSC23,Aguilar Point,48.83758,-125.14414,13/04/2026,1,NE,10:48,IMC,7,2,2,henricia,Henricia spp.,0,2,2,,,,,,,,,,,,,,,,,,,,,,,,,,,,,,,,,,,,,,,,,,,,,,,,
635,Isabelle Cote,Jasmin Schuster,BMSC23,Aguilar Point,48.83758,-125.14414,13/04/2026,1,NE,10:48,IMC,7,2,2,cfo,Ceratostoma foliatum,Leafy hornmouth,32,32,,,,,,,,,,,,,,,,,,,,,,,,,,,,,,,,,,,,,,,,,,,,,,,,
636,Isabelle Cote,Jasmin Schuster,BMSC23,Aguilar Point,48.83758,-125.14414,13/04/2026,1,NE,10:48,IMC,7,2,2,pla,Pholis laeta,Crescent gunnel,1,0,,,1,,,,,,,,,,,,,,,,,,,,,,,,,,,,,,,,,,,,,,,,,,,,,
637,Isabelle Cote,Jasmin Schuster,BMSC23,Aguilar Point,48.83758,-125.14414,13/04/2026,1,NE,10:48,IMC,7,2,2,acal,Apostichopus californicus,Californian sea cucumber,23,23,,,,,,,,,,,,,,,,,,,,,,,,,,,,,,,,,,,,,,,,,,,,,,,,
638,Isabelle Cote,Jasmin Schuster,BMSC23,Aguilar Point,48.83758,-125.14414,13/04/2026,1,NE,10:48,IMC,7,2,2,oko,Orthasterias koehleri,Rainbow star,2,2,,,,,,,,,,,,,,,,,,,,,,,,,,,,,,,,,,,,,,,,,,,,,,,,
639,Isabelle Cote,Jasmin Schuster,BMSC23,Aguilar Point,48.83758,-125.14414,13/04/2026,1,NE,10:48,IMC,7,2,2,etr,Evasterias troschelii,Mottled starfish,1,1,,,,,,,,,,,,,,,,,,,,,,,,,,,,,,,,,,,,,,,,,,,,,,,,
640,Isabelle Cote,Jasmin Schuster,BMSC23,Aguilar Point,48.83758,-125.14414,13/04/2026,1,NE,10:48,IMC,7,2,2,pgi,Pomaulax gibberosus,Red turban shell,6,6,,,,,,,,,,,,,,,,,,,,,,,,,,,,,,,,,,,,,,,,,,,,,,,,
641,Isabelle Cote,Jasmin Schuster,BMSC23,Aguilar Point,48.83758,-125.14414,13/04/2026,1,NE,10:48,IMC,7,2,2,phe,Pagurus hemphilli,Maroon hermit,2,2,,,,,,,,,,,,,,,,,,,,,,,,,,,,,,,,,,,,,,,,,,,,,,,,
642,Isabelle Cote,Jasmin Schuster,BMSC23,Aguilar Point,48.83758,-125.14414,13/04/2026,1,NE,10:48,IMC,7,2,2,rni,Rhinogobiops nicholsii,Blackeye goby,1,0,,1,,,,,,,,,,,,,,,,,,,,,,,,,,,,,,,,,,,,,,,,,,,,,,
643,Isabelle Cote,Jasmin Schuster,BMSC23,Aguilar Point,48.83758,-125.14414,13/04/2026,1,NE,10:48,IMC,7,2,2,jzo,Jordania zonope,Longfin sculpin,2,0,1,1,,,,,,,,,,,,,,,,,,,,,,,,,,,,,,,,,,,,,,,,,,,,,,
644,Isabelle Cote,Jasmin Schuster,BMSC23,Aguilar Point,48.83758,-125.14414,13/04/2026,1,NE,10:48,IMC,7,2,2,aha,Artedius harringtoni,Scalyhead sculpin,1,0,1,,,,,,,,,,,,,,,,,,,,,,,,,,,,,,,,,,,,,,,,,,,,,,,
645,Isabelle Cote,Jasmin Schuster,BMSC23,Aguilar Point,48.83758,-125.14414,13/04/2026,1,NE,10:48,IMC,7,0,2,gor,Glebocarcinus oregonensis,Pygmy rock crab,9,9,,,,,,,,,,,,,,,,,,,,,,,,,,,,,,,,,,,,,,,,,,,,,,,,
646,Isabelle Cote,Jasmin Schuster,BMSC23,Aguilar Point,48.83758,-125.14414,13/04/2026,1,NE,10:48,IMC,7,0,2,sdr,Strongylocentrotus droebachiensis,Northern sea urchin,1,1,,,,,,,,,,,,,,,,,,,,,,,,,,,,,,,,,,,,,,,,,,,,,,,,
647,Isabelle Cote,Jasmin Schuster,BMSC23,Aguilar Point,48.83758,-125.14414,13/04/2026,1,NE,10:48,IMC,7,0,2,das,Diodora aspera,Rough keyhole limpet,4,4,,,,,,,,,,,,,,,,,,,,,,,,,,,,,,,,,,,,,,,,,,,,,,,,
648,Isabelle Cote,Jasmin Schuster,BMSC23,Aguilar Point,48.83758,-125.14414,13/04/2026,1,NE,10:48,IMC,7,0,2,pachycheles,Pachycheles spp.,,6,6,,,,,,,,,,,,,,,,,,,,,,,,,,,,,,,,,,,,,,,,,,,,,,,,
649,Isabelle Cote,Jasmin Schuster,BMSC23,Aguilar Point,48.83758,-125.14414,13/04/2026,1,NE,10:48,IMC,7,0,2,sca,Sebastes caurinus,Copper rockfish,1,0,,,,,,1,,,,,,,,,,,,,,,,,,,,,,,,,,,,,,,,,,,,,,,,,,
650,Isabelle Cote,Jasmin Schuster,BMSC23,Aguilar Point,48.83758,-125.14414,13/04/2026,1,NE,10:48,IMC,7,0,2,sme,Sebastes melanops,Black rockfish,1,0,,,,,,1,,,,,,,,,,,,,,,,,,,,,,,,,,,,,,,,,,,,,,,,,,
651,Isabelle Cote,Jasmin Schuster,BMSC23,Aguilar Point,48.83758,-125.14414,13/04/2026,1,NE,10:48,IMC,7,0,2,ala,Artedius lateralis,Smoothhead sculpin,1,0,1,,,,,,,,,,,,,,,,,,,,,,,,,,,,,,,,,,,,,,,,,,,,,,,
652,Isabelle Cote,Jasmin Schuster,BMSC23,Aguilar Point,48.83758,-125.14414,13/04/2026,1,NE,10:48,IMC,7,0,2,rri,Rhamphocottus richardsonii,Grunt sculpin,1,0,,1,,,,,,,,,,,,,,,,,,,,,,,,,,,,,,,,,,,,,,,,,,,,,,
653,Isabelle Cote,Jasmin Schuster,BMSC25,Goby Town,48.83859,-125.13501,13/04/2026,1.5,S,13:40,IMC,5.5,1,1,rni,Rhinogobiops nicholsii,Blackeye goby,2,0,,2,,,,,,,,,,,,,,,,,,,,,,,,,,,,,,,,,,,,,,,,,,,,,,
654,Isabelle Cote,Jasmin Schuster,BMSC25,Goby Town,48.83859,-125.13501,13/04/2026,1.5,S,13:40,IMC,5.5,2,1,mfr,Mesocentrotus franciscanus,Red sea urchin,96,96,,,,,,,,,,,,,,,,,,,,,,,,,,,,,,,,,,,,,,,,,,,,,,,,
655,Isabelle Cote,Jasmin Schuster,BMSC25,Goby Town,48.83859,-125.13501,13/04/2026,1.5,S,13:40,IMC,5.5,2,1,ami,Acmaea mitra,Whitecap limpet,48,48,,,,,,,,,,,,,,,,,,,,,,,,,,,,,,,,,,,,,,,,,,,,,,,,
656,Isabelle Cote,Jasmin Schuster,BMSC25,Goby Town,48.83859,-125.13501,13/04/2026,1.5,S,13:40,IMC,5.5,2,1,dim,Dermasterias imbricata,Leather star,3,3,,,,,,,,,,,,,,,,,,,,,,,,,,,,,,,,,,,,,,,,,,,,,,,,
657,Isabelle Cote,Jasmin Schuster,BMSC25,Goby Town,48.83859,-125.13501,13/04/2026,1.5,S,13:40,IMC,5.5,2,1,pgi,Pomaulax gibberosus,Red turban shell,4,4,,,,,,,,,,,,,,,,,,,,,,,,,,,,,,,,,,,,,,,,,,,,,,,,
658,Isabelle Cote,Jasmin Schuster,BMSC25,Goby Town,48.83859,-125.13501,13/04/2026,1.5,S,13:40,IMC,5.5,2,1,pmi,Patiria miniata,Bat star,20,20,,,,,,,,,,,,,,,,,,,,,,,,,,,,,,,,,,,,,,,,,,,,,,,,
659,Isabelle Cote,Jasmin Schuster,BMSC25,Goby Town,48.83859,-125.13501,13/04/2026,1.5,S,13:40,IMC,5.5,2,1,rni,Rhinogobiops nicholsii,Blackeye goby,41,0,11,19,11,,,,,,,,,,,,,,,,,,,,,,,,,,,,,,,,,,,,,,,,,,,,,
660,Isabelle Cote,Jasmin Schuster,BMSC25,Goby Town,48.83859,-125.13501,13/04/2026,1.5,S,13:40,IMC,5.5,2,1,acal,Apostichopus californicus,Californian sea cucumber,7,7,,,,,,,,,,,,,,,,,,,,,,,,,,,,,,,,,,,,,,,,,,,,,,,,
661,Isabelle Cote,Jasmin Schuster,BMSC25,Goby Town,48.83859,-125.13501,13/04/2026,1.5,S,13:40,IMC,5.5,2,1,phe,Pagurus hemphilli,Maroon hermit,2,2,,,,,,,,,,,,,,,,,,,,,,,,,,,,,,,,,,,,,,,,,,,,,,,,
662,Isabelle Cote,Jasmin Schuster,BMSC25,Goby Town,48.83859,-125.13501,13/04/2026,1.5,S,13:40,IMC,5.5,2,1,das,Diodora aspera,Rough keyhole limpet,4,4,,,,,,,,,,,,,,,,,,,,,,,,,,,,,,,,,,,,,,,,,,,,,,,,
663,Isabelle Cote,Jasmin Schuster,BMSC25,Goby Town,48.83859,-125.13501,13/04/2026,1.5,S,13:40,IMC,5.5,2,1,cgi,Crassadoma gigantea,Purple-hinged rock scallop,7,0,,,1,2,,4,,,,,,,,,,,,,,,,,,,,,,,,,,,,,,,,,,,,,,,,,,
664,Isabelle Cote,Jasmin Schuster,BMSC25,Goby Town,48.83859,-125.13501,13/04/2026,1.5,S,13:40,IMC,5.5,2,1,hka,Haliotis kamtschatkana,Pinto abalone,6,0,,2,4,,,,,,,,,,,,,,,,,,,,,,,,,,,,,,,,,,,,,,,,,,,,,
665,Isabelle Cote,Jasmin Schuster,BMSC25,Goby Town,48.83859,-125.13501,13/04/2026,1.5,S,13:40,IMC,5.5,2,1,cfo,Ceratostoma foliatum,Leafy hornmouth,5,5,,,,,,,,,,,,,,,,,,,,,,,,,,,,,,,,,,,,,,,,,,,,,,,,
666,Isabelle Cote,Jasmin Schuster,BMSC25,Goby Town,48.83859,-125.13501,13/04/2026,1.5,S,13:40,IMC,5.5,2,1,dsa,Diaulula sandiegensis,Ringed doris,3,3,,,,,,,,,,,,,,,,,,,,,,,,,,,,,,,,,,,,,,,,,,,,,,,,
667,Isabelle Cote,Jasmin Schuster,BMSC25,Goby Town,48.83859,-125.13501,13/04/2026,1.5,S,13:40,IMC,5.5,2,1,oko,Orthasterias koehleri,Rainbow star,2,2,,,,,,,,,,,,,,,,,,,,,,,,,,,,,,,,,,,,,,,,,,,,,,,,
668,Isabelle Cote,Jasmin Schuster,BMSC25,Goby Town,48.83859,-125.13501,13/04/2026,1.5,S,13:40,IMC,5.5,0,1,sma,Sebastes maliger,Quillback rockfish,1,0,,,,,1,,,,,,,,,,,,,,,,,,,,,,,,,,,,,,,,,,,,,,,,,,,
669,Isabelle Cote,Jasmin Schuster,BMSC25,Goby Town,48.83859,-125.13501,13/04/2026,1.5,S,13:40,IMC,5.5,2,1,ghe,Geitodoris heathi,Heath's dorid,1,1,,,,,,,,,,,,,,,,,,,,,,,,,,,,,,,,,,,,,,,,,,,,,,,,
670,Isabelle Cote,Jasmin Schuster,BMSC25,Goby Town,48.83859,-125.13501,13/04/2026,1.5,S,13:40,IMC,5.5,2,1,cha,Chlamys hastata,Spear scallop,1,0,1,,,,,,,,,,,,,,,,,,,,,,,,,,,,,,,,,,,,,,,,,,,,,,,
671,Isabelle Cote,Jasmin Schuster,BMSC25,Goby Town,48.83859,-125.13501,13/04/2026,1.5,S,13:40,IMC,5.5,2,1,gma,Gobiesox maeandricus,Northern clingfish,1,0,,,,,,1,,,,,,,,,,,,,,,,,,,,,,,,,,,,,,,,,,,,,,,,,,
672,Isabelle Cote,Jasmin Schuster,BMSC25,Goby Town,48.83859,-125.13501,13/04/2026,1.5,S,13:40,IMC,5.5,0,1,aha,Artedius harringtoni,Scalyhead sculpin,1,0,,1,,,,,,,,,,,,,,,,,,,,,,,,,,,,,,,,,,,,,,,,,,,,,,
673,Isabelle Cote,Jasmin Schuster,BMSC25,Goby Town,48.83859,-125.13501,13/04/2026,1.5,S,13:40,IMC,5.5,2,1,dem,Debris - Metal,Any metal debris,3,3,,,,,,,,,,,,,,,,,,,,,,,,,,,,,,,,,,,,,,,,,,,,,,,,
674,Isabelle Cote,Jasmin Schuster,BMSC25,Goby Town,48.83859,-125.13501,13/04/2026,1.5,S,13:40,IMC,5.5,2,1,dep,Debris - Plastic,Any plastic debris,1,0,,,,,,,,,,,,,,,,,,,,,,,,,,,,,,,,,,,,,,,,,,,,,,,,
675,Isabelle Cote,Jasmin Schuster,BMSC25,Goby Town,48.83859,-125.13501,13/04/2026,1.5,S,13:40,IMC,5.5,2,1,deg,Debris - Glass,Any glass debris,1,1,,,,,,,,,,,,,,,,,,,,,,,,,,,,,,,,,,,,,,,,,,,,,,,,
676,Isabelle Cote,Jasmin Schuster,BMSC5,Taylor Rock,48.82733,-125.1966,15/04/2026,1.5,E,9:38,IMC,7,2,1,mfr,Mesocentrotus franciscanus,Red sea urchin,278,278,,,,,,,,,,,,,,,,,,,,,,,,,,,,,,,,,,,,,,,,,,,,,,,,
677,Isabelle Cote,Jasmin Schuster,BMSC5,Taylor Rock,48.82733,-125.1966,15/04/2026,1.5,E,9:38,IMC,7,2,1,acal,Apostichopus californicus,Californian sea cucumber,13,13,,,,,,,,,,,,,,,,,,,,,,,,,,,,,,,,,,,,,,,,,,,,,,,,
678,Isabelle Cote,Jasmin Schuster,BMSC5,Taylor Rock,48.82733,-125.1966,15/04/2026,1.5,E,9:38,IMC,7,2,1,ami,Acmaea mitra,Whitecap limpet,13,13,,,,,,,,,,,,,,,,,,,,,,,,,,,,,,,,,,,,,,,,,,,,,,,,
679,Isabelle Cote,Jasmin Schuster,BMSC5,Taylor Rock,48.82733,-125.1966,15/04/2026,1.5,E,9:38,IMC,7,2,1,rni,Rhinogobiops nicholsii,Blackeye goby,2,0,1,1,,,,,,,,,,,,,,,,,,,,,,,,,,,,,,,,,,,,,,,,,,,,,,
680,Isabelle Cote,Jasmin Schuster,BMSC5,Taylor Rock,48.82733,-125.1966,15/04/2026,1.5,E,9:38,IMC,7,2,1,pgi,Pomaulax gibberosus,Red turban shell,59,59,,,,,,,,,,,,,,,,,,,,,,,,,,,,,,,,,,,,,,,,,,,,,,,,
681,Isabelle Cote,Jasmin Schuster,BMSC5,Taylor Rock,48.82733,-125.1966,15/04/2026,1.5,E,9:38,IMC,7,2,1,phe,Pagurus hemphilli,Maroon hermit,5,5,,,,,,,,,,,,,,,,,,,,,,,,,,,,,,,,,,,,,,,,,,,,,,,,
682,Isabelle Cote,Jasmin Schuster,BMSC5,Taylor Rock,48.82733,-125.1966,15/04/2026,1.5,E,9:38,IMC,7,2,1,cgi,Crassadoma gigantea,Purple-hinged rock scallop,14,0,,1,2,3,5,3,,,,,,,,,,,,,,,,,,,,,,,,,,,,,,,,,,,,,,,,,,
683,Isabelle Cote,Jasmin Schuster,BMSC5,Taylor Rock,48.82733,-125.1966,15/04/2026,1.5,E,9:38,IMC,7,2,1,jzo,Jordania zonope,Longfin sculpin,3,0,1,2,,,,,,,,,,,,,,,,,,,,,,,,,,,,,,,,,,,,,,,,,,,,,,
684,Isabelle Cote,Jasmin Schuster,BMSC5,Taylor Rock,48.82733,-125.1966,15/04/2026,1.5,E,9:38,IMC,7,2,1,oko,Orthasterias koehleri,Rainbow star,13,13,,,,,,,,,,,,,,,,,,,,,,,,,,,,,,,,,,,,,,,,,,,,,,,,
685,Isabelle Cote,Jasmin Schuster,BMSC5,Taylor Rock,48.82733,-125.1966,15/04/2026,1.5,E,9:38,IMC,7,2,1,henricia,Henricia spp.,Unidentified blood star,3,3,,,,,,,,,,,,,,,,,,,,,,,,,,,,,,,,,,,,,,,,,,,,,,,,
686,Isabelle Cote,Jasmin Schuster,BMSC5,Taylor Rock,48.82733,-125.1966,15/04/2026,1.5,E,9:38,IMC,7,2,1,dim,Dermasterias imbricata,Leather star,16,16,,,,,,,,,,,,,,,,,,,,,,,,,,,,,,,,,,,,,,,,,,,,,,,,
687,Isabelle Cote,Jasmin Schuster,BMSC5,Taylor Rock,48.82733,-125.1966,15/04/2026,1.5,E,9:38,IMC,7,2,1,pmi,Patiria miniata,Bat star,4,4,,,,,,,,,,,,,,,,,,,,,,,,,,,,,,,,,,,,,,,,,,,,,,,,
688,Isabelle Cote,Jasmin Schuster,BMSC5,Taylor Rock,48.82733,-125.1966,15/04/2026,1.5,E,9:38,IMC,7,2,1,hka,Haliotis kamtschatkana,Pinto abalone,16,0,1,5,8,2,,,,,,,,,,,,,,,,,,,,,,,,,,,,,,,,,,,,,,,,,,,,
689,Isabelle Cote,Jasmin Schuster,BMSC5,Taylor Rock,48.82733,-125.1966,15/04/2026,1.5,E,9:38,IMC,7,2,1,gor,Glebocarcinus oregonensis,Pygmy rock crab,1,1,,,,,,,,,,,,,,,,,,,,,,,,,,,,,,,,,,,,,,,,,,,,,,,,
690,Isabelle Cote,Jasmin Schuster,BMSC5,Taylor Rock,48.82733,-125.1966,15/04/2026,1.5,E,9:38,IMC,7,2,1,cfo,Ceratostoma foliatum,Leafy hornmouth,4,4,,,,,,,,,,,,,,,,,,,,,,,,,,,,,,,,,,,,,,,,,,,,,,,,
691,Isabelle Cote,Jasmin Schuster,BMSC5,Taylor Rock,48.82733,-125.1966,15/04/2026,1.5,E,9:38,IMC,7,2,1,sfo,Stylasterias forreri,Velcro seastar,3,3,,,,,,,,,,,,,,,,,,,,,,,,,,,,,,,,,,,,,,,,,,,,,,,,
692,Isabelle Cote,Jasmin Schuster,BMSC5,Taylor Rock,48.82733,-125.1966,15/04/2026,1.5,E,9:38,IMC,7,2,1,aha,Artedius harringtoni,Scalyhead sculpin,2,0,1,1,,,,,,,,,,,,,,,,,,,,,,,,,,,,,,,,,,,,,,,,,,,,,,
693,Isabelle Cote,Jasmin Schuster,BMSC5,Taylor Rock,48.82733,-125.1966,15/04/2026,1.5,E,9:38,IMC,7,2,1,hcr,Hermissenda crassicornis,Opalescent nudibranch,2,2,,,,,,,,,,,,,,,,,,,,,,,,,,,,,,,,,,,,,,,,,,,,,,,,
694,Isabelle Cote,Jasmin Schuster,BMSC5,Taylor Rock,48.82733,-125.1966,15/04/2026,1.5,E,9:38,IMC,7,2,1,poc,Pisaster ochraceus,Purple sea star,1,1,,,,,,,,,,,,,,,,,,,,,,,,,,,,,,,,,,,,,,,,,,,,,,,,
695,Isabelle Cote,Jasmin Schuster,BMSC1,Dodger Channel,48.8289,-125.19757,15/04/2026,1.5,NE,12:00,IMC,5.5,2,2,dmo,Doris montereyensis,Monterey sea lemon,1,1,,,,,,,,,,,,,,,,,,,,,,,,,,,,,,,,,,,,,,,,,,,,,,,,
696,Isabelle Cote,Jasmin Schuster,BMSC1,Dodger Channel,48.8289,-125.19757,15/04/2026,1.5,NE,12:00,IMC,5.5,2,2,pgi,Pomaulax gibberosus,Red turban shell,199,199,,,,,,,,,,,,,,,,,,,,,,,,,,,,,,,,,,,,,,,,,,,,,,,,
697,Isabelle Cote,Jasmin Schuster,BMSC1,Dodger Channel,48.8289,-125.19757,15/04/2026,1.5,NE,12:00,IMC,5.5,2,2,dim,Dermasterias imbricata,Leather star,16,16,,,,,,,,,,,,,,,,,,,,,,,,,,,,,,,,,,,,,,,,,,,,,,,,
698,Isabelle Cote,Jasmin Schuster,BMSC1,Dodger Channel,48.8289,-125.19757,15/04/2026,1.5,NE,12:00,IMC,5.5,2,2,poc,Pisaster ochraceus,Purple sea star,12,12,,,,,,,,,,,,,,,,,,,,,,,,,,,,,,,,,,,,,,,,,,,,,,,,
699,Isabelle Cote,Jasmin Schuster,BMSC1,Dodger Channel,48.8289,-125.19757,15/04/2026,1.5,NE,12:00,IMC,5.5,2,2,ppr,Pugettia producta,Northern kelp crab,6,6,,,,,,,,,,,,,,,,,,,,,,,,,,,,,,,,,,,,,,,,,,,,,,,,
700,Isabelle Cote,Jasmin Schuster,BMSC1,Dodger Channel,48.8289,-125.19757,15/04/2026,1.5,NE,12:00,IMC,5.5,2,2,spur,Strongylocentrotus purpuratus,Purple sea urchin,18,18,,,,,,,,,,,,,,,,,,,,,,,,,,,,,,,,,,,,,,,,,,,,,,,,
701,Isabelle Cote,Jasmin Schuster,BMSC1,Dodger Channel,48.8289,-125.19757,15/04/2026,1.5,NE,12:00,IMC,5.5,2,2,mfr,Mesocentrotus franciscanus,Red sea urchin,218,218,,,,,,,,,,,,,,,,,,,,,,,,,,,,,,,,,,,,,,,,,,,,,,,,
702,Isabelle Cote,Jasmin Schuster,BMSC1,Dodger Channel,48.8289,-125.19757,15/04/2026,1.5,NE,12:00,IMC,5.5,2,2,hka,Haliotis kamtschatkana,Pinto abalone,30,0,,2,15,9,4,,,,,,,,,,,,,,,,,,,,,,,,,,,,,,,,,,,,,,,,,,,
703,Isabelle Cote,Jasmin Schuster,BMSC1,Dodger Channel,48.8289,-125.19757,15/04/2026,1.5,NE,12:00,IMC,5.5,2,2,par,Pagurus armatus,Blackeye hermit crab,1,1,,,,,,,,,,,,,,,,,,,,,,,,,,,,,,,,,,,,,,,,,,,,,,,,
704,Isabelle Cote,Jasmin Schuster,BMSC1,Dodger Channel,48.8289,-125.19757,15/04/2026,1.5,NE,12:00,IMC,5.5,2,2,sfo,Stylasterias forreri,Velcro seastar,3,3,,,,,,,,,,,,,,,,,,,,,,,,,,,,,,,,,,,,,,,,,,,,,,,,
705,Isabelle Cote,Jasmin Schuster,BMSC1,Dodger Channel,48.8289,-125.19757,15/04/2026,1.5,NE,12:00,IMC,5.5,2,2,pmi,Patiria miniata,Bat star,4,4,,,,,,,,,,,,,,,,,,,,,,,,,,,,,,,,,,,,,,,,,,,,,,,,
706,Isabelle Cote,Jasmin Schuster,BMSC1,Dodger Channel,48.8289,-125.19757,15/04/2026,1.5,NE,12:00,IMC,5.5,2,2,ami,Acmaea mitra,Whitecap limpet,4,4,,,,,,,,,,,,,,,,,,,,,,,,,,,,,,,,,,,,,,,,,,,,,,,,
707,Isabelle Cote,Jasmin Schuster,BMSC1,Dodger Channel,48.8289,-125.19757,15/04/2026,1.5,NE,12:00,IMC,5.5,2,2,cgi,Crassadoma gigantea,Purple-hinged rock scallop,2,0,,,2,,,,,,,,,,,,,,,,,,,,,,,,,,,,,,,,,,,,,,,,,,,,,
708,Isabelle Cote,Jasmin Schuster,BMSC1,Dodger Channel,48.8289,-125.19757,15/04/2026,1.5,NE,12:00,IMC,5.5,2,2,acal,Apostichopus californicus,Californian sea cucumber,2,2,,,,,,,,,,,,,,,,,,,,,,,,,,,,,,,,,,,,,,,,,,,,,,,,
709,Isabelle Cote,Jasmin Schuster,BMSC1,Dodger Channel,48.8289,-125.19757,15/04/2026,1.5,NE,12:00,IMC,5.5,2,2,phe,Pagurus hemphilli,Maroon hermit,2,2,,,,,,,,,,,,,,,,,,,,,,,,,,,,,,,,,,,,,,,,,,,,,,,,
710,Isabelle Cote,Jasmin Schuster,BMSC1,Dodger Channel,48.8289,-125.19757,15/04/2026,1.5,NE,12:00,IMC,5.5,2,2,hcr,Hermissenda crassicornis,Opalescent nudibranch,3,3,,,,,,,,,,,,,,,,,,,,,,,,,,,,,,,,,,,,,,,,,,,,,,,,
711,Isabelle Cote,Jasmin Schuster,BMSC1,Dodger Channel,48.8289,-125.19757,15/04/2026,1.5,NE,12:00,IMC,5.5,2,2,pri,Pugettia richii,Cryptic kelp crab,2,2,,,,,,,,,,,,,,,,,,,,,,,,,,,,,,,,,,,,,,,,,,,,,,,,
712,Isabelle Cote,Jasmin Schuster,BMSC1,Dodger Channel,48.8289,-125.19757,15/04/2026,1.5,NE,12:00,IMC,5.5,2,2,cfo,Ceratostoma foliatum,Leafy hornmouth,1,1,,,,,,,,,,,,,,,,,,,,,,,,,,,,,,,,,,,,,,,,,,,,,,,,
713,Isabelle Cote,Jasmin Schuster,BMSC1,Dodger Channel,48.8289,-125.19757,15/04/2026,1.5,NE,12:00,IMC,5.5,2,2,henricia,Henricia spp.,Unidentified blood star,2,2,,,,,,,,,,,,,,,,,,,,,,,,,,,,,,,,,,,,,,,,,,,,,,,,
714,Isabelle Cote,Jasmin Schuster,BMSC1,Dodger Channel,48.8289,-125.19757,15/04/2026,1.5,NE,12:00,IMC,5.5,2,2,oko,Orthasterias koehleri,Rainbow star,2,2,,,,,,,,,,,,,,,,,,,,,,,,,,,,,,,,,,,,,,,,,,,,,,,,
715,Isabelle Cote,Jasmin Schuster,BMSC1,Dodger Channel,48.8289,-125.19757,15/04/2026,1.5,NE,12:00,IMC,5.5,2,2,mae,Mediaster aequalis,Vermillion sea star,1,1,,,,,,,,,,,,,,,,,,,,,,,,,,,,,,,,,,,,,,,,,,,,,,,,
716,Isabelle Cote,Carter Burtlake,BMSC11,Wizard Island South,48.85747,-125.15823,16/04/2026,2.5,SW,9:45,CBL,8.5,2,1,mfr,Mesocentrotus franciscanus,Red sea urchin,239,239,,,,,,,,,,,,,,,,,,,,,,,,,,,,,,,,,,,,,,,,,,,,,,,,
717,Isabelle Cote,Carter Burtlake,BMSC11,Wizard Island South,48.85747,-125.15823,16/04/2026,2.5,SW,9:45,CBL,8.5,2,1,dim,Dermasterias imbricata,Leather star,11,11,,,,,,,,,,,,,,,,,,,,,,,,,,,,,,,,,,,,,,,,,,,,,,,,
718,Isabelle Cote,Carter Burtlake,BMSC11,Wizard Island South,48.85747,-125.15823,16/04/2026,2.5,SW,9:45,CBL,8.5,2,1,pgi,Pomaulax gibberosus,Red turban shell,6,6,,,,,,,,,,,,,,,,,,,,,,,,,,,,,,,,,,,,,,,,,,,,,,,,
719,Isabelle Cote,Carter Burtlake,BMSC11,Wizard Island South,48.85747,-125.15823,16/04/2026,2.5,SW,9:45,CBL,8.5,2,1,hka,Haliotis kamtschatkana,Pinto abalone,7,0,,2,4,1,,,,,,,,,,,,,,,,,,,,,,,,,,,,,,,,,,,,,,,,,,,,
720,Isabelle Cote,Carter Burtlake,BMSC11,Wizard Island South,48.85747,-125.15823,16/04/2026,2.5,SW,9:45,CBL,8.5,2,1,mae,Mediaster aequalis,Vermillion sea star,1,1,,,,,,,,,,,,,,,,,,,,,,,,,,,,,,,,,,,,,,,,,,,,,,,,
721,Isabelle Cote,Carter Burtlake,BMSC11,Wizard Island South,48.85747,-125.15823,16/04/2026,2.5,SW,9:45,CBL,8.5,2,1,acal,Apostichopus californicus,Californian sea cucumber,14,14,,,,,,,,,,,,,,,,,,,,,,,,,,,,,,,,,,,,,,,,,,,,,,,,
722,Isabelle Cote,Carter Burtlake,BMSC11,Wizard Island South,48.85747,-125.15823,16/04/2026,2.5,SW,9:45,CBL,8.5,2,1,hcr,Hermissenda crassicornis,Opalescent nudibranch,1,1,,,,,,,,,,,,,,,,,,,,,,,,,,,,,,,,,,,,,,,,,,,,,,,,
723,Isabelle Cote,Carter Burtlake,BMSC11,Wizard Island South,48.85747,-125.15823,16/04/2026,2.5,SW,9:45,CBL,8.5,2,1,dal,Dirona albolineata,White-line dirona,1,1,,,,,,,,,,,,,,,,,,,,,,,,,,,,,,,,,,,,,,,,,,,,,,,,
724,Isabelle Cote,Carter Burtlake,BMSC11,Wizard Island South,48.85747,-125.15823,16/04/2026,2.5,SW,9:45,CBL,8.5,2,1,rni,Rhinogobiops nicholsii,Blackeye goby,32,0,18,8,6,,,,,,,,,,,,,,,,,,,,,,,,,,,,,,,,,,,,,,,,,,,,,
725,Isabelle Cote,Carter Burtlake,BMSC11,Wizard Island South,48.85747,-125.15823,16/04/2026,2.5,SW,9:45,CBL,8.5,2,1,oko,Orthasterias koehleri,Rainbow star,5,5,,,,,,,,,,,,,,,,,,,,,,,,,,,,,,,,,,,,,,,,,,,,,,,,
726,Isabelle Cote,Carter Burtlake,BMSC11,Wizard Island South,48.85747,-125.15823,16/04/2026,2.5,SW,9:45,CBL,8.5,2,1,gor,Glebocarcinus oregonensis,Pygmy rock crab,2,2,,,,,,,,,,,,,,,,,,,,,,,,,,,,,,,,,,,,,,,,,,,,,,,,
727,Isabelle Cote,Carter Burtlake,BMSC11,Wizard Island South,48.85747,-125.15823,16/04/2026,2.5,SW,9:45,CBL,8.5,2,1,ami,Acmaea mitra,Whitecap limpet,2,2,,,,,,,,,,,,,,,,,,,,,,,,,,,,,,,,,,,,,,,,,,,,,,,,
728,Isabelle Cote,Carter Burtlake,BMSC11,Wizard Island South,48.85747,-125.15823,16/04/2026,2.5,SW,9:45,CBL,8.5,2,1,cgi,Crassadoma gigantea,Purple-hinged rock scallop,15,0,,2,1,4,4,3,1,,,,,,,,,,,,,,,,,,,,,,,,,,,,,,,,,,,,,,,,,
729,Isabelle Cote,Carter Burtlake,BMSC11,Wizard Island South,48.85747,-125.15823,16/04/2026,2.5,SW,9:45,CBL,8.5,2,1,ctro,Coryphella trophina,,1,1,,,,,,,,,,,,,,,,,,,,,,,,,,,,,,,,,,,,,,,,,,,,,,,,
730,Isabelle Cote,Carter Burtlake,BMSC11,Wizard Island South,48.85747,-125.15823,16/04/2026,2.5,SW,9:45,CBL,8.5,2,1,dir,Dendronotus iris,Giant frond-aeolis,1,1,,,,,,,,,,,,,,,,,,,,,,,,,,,,,,,,,,,,,,,,,,,,,,,,
731,Isabelle Cote,Carter Burtlake,BMSC11,Wizard Island South,48.85747,-125.15823,16/04/2026,2.5,SW,9:45,CBL,8.5,2,1,henricia,Henricia spp.,Unidentified blood star,2,2,,,,,,,,,,,,,,,,,,,,,,,,,,,,,,,,,,,,,,,,,,,,,,,,
732,Isabelle Cote,Carter Burtlake,BMSC11,Wizard Island South,48.85747,-125.15823,16/04/2026,2.5,SW,9:45,CBL,8.5,2,1,cha,Chlamys hastata,Spear scallop,2,0,2,,,,,,,,,,,,,,,,,,,,,,,,,,,,,,,,,,,,,,,,,,,,,,,
733,Isabelle Cote,Carter Burtlake,BMSC11,Wizard Island South,48.85747,-125.15823,16/04/2026,2.5,SW,9:45,CBL,8.5,2,1,ppa,Phyllolithodes papillosus,Heart crab,1,1,,,,,,,,,,,,,,,,,,,,,,,,,,,,,,,,,,,,,,,,,,,,,,,,
734,Isabelle Cote,Carter Burtlake,BMSC11,Wizard Island South,48.85747,-125.15823,16/04/2026,2.5,SW,9:45,CBL,8.5,2,1,etr,Evasterias troschelii,Mottled starfish,1,1,,,,,,,,,,,,,,,,,,,,,,,,,,,,,,,,,,,,,,,,,,,,,,,,
735,Isabelle Cote,Carter Burtlake,BMSC12,Wizard Island North,48.85828,-125.16092,16/04/2026,2.5,NE,11:56,CBL,9,1,1,hde,Hexagrammos decagrammus,Kelp greenling,1,0,,,,,,,,,1,,,,,,,,,,,,,,,,,,,,,,,,,,,,,,,,,,,,,,,
736,Isabelle Cote,Carter Burtlake,BMSC12,Wizard Island North,48.85828,-125.16092,16/04/2026,2.5,NE,11:56,CBL,9,2,1,mfr,Mesocentrotus franciscanus,Red sea urchin,249,249,,,,,,,,,,,,,,,,,,,,,,,,,,,,,,,,,,,,,,,,,,,,,,,,
737,Isabelle Cote,Carter Burtlake,BMSC12,Wizard Island North,48.85828,-125.16092,16/04/2026,2.5,NE,11:56,CBL,9,2,1,mae,Mediaster aequalis,Vermillion sea star,1,1,,,,,,,,,,,,,,,,,,,,,,,,,,,,,,,,,,,,,,,,,,,,,,,,
738,Isabelle Cote,Carter Burtlake,BMSC12,Wizard Island North,48.85828,-125.16092,16/04/2026,2.5,NE,11:56,CBL,9,2,1,acal,Apostichopus californicus,Californian sea cucumber,38,38,,,,,,,,,,,,,,,,,,,,,,,,,,,,,,,,,,,,,,,,,,,,,,,,
739,Isabelle Cote,Carter Burtlake,BMSC12,Wizard Island North,48.85828,-125.16092,16/04/2026,2.5,NE,11:56,CBL,9,2,1,dim,Dermasterias imbricata,Leather star,17,17,,,,,,,,,,,,,,,,,,,,,,,,,,,,,,,,,,,,,,,,,,,,,,,,
740,Isabelle Cote,Carter Burtlake,BMSC12,Wizard Island North,48.85828,-125.16092,16/04/2026,2.5,NE,11:56,CBL,9,2,1,pgi,Pomaulax gibberosus,Red turban shell,26,26,,,,,,,,,,,,,,,,,,,,,,,,,,,,,,,,,,,,,,,,,,,,,,,,
741,Isabelle Cote,Carter Burtlake,BMSC12,Wizard Island North,48.85828,-125.16092,16/04/2026,2.5,NE,11:56,CBL,9,2,1,hka,Haliotis kamtschatkana,Pinto abalone,11,0,,6,5,,,,,,,,,,,,,,,,,,,,,,,,,,,,,,,,,,,,,,,,,,,,,
742,Isabelle Cote,Carter Burtlake,BMSC12,Wizard Island North,48.85828,-125.16092,16/04/2026,2.5,NE,11:56,CBL,9,2,1,oko,Orthasterias koehleri,Rainbow star,13,13,,,,,,,,,,,,,,,,,,,,,,,,,,,,,,,,,,,,,,,,,,,,,,,,
743,Isabelle Cote,Carter Burtlake,BMSC12,Wizard Island North,48.85828,-125.16092,16/04/2026,2.5,NE,11:56,CBL,9,2,1,cgi,Crassadoma gigantea,Purple-hinged rock scallop,18,0,,3,4,5,,6,,,,,,,,,,,,,,,,,,,,,,,,,,,,,,,,,,,,,,,,,,
744,Isabelle Cote,Carter Burtlake,BMSC12,Wizard Island North,48.85828,-125.16092,16/04/2026,2.5,NE,11:56,CBL,9,2,1,gor,Glebocarcinus oregonensis,Pygmy rock crab,3,3,,,,,,,,,,,,,,,,,,,,,,,,,,,,,,,,,,,,,,,,,,,,,,,,
745,Isabelle Cote,Carter Burtlake,BMSC12,Wizard Island North,48.85828,-125.16092,16/04/2026,2.5,NE,11:56,CBL,9,2,1,cfo,Ceratostoma foliatum,Leafy hornmouth,26,26,,,,,,,,,,,,,,,,,,,,,,,,,,,,,,,,,,,,,,,,,,,,,,,,
746,Isabelle Cote,Carter Burtlake,BMSC12,Wizard Island North,48.85828,-125.16092,16/04/2026,2.5,NE,11:56,CBL,9,2,1,pmi,Patiria miniata,Bat star,5,5,,,,,,,,,,,,,,,,,,,,,,,,,,,,,,,,,,,,,,,,,,,,,,,,
747,Isabelle Cote,Carter Burtlake,BMSC12,Wizard Island North,48.85828,-125.16092,16/04/2026,2.5,NE,11:56,CBL,9,2,1,lco,Limacia cockerelli,Cockerell's dorid,1,1,,,,,,,,,,,,,,,,,,,,,,,,,,,,,,,,,,,,,,,,,,,,,,,,
748,Isabelle Cote,Carter Burtlake,BMSC12,Wizard Island North,48.85828,-125.16092,16/04/2026,2.5,NE,11:56,CBL,9,2,1,phe,Pagurus hemphilli,Maroon hermit,2,2,,,,,,,,,,,,,,,,,,,,,,,,,,,,,,,,,,,,,,,,,,,,,,,,
749,Isabelle Cote,Carter Burtlake,BMSC12,Wizard Island North,48.85828,-125.16092,16/04/2026,2.5,NE,11:56,CBL,9,2,1,pachycheles,Pachycheles spp.,,5,5,,,,,,,,,,,,,,,,,,,,,,,,,,,,,,,,,,,,,,,,,,,,,,,,
750,Isabelle Cote,Carter Burtlake,BMSC12,Wizard Island North,48.85828,-125.16092,16/04/2026,2.5,NE,11:56,CBL,9,2,1,ami,Acmaea mitra,Whitecap limpet,9,9,,,,,,,,,,,,,,,,,,,,,,,,,,,,,,,,,,,,,,,,,,,,,,,,
751,Isabelle Cote,Carter Burtlake,BMSC12,Wizard Island North,48.85828,-125.16092,16/04/2026,2.5,NE,11:56,CBL,9,2,1,henricia,Henricia spp.,Unidentified blood star,5,5,,,,,,,,,,,,,,,,,,,,,,,,,,,,,,,,,,,,,,,,,,,,,,,,
752,Isabelle Cote,Carter Burtlake,BMSC12,Wizard Island North,48.85828,-125.16092,16/04/2026,2.5,NE,11:56,CBL,9,2,1,etr,Evasterias troschelii,Mottled starfish,1,1,,,,,,,,,,,,,,,,,,,,,,,,,,,,,,,,,,,,,,,,,,,,,,,,
753,Isabelle Cote,Carter Burtlake,BMSC12,Wizard Island North,48.85828,-125.16092,16/04/2026,2.5,NE,11:56,CBL,9,2,1,pda,Pandalus danae,Dock shrimp,3,3,,,,,,,,,,,,,,,,,,,,,,,,,,,,,,,,,,,,,,,,,,,,,,,,
754,Isabelle Cote,Carter Burtlake,BMSC12,Wizard Island North,48.85828,-125.16092,16/04/2026,2.5,NE,11:56,CBL,9,2,1,rni,Rhinogobiops nicholsii,Blackeye goby,9,0,2,5,2,,,,,,,,,,,,,,,,,,,,,,,,,,,,,,,,,,,,,,,,,,,,,
755,Isabelle Cote,Carter Burtlake,BMSC12,Wizard Island North,48.85828,-125.16092,16/04/2026,2.5,NE,11:56,CBL,9,2,1,sac,Scyra acutifrons,Sharpnose crab,4,4,,,,,,,,,,,,,,,,,,,,,,,,,,,,,,,,,,,,,,,,,,,,,,,,
756,Isabelle Cote,Carter Burtlake,BMSC12,Wizard Island North,48.85828,-125.16092,16/04/2026,2.5,NE,11:56,CBL,9,2,1,aha,Artedius harringtoni,Scalyhead sculpin,3,0,1,2,,,,,,,,,,,,,,,,,,,,,,,,,,,,,,,,,,,,,,,,,,,,,,
757,Isabelle Cote,Carter Burtlake,BMSC12,Wizard Island North,48.85828,-125.16092,16/04/2026,2.5,NE,11:56,CBL,9,2,1,sfo,Stylasterias forreri,Velcro seastar,1,1,,,,,,,,,,,,,,,,,,,,,,,,,,,,,,,,,,,,,,,,,,,,,,,,
758,Isabelle Cote,Carter Burtlake,BMSC12,Wizard Island North,48.85828,-125.16092,16/04/2026,2.5,NE,11:56,CBL,9,2,1,sdr,Strongylocentrotus droebachiensis,Northern sea urchin,1,1,,,,,,,,,,,,,,,,,,,,,,,,,,,,,,,,,,,,,,,,,,,,,,,,
759,Isabelle Cote,Carter Burtlake,BMSC12,Wizard Island North,48.85828,-125.16092,16/04/2026,2.5,NE,11:56,CBL,9,0,1,sca,Sebastes caurinus,Copper rockfish,2,0,,,,,,,,,2,,,,,,,,,,,,,,,,,,,,,,,,,,,,,,,,,,,,,,,
760,Isabelle Cote,Carter Burtlake,BMSC12,Wizard Island North,48.85828,-125.16092,16/04/2026,2.5,NE,11:56,CBL,9,2,1,ata,Asemichthys taylori,Spinynose sculpin,1,0,,1,,,,,,,,,,,,,,,,,,,,,,,,,,,,,,,,,,,,,,,,,,,,,,
761,Isabelle Cote,Carter Burtlake,BMSC12,Wizard Island North,48.85828,-125.16092,16/04/2026,2.5,NE,11:56,CBL,9,2,1,cac,Clinocottus acuticeps,Sharpnose sculpin,2,0,2,,,,,,,,,,,,,,,,,,,,,,,,,,,,,,,,,,,,,,,,,,,,,,,
762,Isabelle Cote,Jasmin Schuster,BMSC6,Baeria Rocks South Island,48.95023,-125.15554,17/04/2026,4,SW,10:03,IMC,11,1,1,hde,Hexagrammos decagrammus,Kelp greenling,5,0,,,,,,,1,1,1,1,1,,,,,,,,,,,,,,,,,,,,,,,,,,,,,,,,,,,,,
763,Isabelle Cote,Jasmin Schuster,BMSC6,Baeria Rocks South Island,48.95023,-125.15554,17/04/2026,4,SW,10:03,IMC,11,1,1,sma,Sebastes maliger,Quillback rockfish,1,0,,,,,,,,,,1,,,,,,,,,,,,,,,,,,,,,,,,,,,,,,,,,,,,,,
764,Isabelle Cote,Jasmin Schuster,BMSC6,Baeria Rocks South Island,48.95023,-125.15554,17/04/2026,4,SW,10:03,IMC,11,2,1,mfr,Mesocentrotus franciscanus,Red sea urchin,267,267,,,,,,,,,,,,,,,,,,,,,,,,,,,,,,,,,,,,,,,,,,,,,,,,
765,Isabelle Cote,Jasmin Schuster,BMSC6,Baeria Rocks South Island,48.95023,-125.15554,17/04/2026,4,SW,10:03,IMC,11,2,1,rni,Rhinogobiops nicholsii,Blackeye goby,11,0,,1,7,3,,,,,,,,,,,,,,,,,,,,,,,,,,,,,,,,,,,,,,,,,,,,
766,Isabelle Cote,Jasmin Schuster,BMSC6,Baeria Rocks South Island,48.95023,-125.15554,17/04/2026,4,SW,10:03,IMC,11,2,1,ami,Acmaea mitra,Whitecap limpet,16,16,,,,,,,,,,,,,,,,,,,,,,,,,,,,,,,,,,,,,,,,,,,,,,,,
767,Isabelle Cote,Jasmin Schuster,BMSC6,Baeria Rocks South Island,48.95023,-125.15554,17/04/2026,4,SW,10:03,IMC,11,2,1,pmi,Patiria miniata,Bat star,61,61,,,,,,,,,,,,,,,,,,,,,,,,,,,,,,,,,,,,,,,,,,,,,,,,
768,Isabelle Cote,Jasmin Schuster,BMSC6,Baeria Rocks South Island,48.95023,-125.15554,17/04/2026,4,SW,10:03,IMC,11,2,1,cfo,Ceratostoma foliatum,Leafy hornmouth,5,5,,,,,,,,,,,,,,,,,,,,,,,,,,,,,,,,,,,,,,,,,,,,,,,,
769,Isabelle Cote,Jasmin Schuster,BMSC6,Baeria Rocks South Island,48.95023,-125.15554,17/04/2026,4,SW,10:03,IMC,11,2,1,acal,Apostichopus californicus,Californian sea cucumber,15,15,,,,,,,,,,,,,,,,,,,,,,,,,,,,,,,,,,,,,,,,,,,,,,,,
770,Isabelle Cote,Jasmin Schuster,BMSC6,Baeria Rocks South Island,48.95023,-125.15554,17/04/2026,4,SW,10:03,IMC,11,2,1,sdr,Strongylocentrotus droebachiensis,Northern sea urchin,2,2,,,,,,,,,,,,,,,,,,,,,,,,,,,,,,,,,,,,,,,,,,,,,,,,
771,Isabelle Cote,Jasmin Schuster,BMSC6,Baeria Rocks South Island,48.95023,-125.15554,17/04/2026,4,SW,10:03,IMC,11,2,1,phe,Pagurus hemphilli,Maroon hermit,9,9,,,,,,,,,,,,,,,,,,,,,,,,,,,,,,,,,,,,,,,,,,,,,,,,
772,Isabelle Cote,Jasmin Schuster,BMSC6,Baeria Rocks South Island,48.95023,-125.15554,17/04/2026,4,SW,10:03,IMC,11,2,1,oko,Orthasterias koehleri,Rainbow star,5,5,,,,,,,,,,,,,,,,,,,,,,,,,,,,,,,,,,,,,,,,,,,,,,,,
773,Isabelle Cote,Jasmin Schuster,BMSC6,Baeria Rocks South Island,48.95023,-125.15554,17/04/2026,4,SW,10:03,IMC,11,2,1,hka,Haliotis kamtschatkana,Pinto abalone,13,0,7,5,1,,,,,,,,,,,,,,,,,,,,,,,,,,,,,,,,,,,,,,,,,,,,,
774,Isabelle Cote,Jasmin Schuster,BMSC6,Baeria Rocks South Island,48.95023,-125.15554,17/04/2026,4,SW,10:03,IMC,11,2,1,cgi,Crassadoma gigantea,Purple-hinged rock scallop,8,0,,,,,4,3,1,,,,,,,,,,,,,,,,,,,,,,,,,,,,,,,,,,,,,,,,,
775,Isabelle Cote,Jasmin Schuster,BMSC6,Baeria Rocks South Island,48.95023,-125.15554,17/04/2026,4,SW,10:03,IMC,11,0,1,sma,Sebastes maliger,Quillback rockfish,3,0,,1,1,,,,1,,,,,,,,,,,,,,,,,,,,,,,,,,,,,,,,,,,,,,,,,
776,Isabelle Cote,Jasmin Schuster,BMSC6,Baeria Rocks South Island,48.95023,-125.15554,17/04/2026,4,SW,10:03,IMC,11,2,1,jzo,Jordania zonope,Longfin sculpin,8,0,,5,3,,,,,,,,,,,,,,,,,,,,,,,,,,,,,,,,,,,,,,,,,,,,,
777,Isabelle Cote,Jasmin Schuster,BMSC6,Baeria Rocks South Island,48.95023,-125.15554,17/04/2026,4,SW,10:03,IMC,11,2,1,sac,Scyra acutifrons,Sharpnose crab,1,1,,,,,,,,,,,,,,,,,,,,,,,,,,,,,,,,,,,,,,,,,,,,,,,,
778,Isabelle Cote,Jasmin Schuster,BMSC6,Baeria Rocks South Island,48.95023,-125.15554,17/04/2026,4,SW,10:03,IMC,11,2,1,dim,Dermasterias imbricata,Leather star,3,3,,,,,,,,,,,,,,,,,,,,,,,,,,,,,,,,,,,,,,,,,,,,,,,,
779,Isabelle Cote,Jasmin Schuster,BMSC6,Baeria Rocks South Island,48.95023,-125.15554,17/04/2026,4,SW,10:03,IMC,11,2,1,aha,Artedius harringtoni,Scalyhead sculpin,1,0,,,1,,,,,,,,,,,,,,,,,,,,,,,,,,,,,,,,,,,,,,,,,,,,,
780,Isabelle Cote,Jasmin Schuster,BMSC6,Baeria Rocks South Island,48.95023,-125.15554,17/04/2026,4,SW,10:03,IMC,11,2,1,mae,Mediaster aequalis,Vermillion sea star,1,1,,,,,,,,,,,,,,,,,,,,,,,,,,,,,,,,,,,,,,,,,,,,,,,,
781,Isabelle Cote,Jasmin Schuster,BMSC6,Baeria Rocks South Island,48.95023,-125.15554,17/04/2026,4,SW,10:03,IMC,11,2,1,pgi,Pomaulax gibberosus,Red turban shell,1,1,,,,,,,,,,,,,,,,,,,,,,,,,,,,,,,,,,,,,,,,,,,,,,,,
782,Isabelle Cote,Jasmin Schuster,BMSC6,Baeria Rocks South Island,48.95023,-125.15554,17/04/2026,4,SW,10:03,IMC,11,2,1,rri,Rhamphocottus richardsonii,Grunt sculpin,1,0,,1,,,,,,,,,,,,,,,,,,,,,,,,,,,,,,,,,,,,,,,,,,,,,,
783,Isabelle Cote,Jasmin Schuster,BMSC8,Baeria Rocks North Island Northside,48.95508,-125.15337,17/04/2026,3,NW,12:30,IMC,7.5,2,1,mfr,Mesocentrotus franciscanus,Red sea urchin,307,307,,,,,,,,,,,,,,,,,,,,,,,,,,,,,,,,,,,,,,,,,,,,,,,,
784,Isabelle Cote,Jasmin Schuster,BMSC8,Baeria Rocks North Island Northside,48.95508,-125.15337,17/04/2026,3,NW,12:30,IMC,7.5,2,1,cfo,Ceratostoma foliatum,Leafy hornmouth,8,8,,,,,,,,,,,,,,,,,,,,,,,,,,,,,,,,,,,,,,,,,,,,,,,,
785,Isabelle Cote,Jasmin Schuster,BMSC8,Baeria Rocks North Island Northside,48.95508,-125.15337,17/04/2026,3,NW,12:30,IMC,7.5,2,1,pgi,Pomaulax gibberosus,Red turban shell,176,176,,,,,,,,,,,,,,,,,,,,,,,,,,,,,,,,,,,,,,,,,,,,,,,,
786,Isabelle Cote,Jasmin Schuster,BMSC8,Baeria Rocks North Island Northside,48.95508,-125.15337,17/04/2026,3,NW,12:30,IMC,7.5,2,1,pmi,Patiria miniata,Bat star,145,145,,,,,,,,,,,,,,,,,,,,,,,,,,,,,,,,,,,,,,,,,,,,,,,,
787,Isabelle Cote,Jasmin Schuster,BMSC8,Baeria Rocks North Island Northside,48.95508,-125.15337,17/04/2026,3,NW,12:30,IMC,7.5,2,1,nucella,Nucella spp.,Dog whelk,1,1,,,,,,,,,,,,,,,,,,,,,,,,,,,,,,,,,,,,,,,,,,,,,,,,
788,Isabelle Cote,Jasmin Schuster,BMSC8,Baeria Rocks North Island Northside,48.95508,-125.15337,17/04/2026,3,NW,12:30,IMC,7.5,2,1,ami,Acmaea mitra,Whitecap limpet,10,10,,,,,,,,,,,,,,,,,,,,,,,,,,,,,,,,,,,,,,,,,,,,,,,,
789,Isabelle Cote,Jasmin Schuster,BMSC8,Baeria Rocks North Island Northside,48.95508,-125.15337,17/04/2026,3,NW,12:30,IMC,7.5,0,1,Beroe,Beroe spp.,Comb jellies,1,1,,,,,,,,,,,,,,,,,,,,,,,,,,,,,,,,,,,,,,,,,,,,,,,,
790,Isabelle Cote,Jasmin Schuster,BMSC8,Baeria Rocks North Island Northside,48.95508,-125.15337,17/04/2026,3,NW,12:30,IMC,7.5,2,1,dim,Dermasterias imbricata,Leather star,8,8,,,,,,,,,,,,,,,,,,,,,,,,,,,,,,,,,,,,,,,,,,,,,,,,
791,Isabelle Cote,Jasmin Schuster,BMSC8,Baeria Rocks North Island Northside,48.95508,-125.15337,17/04/2026,3,NW,12:30,IMC,7.5,2,1,acal,Apostichopus californicus,Californian sea cucumber,10,10,,,,,,,,,,,,,,,,,,,,,,,,,,,,,,,,,,,,,,,,,,,,,,,,
792,Isabelle Cote,Jasmin Schuster,BMSC8,Baeria Rocks North Island Northside,48.95508,-125.15337,17/04/2026,3,NW,12:30,IMC,7.5,2,1,phe,Pagurus hemphilli,Maroon hermit,21,21,,,,,,,,,,,,,,,,,,,,,,,,,,,,,,,,,,,,,,,,,,,,,,,,
793,Isabelle Cote,Jasmin Schuster,BMSC8,Baeria Rocks North Island Northside,48.95508,-125.15337,17/04/2026,3,NW,12:30,IMC,7.5,2,1,hka,Haliotis kamtschatkana,Pinto abalone,5,0,,2,3,,,,,,,,,,,,,,,,,,,,,,,,,,,,,,,,,,,,,,,,,,,,,
794,Isabelle Cote,Jasmin Schuster,BMSC8,Baeria Rocks North Island Northside,48.95508,-125.15337,17/04/2026,3,NW,12:30,IMC,7.5,2,1,rni,Rhinogobiops nicholsii,Blackeye goby,3,0,,2,1,,,,,,,,,,,,,,,,,,,,,,,,,,,,,,,,,,,,,,,,,,,,,
795,Isabelle Cote,Jasmin Schuster,BMSC8,Baeria Rocks North Island Northside,48.95508,-125.15337,17/04/2026,3,NW,12:30,IMC,7.5,2,1,pbe,Pagurus beringanus,Hermit crab,5,5,,,,,,,,,,,,,,,,,,,,,,,,,,,,,,,,,,,,,,,,,,,,,,,,
796,Isabelle Cote,Jasmin Schuster,BMSC8,Baeria Rocks North Island Northside,48.95508,-125.15337,17/04/2026,3,NW,12:30,IMC,7.5,2,1,oko,Orthasterias koehleri,Rainbow star,8,8,,,,,,,,,,,,,,,,,,,,,,,,,,,,,,,,,,,,,,,,,,,,,,,,
797,Isabelle Cote,Jasmin Schuster,BMSC8,Baeria Rocks North Island Northside,48.95508,-125.15337,17/04/2026,3,NW,12:30,IMC,7.5,2,1,poc,Pisaster ochraceus,Purple sea star,2,2,,,,,,,,,,,,,,,,,,,,,,,,,,,,,,,,,,,,,,,,,,,,,,,,
798,Isabelle Cote,Jasmin Schuster,BMSC8,Baeria Rocks North Island Northside,48.95508,-125.15337,17/04/2026,3,NW,12:30,IMC,7.5,2,1,jzo,Jordania zonope,Longfin sculpin,1,0,,1,,,,,,,,,,,,,,,,,,,,,,,,,,,,,,,,,,,,,,,,,,,,,,
799,Isabelle Cote,Jasmin Schuster,BMSC8,Baeria Rocks North Island Northside,48.95508,-125.15337,17/04/2026,3,NW,12:30,IMC,7.5,2,1,hhe,Hemilepidotus hemilepidotus,Red Irish lord,1,0,,,,,,,,1,,,,,,,,,,,,,,,,,,,,,,,,,,,,,,,,,,,,,,,,
800,Isabelle Cote,Jasmin Schuster,BMSC8,Baeria Rocks North Island Northside,48.95508,-125.15337,17/04/2026,3,NW,12:30,IMC,7.5,2,1,cgi,Crassadoma gigantea,Purple-hinged rock scallop,1,0,,,,,,,1,,,,,,,,,,,,,,,,,,,,,,,,,,,,,,,,,,,,,,,,,
801,Isabelle Cote,Jasmin Schuster,BMSC8,Baeria Rocks North Island Northside,48.95508,-125.15337,17/04/2026,3,NW,12:30,IMC,7.5,2,1,aha,Artedius harringtoni,Scalyhead sculpin,2,0,,1,1,,,,,,,,,,,,,,,,,,,,,,,,,,,,,,,,,,,,,,,,,,,,,
802,Isabelle Cote,Jasmin Schuster,BMSC8,Baeria Rocks North Island Northside,48.95508,-125.15337,17/04/2026,3,NW,12:30,IMC,7.5,2,1,hermit,Paguroidea spp.,Unidentified hermit crab,2,2,,,,,,,,,,,,,,,,,,,,,,,,,,,,,,,,,,,,,,,,,,,,,,,,
803,Isabelle Cote,Jasmin Schuster,BMSC8,Baeria Rocks North Island Northside,48.95508,-125.15337,17/04/2026,3,NW,12:30,IMC,7.5,1,1,nsf,No species found,No species found,0,0,,,,,,,,,,,,,,,,,,,,,,,,,,,,,,,,,,,,,,,,,,,,,,,,
804,Isabelle Cote,Jasmin Schuster,BMSC5,Taylor Rock,48.82733,-125.1966,15/04/2026,1.5,E,9:38,IMC,7,1,1,nsf,No species found,No species found,0,0,,,,,,,,,,,,,,,,,,,,,,,,,,,,,,,,,,,,,,,,,,,,,,,,
805,Isabelle Cote,Jasmin Schuster,BMSC1,Dodger Channel,48.8289,-125.19757,15/04/2026,1.5,NE,12:00,IMC,5.5,1,2,nsf,No species found,No species found,0,0,,,,,,,,,,,,,,,,,,,,,,,,,,,,,,,,,,,,,,,,,,,,,,,,
806,Isabelle Cote,Carter Burtlake,BMSC11,Wizard Island South,48.85747,-125.15823,16/04/2026,2.5,SW,9:45,CBL,8.5,1,1,nsf,No species found,No species found,0,0,,,,,,,,,,,,,,,,,,,,,,,,,,,,,,,,,,,,,,,,,,,,,,,,
807,Isabelle Cote,Carter Burtlake,BMSC8,Baeria Rocks North Island Northside,48.95508,-125.15337,17/04/2026,3,NW,12:30,IMC,7.5,1,1,nsf,No species found,No species found,0,0,,,,,,,,,,,,,,,,,,,,,,,,,,,,,,,,,,,,,,,,,,,,,,,,
808,Alec Jones,Carter Burtlake,BMSC17,Wouwer Channel,48.86548,-125.36148,21/04/2026,2.5,SW,12:30,AJ,6,1,2,hde,Hexagrammos decagrammus,Kelp greenling,3,0,,,,,,,,,,1,2,,,,,,,,,,,,,,,,,,,,,,,,,,,,,,,,,,,,,
809,Alec Jones,Carter Burtlake,BMSC17,Wouwer Channel,48.86548,-125.36148,21/04/2026,2.5,SW,12:30,AJ,6,1,2,rni,Rhinogobiops nicholsii,Blackeye goby,5,0,,2,3,,,,,,,,,,,,,,,,,,,,,,,,,,,,,,,,,,,,,,,,,,,,,
810,Alec Jones,Carter Burtlake,BMSC17,Wouwer Channel,48.86548,-125.36148,21/04/2026,2.5,SW,12:30,AJ,6,1,2,sme,Sebastes melanops,Black rockfish,7,0,,,,,,,,1,6,,,,,,,,,,,,,,,,,,,,,,,,,,,,,,,,,,,,,,,
811,Alec Jones,Carter Burtlake,BMSC17,Wouwer Channel,48.86548,-125.36148,21/04/2026,2.5,SW,12:30,AJ,6,1,2,oel,Ophiodon elongatus,Lingcod,1,0,,,,,,,,,,,1,,,,,,,,,,,,,,,,,,,,,,,,,,,,,,,,,,,,,
812,Alec Jones,Carter Burtlake,BMSC17,Wouwer Channel,48.86548,-125.36148,21/04/2026,2.5,SW,12:30,AJ,6,2,2,mfr,Mesocentrotus franciscanus,Red sea urchin,92,92,,,,,,,,,,,,,,,,,,,,,,,,,,,,,,,,,,,,,,,,,,,,,,,,
813,Alec Jones,Carter Burtlake,BMSC17,Wouwer Channel,48.86548,-125.36148,21/04/2026,2.5,SW,12:30,AJ,6,2,2,pgi,Pomaulax gibberosus,Red turban shell,105,105,,,,,,,,,,,,,,,,,,,,,,,,,,,,,,,,,,,,,,,,,,,,,,,,
814,Alec Jones,Carter Burtlake,BMSC17,Wouwer Channel,48.86548,-125.36148,21/04/2026,2.5,SW,12:30,AJ,6,2,2,pmi,Patiria miniata,Bat star,58,58,,,,,,,,,,,,,,,,,,,,,,,,,,,,,,,,,,,,,,,,,,,,,,,,
815,Alec Jones,Carter Burtlake,BMSC17,Wouwer Channel,48.86548,-125.36148,21/04/2026,2.5,SW,12:30,AJ,6,2,2,rni,Rhinogobiops nicholsii,Blackeye goby,15,0,4,8,2,1,,,,,,,,,,,,,,,,,,,,,,,,,,,,,,,,,,,,,,,,,,,,
816,Alec Jones,Carter Burtlake,BMSC17,Wouwer Channel,48.86548,-125.36148,21/04/2026,2.5,SW,12:30,AJ,6,2,2,ami,Acmaea mitra,Whitecap limpet,55,55,,,,,,,,,,,,,,,,,,,,,,,,,,,,,,,,,,,,,,,,,,,,,,,,
817,Alec Jones,Carter Burtlake,BMSC17,Wouwer Channel,48.86548,-125.36148,21/04/2026,2.5,SW,12:30,AJ,6,2,2,cfo,Ceratostoma foliatum,Leafy hornmouth,17,17,,,,,,,,,,,,,,,,,,,,,,,,,,,,,,,,,,,,,,,,,,,,,,,,
818,Alec Jones,Carter Burtlake,BMSC17,Wouwer Channel,48.86548,-125.36148,21/04/2026,2.5,SW,12:30,AJ,6,2,2,phe,Pagurus hemphilli,Maroon hermit,61,61,,,,,,,,,,,,,,,,,,,,,,,,,,,,,,,,,,,,,,,,,,,,,,,,
819,Alec Jones,Carter Burtlake,BMSC17,Wouwer Channel,48.86548,-125.36148,21/04/2026,2.5,SW,12:30,AJ,6,2,2,hhe,Hemilepidotus hemilepidotus,Red Irish lord,1,0,,,,,,1,,,,,,,,,,,,,,,,,,,,,,,,,,,,,,,,,,,,,,,,,,
820,Alec Jones,Carter Burtlake,BMSC17,Wouwer Channel,48.86548,-125.36148,21/04/2026,2.5,SW,12:30,AJ,6,2,2,cgi,Crassadoma gigantea,Purple-hinged rock scallop,11,0,,1,5,5,,,,,,,,,,,,,,,,,,,,,,,,,,,,,,,,,,,,,,,,,,,,
821,Alec Jones,Carter Burtlake,BMSC17,Wouwer Channel,48.86548,-125.36148,21/04/2026,2.5,SW,12:30,AJ,6,2,2,sac,Scyra acutifrons,Sharpnose crab,1,1,,,,,,,,,,,,,,,,,,,,,,,,,,,,,,,,,,,,,,,,,,,,,,,,
822,Alec Jones,Carter Burtlake,BMSC17,Wouwer Channel,48.86548,-125.36148,21/04/2026,2.5,SW,12:30,AJ,6,2,2,das,Diodora aspera,Rough keyhole limpet,5,5,,,,,,,,,,,,,,,,,,,,,,,,,,,,,,,,,,,,,,,,,,,,,,,,
823,Alec Jones,Carter Burtlake,BMSC17,Wouwer Channel,48.86548,-125.36148,21/04/2026,2.5,SW,12:30,AJ,6,0,2,sca,Sebastes caurinus,Copper rockfish,1,0,,,,,,,,1,,,,,,,,,,,,,,,,,,,,,,,,,,,,,,,,,,,,,,,,
824,Alec Jones,Carter Burtlake,BMSC17,Wouwer Channel,48.86548,-125.36148,21/04/2026,2.5,SW,12:30,AJ,6,2,2,hka,Haliotis kamtschatkana,Pinto abalone,3,0,3,,,,,,,,,,,,,,,,,,,,,,,,,,,,,,,,,,,,,,,,,,,,,,,
825,Alec Jones,Carter Burtlake,BMSC17,Wouwer Channel,48.86548,-125.36148,21/04/2026,2.5,SW,12:30,AJ,6,2,2,pachycheles,Pachycheles spp.,,2,2,,,,,,,,,,,,,,,,,,,,,,,,,,,,,,,,,,,,,,,,,,,,,,,,
826,Alec Jones,Carter Burtlake,BMSC17,Wouwer Channel,48.86548,-125.36148,21/04/2026,2.5,SW,12:30,AJ,6,0,2,sne,Sebastes nebulosus,China rockfish,2,0,,,,,,,,,2,,,,,,,,,,,,,,,,,,,,,,,,,,,,,,,,,,,,,,,
827,Alec Jones,Carter Burtlake,BMSC17,Wouwer Channel,48.86548,-125.36148,21/04/2026,2.5,SW,12:30,AJ,6,0,2,sme,Sebastes melanops,Black rockfish,3,0,,,,,,1,,,1,1,,,,,,,,,,,,,,,,,,,,,,,,,,,,,,,,,,,,,,
828,Alec Jones,Carter Burtlake,BMSC17,Wouwer Channel,48.86548,-125.36148,21/04/2026,2.5,SW,12:30,AJ,6,2,2,ppa,Phyllolithodes papillosus,Heart crab,1,1,,,,,,,,,,,,,,,,,,,,,,,,,,,,,,,,,,,,,,,,,,,,,,,,
829,Alec Jones,Carter Burtlake,BMSC17,Wouwer Channel,48.86548,-125.36148,21/04/2026,2.5,SW,12:30,AJ,6,2,2,acal,Apostichopus californicus,Californian sea cucumber,4,4,,,,,,,,,,,,,,,,,,,,,,,,,,,,,,,,,,,,,,,,,,,,,,,,
830,Alec Jones,Carter Burtlake,BMSC17,Wouwer Channel,48.86548,-125.36148,21/04/2026,2.5,SW,12:30,AJ,6,2,2,pnob,Peltodoris nobilis,Noble sea lemon,2,2,,,,,,,,,,,,,,,,,,,,,,,,,,,,,,,,,,,,,,,,,,,,,,,,
831,Alec Jones,Carter Burtlake,BMSC17,Wouwer Channel,48.86548,-125.36148,21/04/2026,2.5,SW,12:30,AJ,6,2,2,dim,Dermasterias imbricata,Leather star,1,1,,,,,,,,,,,,,,,,,,,,,,,,,,,,,,,,,,,,,,,,,,,,,,,,
832,Alec Jones,Carter Burtlake,BMSC17,Wouwer Channel,48.86548,-125.36148,21/04/2026,2.5,SW,12:30,AJ,6,2,2,pda,Pandalus danae,Dock shrimp,2,2,,,,,,,,,,,,,,,,,,,,,,,,,,,,,,,,,,,,,,,,,,,,,,,,
833,Alec Jones,Carter Burtlake,BMSC17,Wouwer Channel,48.86548,-125.36148,21/04/2026,2.5,SW,12:30,AJ,6,2,2,hermit,Paguroidea spp.,Unidentified hermit crab,2,2,,,,,,,,,,,,,,,,,,,,,,,,,,,,,,,,,,,,,,,,,,,,,,,,
834,Alec Jones,Carter Burtlake,BMSC17,Wouwer Channel,48.86548,-125.36148,21/04/2026,2.5,SW,12:30,AJ,6,0,2,sca,Sebastes caurinus,Copper rockfish,2,0,,,,,,,,,,2,,,,,,,,,,,,,,,,,,,,,,,,,,,,,,,,,,,,,,
835,Alec Jones,Carter Burtlake,BMSC17,Wouwer Channel,48.86548,-125.36148,21/04/2026,2.5,SW,12:30,AJ,6,0,2,sme,Sebastes melanops,Black rockfish,3,0,,,,,,,,,3,,,,,,,,,,,,,,,,,,,,,,,,,,,,,,,,,,,,,,,
836,Alec Jones,Carter Burtlake,BMSC17,Wouwer Channel,48.86548,-125.36148,21/04/2026,2.5,SW,12:30,AJ,6,0,2,otr,Orthonopias triacis,Snubnose sculpin,1,0,1,,,,,,,,,,,,,,,,,,,,,,,,,,,,,,,,,,,,,,,,,,,,,,,
837,Alec Jones,Claire Attridge,BMSC27,San Jose North Island,48.90118,-125.06043,22/04/2026,1.5,NW,10:10,CMA,7.5,0,2,hde,Hexagrammos decagrammus,Kelp greenling,1,0,,,,,,,,,1,,,,,,,,,,,,,,,,,,,,,,,,,,,,,,,,,,,,,,,
838,Alec Jones,Claire Attridge,BMSC27,San Jose North Island,48.90118,-125.06043,22/04/2026,1.5,NW,10:10,CMA,7.5,1,2,rni,Rhinogobiops nicholsii,Blackeye goby,4,0,,,3,1,,,,,,,,,,,,,,,,,,,,,,,,,,,,,,,,,,,,,,,,,,,,
839,Alec Jones,Claire Attridge,BMSC27,San Jose North Island,48.90118,-125.06043,22/04/2026,1.5,NW,10:10,CMA,7.5,2,2,mfr,Mesocentrotus franciscanus,Red sea urchin,37,37,,,,,,,,,,,,,,,,,,,,,,,,,,,,,,,,,,,,,,,,,,,,,,,,
840,Alec Jones,Claire Attridge,BMSC27,San Jose North Island,48.90118,-125.06043,22/04/2026,1.5,NW,10:10,CMA,7.5,2,2,pgi,Pomaulax gibberosus,Red turban shell,25,25,,,,,,,,,,,,,,,,,,,,,,,,,,,,,,,,,,,,,,,,,,,,,,,,
841,Alec Jones,Claire Attridge,BMSC27,San Jose North Island,48.90118,-125.06043,22/04/2026,1.5,NW,10:10,CMA,7.5,2,2,rni,Rhinogobiops nicholsii,Blackeye goby,26,0,10,7,9,,,,,,,,,,,,,,,,,,,,,,,,,,,,,,,,,,,,,,,,,,,,,
842,Alec Jones,Claire Attridge,BMSC27,San Jose North Island,48.90118,-125.06043,22/04/2026,1.5,NW,10:10,CMA,7.5,2,2,hcr,Hermissenda crassicornis,Opalescent nudibranch,39,39,,,,,,,,,,,,,,,,,,,,,,,,,,,,,,,,,,,,,,,,,,,,,,,,
843,Alec Jones,Claire Attridge,BMSC27,San Jose North Island,48.90118,-125.06043,22/04/2026,1.5,NW,10:10,CMA,7.5,2,2,cfo,Ceratostoma foliatum,Leafy hornmouth,8,8,,,,,,,,,,,,,,,,,,,,,,,,,,,,,,,,,,,,,,,,,,,,,,,,
844,Alec Jones,Claire Attridge,BMSC27,San Jose North Island,48.90118,-125.06043,22/04/2026,1.5,NW,10:10,CMA,7.5,2,2,cgi,Crassadoma gigantea,Purple-hinged rock scallop,15,0,,3,1,3,4,3,1,,,,,,,,,,,,,,,,,,,,,,,,,,,,,,,,,,,,,,,,,
845,Alec Jones,Claire Attridge,BMSC27,San Jose North Island,48.90118,-125.06043,22/04/2026,1.5,NW,10:10,CMA,7.5,2,2,hka,Haliotis kamtschatkana,Pinto abalone,9,0,,2,7,,,,,,,,,,,,,,,,,,,,,,,,,,,,,,,,,,,,,,,,,,,,,
846,Alec Jones,Claire Attridge,BMSC27,San Jose North Island,48.90118,-125.06043,22/04/2026,1.5,NW,10:10,CMA,7.5,2,2,aha,Artedius harringtoni,Scalyhead sculpin,9,0,7,1,,1,,,,,,,,,,,,,,,,,,,,,,,,,,,,,,,,,,,,,,,,,,,,
847,Alec Jones,Claire Attridge,BMSC27,San Jose North Island,48.90118,-125.06043,22/04/2026,1.5,NW,10:10,CMA,7.5,2,2,gor,Glebocarcinus oregonensis,Pygmy rock crab,3,3,,,,,,,,,,,,,,,,,,,,,,,,,,,,,,,,,,,,,,,,,,,,,,,,
848,Alec Jones,Claire Attridge,BMSC27,San Jose North Island,48.90118,-125.06043,22/04/2026,1.5,NW,10:10,CMA,7.5,2,2,dim,Dermasterias imbricata,Leather star,10,10,,,,,,,,,,,,,,,,,,,,,,,,,,,,,,,,,,,,,,,,,,,,,,,,
849,Alec Jones,Claire Attridge,BMSC27,San Jose North Island,48.90118,-125.06043,22/04/2026,1.5,NW,10:10,CMA,7.5,2,2,acal,Apostichopus californicus,Californian sea cucumber,24,24,,,,,,,,,,,,,,,,,,,,,,,,,,,,,,,,,,,,,,,,,,,,,,,,
850,Alec Jones,Claire Attridge,BMSC27,San Jose North Island,48.90118,-125.06043,22/04/2026,1.5,NW,10:10,CMA,7.5,2,2,ami,Acmaea mitra,Whitecap limpet,11,11,,,,,,,,,,,,,,,,,,,,,,,,,,,,,,,,,,,,,,,,,,,,,,,,
851,Alec Jones,Claire Attridge,BMSC27,San Jose North Island,48.90118,-125.06043,22/04/2026,1.5,NW,10:10,CMA,7.5,2,2,cha,Chlamys hastata,Spear scallop,1,1,,,,,,,,,,,,,,,,,,,,,,,,,,,,,,,,,,,,,,,,,,,,,,,,
852,Alec Jones,Claire Attridge,BMSC27,San Jose North Island,48.90118,-125.06043,22/04/2026,1.5,NW,10:10,CMA,7.5,2,2,etr,Evasterias troschelii,Mottled starfish,1,1,,,,,,,,,,,,,,,,,,,,,,,,,,,,,,,,,,,,,,,,,,,,,,,,
853,Alec Jones,Claire Attridge,BMSC27,San Jose North Island,48.90118,-125.06043,22/04/2026,1.5,NW,10:10,CMA,7.5,2,2,pmi,Patiria miniata,Bat star,7,7,,,,,,,,,,,,,,,,,,,,,,,,,,,,,,,,,,,,,,,,,,,,,,,,
854,Alec Jones,Claire Attridge,BMSC27,San Jose North Island,48.90118,-125.06043,22/04/2026,1.5,NW,10:10,CMA,7.5,2,2,pbe,Pagurus beringanus,Hermit crab,1,1,,,,,,,,,,,,,,,,,,,,,,,,,,,,,,,,,,,,,,,,,,,,,,,,
855,Alec Jones,Claire Attridge,BMSC27,San Jose North Island,48.90118,-125.06043,22/04/2026,1.5,NW,10:10,CMA,7.5,2,2,artedius,Artedius spp.,Unidentified artedius,1,0,1,,,,,,,,,,,,,,,,,,,,,,,,,,,,,,,,,,,,,,,,,,,,,,,
856,Alec Jones,Claire Attridge,BMSC27,San Jose North Island,48.90118,-125.06043,22/04/2026,1.5,NW,10:10,CMA,7.5,2,2,phe,Pagurus hemphilli,Maroon hermit,1,1,,,,,,,,,,,,,,,,,,,,,,,,,,,,,,,,,,,,,,,,,,,,,,,,
857,Alec Jones,Claire Attridge,BMSC27,San Jose North Island,48.90118,-125.06043,22/04/2026,1.5,NW,10:10,CMA,7.5,2,2,oko,Orthasterias koehleri,Rainbow star,2,2,,,,,,,,,,,,,,,,,,,,,,,,,,,,,,,,,,,,,,,,,,,,,,,,
858,Alec Jones,Claire Attridge,BMSC27,San Jose North Island,48.90118,-125.06043,22/04/2026,1.5,NW,10:10,CMA,7.5,2,2,sac,Scyra acutifrons,Sharpnose crab,1,1,,,,,,,,,,,,,,,,,,,,,,,,,,,,,,,,,,,,,,,,,,,,,,,,
859,Alec Jones,Claire Attridge,BMSC27,San Jose North Island,48.90118,-125.06043,22/04/2026,1.5,NW,10:10,CMA,7.5,2,2,ctr,Coryphella trilineata,Three-lined aeolid,1,1,,,,,,,,,,,,,,,,,,,,,,,,,,,,,,,,,,,,,,,,,,,,,,,,
860,Alec Jones,Carter Burtlake,BMSC2,Kirby,48.85039,-125.19876,22/04/2026,2,N,14:50,AJ,6.5,1,2,nsf,No species found,No species found,0,0,,,,,,,,,,,,,,,,,,,,,,,,,,,,,,,,,,,,,,,,,,,,,,,,
861,Alec Jones,Carter Burtlake,BMSC2,Kirby,48.85039,-125.19876,22/04/2026,2,N,14:50,AJ,6.5,2,2,mfr,Mesocentrotus franciscanus,Red sea urchin,130,130,,,,,,,,,,,,,,,,,,,,,,,,,,,,,,,,,,,,,,,,,,,,,,,,
862,Alec Jones,Carter Burtlake,BMSC2,Kirby,48.85039,-125.19876,22/04/2026,2,N,14:50,AJ,6.5,2,2,pgi,Pomaulax gibberosus,Red turban shell,107,107,,,,,,,,,,,,,,,,,,,,,,,,,,,,,,,,,,,,,,,,,,,,,,,,
863,Alec Jones,Carter Burtlake,BMSC2,Kirby,48.85039,-125.19876,22/04/2026,2,N,14:50,AJ,6.5,2,2,ami,Acmaea mitra,Whitecap limpet,24,24,,,,,,,,,,,,,,,,,,,,,,,,,,,,,,,,,,,,,,,,,,,,,,,,
864,Alec Jones,Carter Burtlake,BMSC2,Kirby,48.85039,-125.19876,22/04/2026,2,N,14:50,AJ,6.5,2,2,phe,Pagurus hemphilli,Maroon hermit,22,22,,,,,,,,,,,,,,,,,,,,,,,,,,,,,,,,,,,,,,,,,,,,,,,,
865,Alec Jones,Carter Burtlake,BMSC2,Kirby,48.85039,-125.19876,22/04/2026,2,N,14:50,AJ,6.5,2,2,oko,Orthasterias koehleri,Rainbow star,10,10,,,,,,,,,,,,,,,,,,,,,,,,,,,,,,,,,,,,,,,,,,,,,,,,
866,Alec Jones,Carter Burtlake,BMSC2,Kirby,48.85039,-125.19876,22/04/2026,2,N,14:50,AJ,6.5,2,2,hermit,Paguroidea spp.,Unidentified hermit crab,2,2,,,,,,,,,,,,,,,,,,,,,,,,,,,,,,,,,,,,,,,,,,,,,,,,
867,Alec Jones,Carter Burtlake,BMSC2,Kirby,48.85039,-125.19876,22/04/2026,2,N,14:50,AJ,6.5,2,2,gor,Glebocarcinus oregonensis,Pygmy rock crab,7,7,,,,,,,,,,,,,,,,,,,,,,,,,,,,,,,,,,,,,,,,,,,,,,,,
868,Alec Jones,Carter Burtlake,BMSC2,Kirby,48.85039,-125.19876,22/04/2026,2,N,14:50,AJ,6.5,2,2,pmi,Patiria miniata,Bat star,20,20,,,,,,,,,,,,,,,,,,,,,,,,,,,,,,,,,,,,,,,,,,,,,,,,
869,Alec Jones,Carter Burtlake,BMSC2,Kirby,48.85039,-125.19876,22/04/2026,2,N,14:50,AJ,6.5,2,2,das,Diodora aspera,Rough keyhole limpet,3,3,,,,,,,,,,,,,,,,,,,,,,,,,,,,,,,,,,,,,,,,,,,,,,,,
870,Alec Jones,Carter Burtlake,BMSC2,Kirby,48.85039,-125.19876,22/04/2026,2,N,14:50,AJ,6.5,2,2,cfo,Ceratostoma foliatum,Leafy hornmouth,9,9,,,,,,,,,,,,,,,,,,,,,,,,,,,,,,,,,,,,,,,,,,,,,,,,
871,Alec Jones,Carter Burtlake,BMSC2,Kirby,48.85039,-125.19876,22/04/2026,2,N,14:50,AJ,6.5,2,2,pda,Pandalus danae,Dock shrimp,2,2,,,,,,,,,,,,,,,,,,,,,,,,,,,,,,,,,,,,,,,,,,,,,,,,
872,Alec Jones,Carter Burtlake,BMSC2,Kirby,48.85039,-125.19876,22/04/2026,2,N,14:50,AJ,6.5,2,2,pachycheles,Pachycheles spp.,,5,5,,,,,,,,,,,,,,,,,,,,,,,,,,,,,,,,,,,,,,,,,,,,,,,,
873,Alec Jones,Carter Burtlake,BMSC2,Kirby,48.85039,-125.19876,22/04/2026,2,N,14:50,AJ,6.5,2,2,dim,Dermasterias imbricata,Leather star,6,6,,,,,,,,,,,,,,,,,,,,,,,,,,,,,,,,,,,,,,,,,,,,,,,,
874,Alec Jones,Carter Burtlake,BMSC2,Kirby,48.85039,-125.19876,22/04/2026,2,N,14:50,AJ,6.5,2,2,acal,Apostichopus californicus,Californian sea cucumber,11,11,,,,,,,,,,,,,,,,,,,,,,,,,,,,,,,,,,,,,,,,,,,,,,,,
875,Alec Jones,Carter Burtlake,BMSC2,Kirby,48.85039,-125.19876,22/04/2026,2,N,14:50,AJ,6.5,2,2,hka,Haliotis kamtschatkana,Pinto abalone,3,0,1,2,,,,,,,,,,,,,,,,,,,,,,,,,,,,,,,,,,,,,,,,,,,,,,
876,Alec Jones,Carter Burtlake,BMSC2,Kirby,48.85039,-125.19876,22/04/2026,2,N,14:50,AJ,6.5,2,2,owr,Opalia wroblewskyi,Wroblewski's Wentletrap,1,1,,,,,,,,,,,,,,,,,,,,,,,,,,,,,,,,,,,,,,,,,,,,,,,,
877,Alec Jones,Carter Burtlake,BMSC2,Kirby,48.85039,-125.19876,22/04/2026,2,N,14:50,AJ,6.5,2,2,etr,Evasterias troschelii,Mottled starfish,2,2,,,,,,,,,,,,,,,,,,,,,,,,,,,,,,,,,,,,,,,,,,,,,,,,
878,Alec Jones,Carter Burtlake,BMSC2,Kirby,48.85039,-125.19876,22/04/2026,2,N,14:50,AJ,6.5,2,2,otr,Orthonopias triacis,Snubnose sculpin,1,0,,1,,,,,,,,,,,,,,,,,,,,,,,,,,,,,,,,,,,,,,,,,,,,,,
879,Alec Jones,Carter Burtlake,BMSC2,Kirby,48.85039,-125.19876,22/04/2026,2,N,14:50,AJ,6.5,2,2,henricia,Henricia spp.,Unidentified blood star,1,1,,,,,,,,,,,,,,,,,,,,,,,,,,,,,,,,,,,,,,,,,,,,,,,,
880,Alec Jones,Carter Burtlake,BMSC2,Kirby,48.85039,-125.19876,22/04/2026,2,N,14:50,AJ,6.5,2,2,rni,Rhinogobiops nicholsii,Blackeye goby,1,0,1,,,,,,,,,,,,,,,,,,,,,,,,,,,,,,,,,,,,,,,,,,,,,,,
881,Alec Jones,Carter Burtlake,BMSC2,Kirby,48.85039,-125.19876,22/04/2026,2,N,14:50,AJ,6.5,2,2,artedius,Artedius spp.,Unidentified artedius,1,0,1,,,,,,,,,,,,,,,,,,,,,,,,,,,,,,,,,,,,,,,,,,,,,,,
882,Alec Jones,Tom Bird,BMSC3,Ohiat,48.85558,-125.18379,23/04/2026,3.5,W,11:21,AJ,5.5,1,1,hde,Hexagrammos decagrammus,Kelp greenling,2,0,,,,,,,,,1,1,,,,,,,,,,,,,,,,,,,,,,,,,,,,,,,,,,,,,,
883,Alec Jones,Tom Bird,BMSC3,Ohiat,48.85558,-125.18379,23/04/2026,3.5,W,11:21,AJ,5.5,1,1,sme,Sebastes melanops,Black rockfish,4,0,,,,,,,,,1,3,,,,,,,,,,,,,,,,,,,,,,,,,,,,,,,,,,,,,,
884,Alec Jones,Tom Bird,BMSC3,Ohiat,48.85558,-125.18379,23/04/2026,3.5,W,11:21,AJ,5.5,2,1,mfr,Mesocentrotus franciscanus,Red sea urchin,243,243,,,,,,,,,,,,,,,,,,,,,,,,,,,,,,,,,,,,,,,,,,,,,,,,
885,Alec Jones,Tom Bird,BMSC3,Ohiat,48.85558,-125.18379,23/04/2026,3.5,W,11:21,AJ,5.5,2,1,pgi,Pomaulax gibberosus,Red turban shell,15,15,,,,,,,,,,,,,,,,,,,,,,,,,,,,,,,,,,,,,,,,,,,,,,,,
886,Alec Jones,Tom Bird,BMSC3,Ohiat,48.85558,-125.18379,23/04/2026,3.5,W,11:21,AJ,5.5,2,1,artedius,Artedius spp.,Unidentified artedius,1,0,1,,,,,,,,,,,,,,,,,,,,,,,,,,,,,,,,,,,,,,,,,,,,,,,
887,Alec Jones,Tom Bird,BMSC3,Ohiat,48.85558,-125.18379,23/04/2026,3.5,W,11:21,AJ,5.5,2,1,spur,Strongylocentrotus purpuratus,Purple sea urchin,6,6,,,,,,,,,,,,,,,,,,,,,,,,,,,,,,,,,,,,,,,,,,,,,,,,
888,Alec Jones,Tom Bird,BMSC3,Ohiat,48.85558,-125.18379,23/04/2026,3.5,W,11:21,AJ,5.5,2,1,ami,Acmaea mitra,Whitecap limpet,34,34,,,,,,,,,,,,,,,,,,,,,,,,,,,,,,,,,,,,,,,,,,,,,,,,
889,Alec Jones,Tom Bird,BMSC3,Ohiat,48.85558,-125.18379,23/04/2026,3.5,W,11:21,AJ,5.5,2,1,hcr,Hermissenda crassicornis,Opalescent nudibranch,10,10,,,,,,,,,,,,,,,,,,,,,,,,,,,,,,,,,,,,,,,,,,,,,,,,
890,Alec Jones,Tom Bird,BMSC3,Ohiat,48.85558,-125.18379,23/04/2026,3.5,W,11:21,AJ,5.5,2,1,hka,Haliotis kamtschatkana,Pinto abalone,21,0,12,7,2,,,,,,,,,,,,,,,,,,,,,,,,,,,,,,,,,,,,,,,,,,,,,
891,Alec Jones,Tom Bird,BMSC3,Ohiat,48.85558,-125.18379,23/04/2026,3.5,W,11:21,AJ,5.5,2,1,nla,Nucella lamellosa,Frilled dogwinkle,1,1,,,,,,,,,,,,,,,,,,,,,,,,,,,,,,,,,,,,,,,,,,,,,,,,
892,Alec Jones,Tom Bird,BMSC3,Ohiat,48.85558,-125.18379,23/04/2026,3.5,W,11:21,AJ,5.5,2,1,dim,Dermasterias imbricata,Leather star,21,21,,,,,,,,,,,,,,,,,,,,,,,,,,,,,,,,,,,,,,,,,,,,,,,,
893,Alec Jones,Tom Bird,BMSC3,Ohiat,48.85558,-125.18379,23/04/2026,3.5,W,11:21,AJ,5.5,2,1,pmi,Patiria miniata,Bat star,27,27,,,,,,,,,,,,,,,,,,,,,,,,,,,,,,,,,,,,,,,,,,,,,,,,
894,Alec Jones,Tom Bird,BMSC3,Ohiat,48.85558,-125.18379,23/04/2026,3.5,W,11:21,AJ,5.5,2,1,hermit,Paguroidea spp.,Unidentified hermit crab,5,5,,,,,,,,,,,,,,,,,,,,,,,,,,,,,,,,,,,,,,,,,,,,,,,,
895,Alec Jones,Tom Bird,BMSC3,Ohiat,48.85558,-125.18379,23/04/2026,3.5,W,11:21,AJ,5.5,2,1,cfo,Ceratostoma foliatum,Leafy hornmouth,25,25,,,,,,,,,,,,,,,,,,,,,,,,,,,,,,,,,,,,,,,,,,,,,,,,
896,Alec Jones,Tom Bird,BMSC3,Ohiat,48.85558,-125.18379,23/04/2026,3.5,W,11:21,AJ,5.5,2,1,henricia,Henricia spp.,Unidentified blood star,9,9,,,,,,,,,,,,,,,,,,,,,,,,,,,,,,,,,,,,,,,,,,,,,,,,
897,Alec Jones,Tom Bird,BMSC3,Ohiat,48.85558,-125.18379,23/04/2026,3.5,W,11:21,AJ,5.5,2,1,phe,Pagurus hemphilli,Maroon hermit,10,10,,,,,,,,,,,,,,,,,,,,,,,,,,,,,,,,,,,,,,,,,,,,,,,,
898,Alec Jones,Tom Bird,BMSC3,Ohiat,48.85558,-125.18379,23/04/2026,3.5,W,11:21,AJ,5.5,2,1,acal,Apostichopus californicus,Californian sea cucumber,11,11,,,,,,,,,,,,,,,,,,,,,,,,,,,,,,,,,,,,,,,,,,,,,,,,
899,Alec Jones,Tom Bird,BMSC3,Ohiat,48.85558,-125.18379,23/04/2026,3.5,W,11:21,AJ,5.5,2,1,aha,Artedius harringtoni,Scalyhead sculpin,5,0,4,1,,,,,,,,,,,,,,,,,,,,,,,,,,,,,,,,,,,,,,,,,,,,,,
900,Alec Jones,Tom Bird,BMSC3,Ohiat,48.85558,-125.18379,23/04/2026,3.5,W,11:21,AJ,5.5,2,1,das,Diodora aspera,Rough keyhole limpet,1,1,,,,,,,,,,,,,,,,,,,,,,,,,,,,,,,,,,,,,,,,,,,,,,,,
901,Alec Jones,Tom Bird,BMSC3,Ohiat,48.85558,-125.18379,23/04/2026,3.5,W,11:21,AJ,5.5,2,1,oko,Orthasterias koehleri,Rainbow star,6,6,,,,,,,,,,,,,,,,,,,,,,,,,,,,,,,,,,,,,,,,,,,,,,,,
902,Alec Jones,Tom Bird,BMSC3,Ohiat,48.85558,-125.18379,23/04/2026,3.5,W,11:21,AJ,5.5,2,1,cgi,Crassadoma gigantea,Purple-hinged rock scallop,13,0,,2,1,,2,8,,,,,,,,,,,,,,,,,,,,,,,,,,,,,,,,,,,,,,,,,,
903,Alec Jones,Tom Bird,BMSC3,Ohiat,48.85558,-125.18379,23/04/2026,3.5,W,11:21,AJ,5.5,2,1,hpu,Henricia pumila,Dwarf mottled henricia,1,1,,,,,,,,,,,,,,,,,,,,,,,,,,,,,,,,,,,,,,,,,,,,,,,,
904,Alec Jones,Tom Bird,BMSC3,Ohiat,48.85558,-125.18379,23/04/2026,3.5,W,11:21,AJ,5.5,2,1,rni,Rhinogobiops nicholsii,Blackeye goby,1,0,,1,,,,,,,,,,,,,,,,,,,,,,,,,,,,,,,,,,,,,,,,,,,,,,
905,Alec Jones,Tom Bird,BMSC3,Ohiat,48.85558,-125.18379,23/04/2026,3.5,W,11:21,AJ,5.5,2,1,dsc,Discorsopagurus schmitti,Tubeworm hermit,1,1,,,,,,,,,,,,,,,,,,,,,,,,,,,,,,,,,,,,,,,,,,,,,,,,
906,Alec Jones,Tom Bird,BMSC3,Ohiat,48.85558,-125.18379,23/04/2026,3.5,W,11:21,AJ,5.5,2,1,pca,Pagurus caurinus,Greenmark hermit,3,3,,,,,,,,,,,,,,,,,,,,,,,,,,,,,,,,,,,,,,,,,,,,,,,,
907,Alec Jones,Tom Bird,BMSC3,Ohiat,48.85558,-125.18379,23/04/2026,3.5,W,11:21,AJ,5.5,2,1,pbe,Pagurus beringanus,Hermit crab,2,2,,,,,,,,,,,,,,,,,,,,,,,,,,,,,,,,,,,,,,,,,,,,,,,,
908,Alec Jones,Tom Bird,BMSC3,Ohiat,48.85558,-125.18379,23/04/2026,3.5,W,11:21,AJ,5.5,2,1,lco,Limacia cockerelli,Cockerell's dorid,2,2,,,,,,,,,,,,,,,,,,,,,,,,,,,,,,,,,,,,,,,,,,,,,,,,
909,Alec Jones,Tom Bird,BMSC3,Ohiat,48.85558,-125.18379,23/04/2026,3.5,W,11:21,AJ,5.5,2,1,sac,Scyra acutifrons,Sharpnose crab,5,5,,,,,,,,,,,,,,,,,,,,,,,,,,,,,,,,,,,,,,,,,,,,,,,,
910,Alec Jones,Tom Bird,BMSC3,Ohiat,48.85558,-125.18379,23/04/2026,3.5,W,11:21,AJ,5.5,2,1,oin,Oedignathus inermis,Granular clawed crab,1,1,,,,,,,,,,,,,,,,,,,,,,,,,,,,,,,,,,,,,,,,,,,,,,,,
911,Alec Jones,Tom Bird,BMSC3,Ohiat,48.85558,-125.18379,23/04/2026,3.5,W,11:21,AJ,5.5,2,1,gor,Glebocarcinus oregonensis,Pygmy rock crab,1,1,,,,,,,,,,,,,,,,,,,,,,,,,,,,,,,,,,,,,,,,,,,,,,,,
912,Alec Jones,Tom Bird,BMSC3,Ohiat,48.85558,-125.18379,23/04/2026,3.5,W,11:21,AJ,5.5,2,1,ahu,Acanthodoris hudsoni,Hudson's dorid,1,1,,,,,,,,,,,,,,,,,,,,,,,,,,,,,,,,,,,,,,,,,,,,,,,,
913,Alec Jones,Tom Bird,BMSC3,Ohiat,48.85558,-125.18379,23/04/2026,3.5,W,11:21,AJ,5.5,2,1,poc,Pisaster ochraceus,Purple sea star,1,1,,,,,,,,,,,,,,,,,,,,,,,,,,,,,,,,,,,,,,,,,,,,,,,,
914,Alec Jones,Tom Bird,BMSC3,Ohiat,48.85558,-125.18379,23/04/2026,3.5,W,11:21,AJ,5.5,2,1,etr,Evasterias troschelii,Mottled starfish,1,1,,,,,,,,,,,,,,,,,,,,,,,,,,,,,,,,,,,,,,,,,,,,,,,,
915,Alec Jones,Tom Bird,BMSC24,Swiss Boy,48.91607,-125.13117,24/04/2026,2.5,NE,10:16,AJ,6.5,1,2,hde,Hexagrammos decagrammus,Kelp greenling,7,0,,,,,,,1,2,1,,2,1,,,,,,,,,,,,,,,,,,,,,,,,,,,,,,,,,,,,
916,Alec Jones,Tom Bird,BMSC24,Swiss Boy,48.91607,-125.13117,24/04/2026,2.5,NE,10:16,AJ,6.5,2,2,cfo,Ceratostoma foliatum,Leafy hornmouth,10,10,,,,,,,,,,,,,,,,,,,,,,,,,,,,,,,,,,,,,,,,,,,,,,,,
917,Alec Jones,Tom Bird,BMSC24,Swiss Boy,48.91607,-125.13117,24/04/2026,2.5,NE,10:16,AJ,6.5,2,2,sac,Scyra acutifrons,Sharpnose crab,8,8,,,,,,,,,,,,,,,,,,,,,,,,,,,,,,,,,,,,,,,,,,,,,,,,
918,Alec Jones,Tom Bird,BMSC24,Swiss Boy,48.91607,-125.13117,24/04/2026,2.5,NE,10:16,AJ,6.5,2,2,mfr,Mesocentrotus franciscanus,Red sea urchin,191,191,,,,,,,,,,,,,,,,,,,,,,,,,,,,,,,,,,,,,,,,,,,,,,,,
919,Alec Jones,Tom Bird,BMSC24,Swiss Boy,48.91607,-125.13117,24/04/2026,2.5,NE,10:16,AJ,6.5,2,2,phe,Pagurus hemphilli,Maroon hermit,11,11,,,,,,,,,,,,,,,,,,,,,,,,,,,,,,,,,,,,,,,,,,,,,,,,
920,Alec Jones,Tom Bird,BMSC24,Swiss Boy,48.91607,-125.13117,24/04/2026,2.5,NE,10:16,AJ,6.5,2,2,ami,Acmaea mitra,Whitecap limpet,12,12,,,,,,,,,,,,,,,,,,,,,,,,,,,,,,,,,,,,,,,,,,,,,,,,
921,Alec Jones,Tom Bird,BMSC24,Swiss Boy,48.91607,-125.13117,24/04/2026,2.5,NE,10:16,AJ,6.5,2,2,dim,Dermasterias imbricata,Leather star,9,9,,,,,,,,,,,,,,,,,,,,,,,,,,,,,,,,,,,,,,,,,,,,,,,,
922,Alec Jones,Tom Bird,BMSC24,Swiss Boy,48.91607,-125.13117,24/04/2026,2.5,NE,10:16,AJ,6.5,2,2,pmi,Patiria miniata,Bat star,26,26,,,,,,,,,,,,,,,,,,,,,,,,,,,,,,,,,,,,,,,,,,,,,,,,
923,Alec Jones,Tom Bird,BMSC24,Swiss Boy,48.91607,-125.13117,24/04/2026,2.5,NE,10:16,AJ,6.5,2,2,hka,Haliotis kamtschatkana,Pinto abalone,55,0,32,15,5,3,,,,,,,,,,,,,,,,,,,,,,,,,,,,,,,,,,,,,,,,,,,,
924,Alec Jones,Tom Bird,BMSC24,Swiss Boy,48.91607,-125.13117,24/04/2026,2.5,NE,10:16,AJ,6.5,2,2,oko,Orthasterias koehleri,Rainbow star,7,7,,,,,,,,,,,,,,,,,,,,,,,,,,,,,,,,,,,,,,,,,,,,,,,,
925,Alec Jones,Tom Bird,BMSC24,Swiss Boy,48.91607,-125.13117,24/04/2026,2.5,NE,10:16,AJ,6.5,2,2,henricia,Henricia spp.,Unidentified blood star,4,4,,,,,,,,,,,,,,,,,,,,,,,,,,,,,,,,,,,,,,,,,,,,,,,,
926,Alec Jones,Tom Bird,BMSC24,Swiss Boy,48.91607,-125.13117,24/04/2026,2.5,NE,10:16,AJ,6.5,2,2,spur,Strongylocentrotus purpuratus,Purple sea urchin,14,14,,,,,,,,,,,,,,,,,,,,,,,,,,,,,,,,,,,,,,,,,,,,,,,,
927,Alec Jones,Tom Bird,BMSC24,Swiss Boy,48.91607,-125.13117,24/04/2026,2.5,NE,10:16,AJ,6.5,2,2,cgi,Crassadoma gigantea,Purple-hinged rock scallop,6,0,,2,,1,,3,,,,,,,,,,,,,,,,,,,,,,,,,,,,,,,,,,,,,,,,,,
928,Alec Jones,Tom Bird,BMSC24,Swiss Boy,48.91607,-125.13117,24/04/2026,2.5,NE,10:16,AJ,6.5,2,2,cadlina,Cadlina spp.,Unidentified yellow rimmed,1,1,,,,,,,,,,,,,,,,,,,,,,,,,,,,,,,,,,,,,,,,,,,,,,,,
929,Alec Jones,Tom Bird,BMSC24,Swiss Boy,48.91607,-125.13117,24/04/2026,2.5,NE,10:16,AJ,6.5,2,2,hpu,Henricia pumila,Dwarf mottled henricia,1,1,,,,,,,,,,,,,,,,,,,,,,,,,,,,,,,,,,,,,,,,,,,,,,,,
930,Alec Jones,Tom Bird,BMSC24,Swiss Boy,48.91607,-125.13117,24/04/2026,2.5,NE,10:16,AJ,6.5,2,2,sdr,Strongylocentrotus droebachiensis,Northern sea urchin,5,5,,,,,,,,,,,,,,,,,,,,,,,,,,,,,,,,,,,,,,,,,,,,,,,,
931,Alec Jones,Tom Bird,BMSC24,Swiss Boy,48.91607,-125.13117,24/04/2026,2.5,NE,10:16,AJ,6.5,2,2,poc,Pisaster ochraceus,Purple sea star,134,134,,,,,,,,,,,,,,,,,,,,,,,,,,,,,,,,,,,,,,,,,,,,,,,,
932,Alec Jones,Tom Bird,BMSC24,Swiss Boy,48.91607,-125.13117,24/04/2026,2.5,NE,10:16,AJ,6.5,2,2,pgi,Pomaulax gibberosus,Red turban shell,2,2,,,,,,,,,,,,,,,,,,,,,,,,,,,,,,,,,,,,,,,,,,,,,,,,
933,Alec Jones,Tom Bird,BMSC24,Swiss Boy,48.91607,-125.13117,24/04/2026,2.5,NE,10:16,AJ,6.5,2,2,das,Diodora aspera,Rough keyhole limpet,2,2,,,,,,,,,,,,,,,,,,,,,,,,,,,,,,,,,,,,,,,,,,,,,,,,
934,Alec Jones,Tom Bird,BMSC24,Swiss Boy,48.91607,-125.13117,24/04/2026,2.5,NE,10:16,AJ,6.5,2,2,acal,Apostichopus californicus,Californian sea cucumber,17,17,,,,,,,,,,,,,,,,,,,,,,,,,,,,,,,,,,,,,,,,,,,,,,,,
935,Alec Jones,Tom Bird,BMSC24,Swiss Boy,48.91607,-125.13117,24/04/2026,2.5,NE,10:16,AJ,6.5,2,2,aha,Artedius harringtoni,Scalyhead sculpin,4,0,2,2,,,,,,,,,,,,,,,,,,,,,,,,,,,,,,,,,,,,,,,,,,,,,,
936,Alec Jones,Tom Bird,BMSC24,Swiss Boy,48.91607,-125.13117,24/04/2026,2.5,NE,10:16,AJ,6.5,2,2,hcr,Hermissenda crassicornis,Opalescent nudibranch,2,2,,,,,,,,,,,,,,,,,,,,,,,,,,,,,,,,,,,,,,,,,,,,,,,,
937,Alec Jones,Tom Bird,BMSC24,Swiss Boy,48.91607,-125.13117,24/04/2026,2.5,NE,10:16,AJ,6.5,2,2,cha,Chlamys hastata,Spear scallop,1,1,,,,,,,,,,,,,,,,,,,,,,,,,,,,,,,,,,,,,,,,,,,,,,,,
938,Alec Jones,Tom Bird,BMSC24,Swiss Boy,48.91607,-125.13117,24/04/2026,2.5,NE,10:16,AJ,6.5,2,2,ctr,Coryphella trilineata,Three-lined aeolid,2,2,,,,,,,,,,,,,,,,,,,,,,,,,,,,,,,,,,,,,,,,,,,,,,,,
939,Carter Burtlake,Alec Jones,BMSC22,Dixon Inside,48.85427,-125.11703,14/04/2026 ,2,E,12:12,CBL,6.7,0,0,sebastes,Sebastes spp.,,2,0,1,1,,,,,,,,,,,,,,,,,,,,,,,,,,,,,,,,,,,,,,,,,,,,,,
940,Carter Burtlake,Alec Jones,BMSC22,Dixon Inside,48.85427,-125.11703,14/04/2026 ,2,E,12:12,CBL,6.7,0,0,edo,Enteroctopus dofleini,Giant Pacific octopus,1,1,,,,,,,,,,,,,,,,,,,,,,,,,,,,,,,,,,,,,,,,,,,,,,,,
941,Carter Burtlake,Alec Jones,BMSC22,Dixon Inside,48.85427,-125.11703,14/04/2026 ,2,E,12:12,CBL,6.7,0,2,hcr,Hermissenda crassicornis,Opalescent nudibranch,1,1,,,,,,,,,,,,,,,,,,,,,,,,,,,,,,,,,,,,,,,,,,,,,,,,
942,Carter Burtlake,Alec Jones,BMSC22,Dixon Inside,48.85427,-125.11703,14/04/2026 ,2,E,12:12,CBL,6.7,0,2,henricia,Henricia spp.,Unidentified blood star,1,1,,,,,,,,,,,,,,,,,,,,,,,,,,,,,,,,,,,,,,,,,,,,,,,,
943,Carter Burtlake,Alec Jones,BMSC22,Dixon Inside,48.85427,-125.11703,14/04/2026 ,2,E,12:12,CBL,6.7,0,2,ppa,Phyllolithodes papillosus,Heart crab,1,1,,,,,,,,,,,,,,,,,,,,,,,,,,,,,,,,,,,,,,,,,,,,,,,,
944,Carter Burtlake,Alec Jones,BMSC22,Dixon Inside,48.85427,-125.11703,14/04/2026 ,2,E,12:12,CBL,6.7,0,0,phel,Pycnopodia helianthoides,Sunflower star,1,0,,,,,,1,,,,,,,,,,,,,,,,,,,,,,,,,,,,,,,,,,,,,,,,,,
945,Carter Burtlake,Alec Jones,BMSC22,Dixon Inside,48.85427,-125.11703,14/04/2026 ,2,E,12:12,CBL,6.7,0,0,noc,Nautichthys oculofasciatus,Sailfin sculpin,1,1,,,,,,,,,,,,,,,,,,,,,,,,,,,,,,,,,,,,,,,,,,,,,,,,
946,Carter Burtlake,Alec Jones,BMSC22,Dixon Inside,48.85427,-125.11703,14/04/2026 ,2,E,12:12,CBL,6.7,1,1,rni,Rhinogobiops nicholsii,Blackeye goby,58,0,28,15,15,,,,,,,,,,,,,,,,,,,,,,,,,,,,,,,,,,,,,,,,,,,,,
947,Carter Burtlake,Alec Jones,BMSC22,Dixon Inside,48.85427,-125.11703,14/04/2026 ,2,E,12:12,CBL,6.7,1,1,hde,Hexagrammos decagrammus,Kelp greenling,1,0,,,1,,,,,,,,,,,,,,,,,,,,,,,,,,,,,,,,,,,,,,,,,,,,,
948,Carter Burtlake,Alec Jones,BMSC22,Dixon Inside,48.85427,-125.11703,14/04/2026 ,2,E,12:12,CBL,6.7,0,0,opi,Oxylebius pictus,Painted greenling,1,0,,,,1,,,,,,,,,,,,,,,,,,,,,,,,,,,,,,,,,,,,,,,,,,,,
949,Carter Burtlake,Alec Jones,BMSC22,Dixon Inside,48.85427,-125.11703,14/04/2026 ,2,E,12:12,CBL,6.7,2,2,pgi,Pomaulax gibberosus,Red turban shell,106,106,,,,,,,,,,,,,,,,,,,,,,,,,,,,,,,,,,,,,,,,,,,,,,,,
950,Carter Burtlake,Alec Jones,BMSC22,Dixon Inside,48.85427,-125.11703,14/04/2026 ,2,E,12:12,CBL,6.7,2,2,ami,Acmaea mitra,Whitecap limpet,34,34,,,,,,,,,,,,,,,,,,,,,,,,,,,,,,,,,,,,,,,,,,,,,,,,
951,Carter Burtlake,Alec Jones,BMSC22,Dixon Inside,48.85427,-125.11703,14/04/2026 ,2,E,12:12,CBL,6.7,2,2,mfr,Mesocentrotus franciscanus,Red sea urchin,101,101,,,,,,,,,,,,,,,,,,,,,,,,,,,,,,,,,,,,,,,,,,,,,,,,
952,Carter Burtlake,Alec Jones,BMSC22,Dixon Inside,48.85427,-125.11703,14/04/2026 ,2,E,12:12,CBL,6.7,2,2,rni,Rhinogobiops nicholsii,Blackeye goby,58,0,28,15,15,,,,,,,,,,,,,,,,,,,,,,,,,,,,,,,,,,,,,,,,,,,,,
953,Carter Burtlake,Alec Jones,BMSC22,Dixon Inside,48.85427,-125.11703,14/04/2026 ,2,E,12:12,CBL,6.7,2,2,phe,Pagurus hemphilli,Maroon hermit,6,6,,,,,,,,,,,,,,,,,,,,,,,,,,,,,,,,,,,,,,,,,,,,,,,,
954,Carter Burtlake,Alec Jones,BMSC22,Dixon Inside,48.85427,-125.11703,14/04/2026 ,2,E,12:12,CBL,6.7,2,2,cfo,Ceratostoma foliatum,Leafy hornmouth,22,22,,,,,,,,,,,,,,,,,,,,,,,,,,,,,,,,,,,,,,,,,,,,,,,,
955,Carter Burtlake,Alec Jones,BMSC22,Dixon Inside,48.85427,-125.11703,14/04/2026 ,2,E,12:12,CBL,6.7,2,2,gor,Glebocarcinus oregonensis,Pygmy rock crab,8,8,,,,,,,,,,,,,,,,,,,,,,,,,,,,,,,,,,,,,,,,,,,,,,,,
956,Carter Burtlake,Alec Jones,BMSC22,Dixon Inside,48.85427,-125.11703,14/04/2026 ,2,E,12:12,CBL,6.7,2,2,aha,Artedius harringtoni,Scalyhead sculpin,1,0,1,,,,,,,,,,,,,,,,,,,,,,,,,,,,,,,,,,,,,,,,,,,,,,,
957,Carter Burtlake,Alec Jones,BMSC22,Dixon Inside,48.85427,-125.11703,14/04/2026 ,2,E,12:12,CBL,6.7,2,2,pachycheles,Pachycheles spp.,,3,3,,,,,,,,,,,,,,,,,,,,,,,,,,,,,,,,,,,,,,,,,,,,,,,,
958,Carter Burtlake,Alec Jones,BMSC22,Dixon Inside,48.85427,-125.11703,14/04/2026 ,2,E,12:12,CBL,6.7,2,2,cgi,Crassadoma gigantea,Purple-hinged rock scallop,15,0,4,6,2,3,,,,,,,,,,,,,,,,,,,,,,,,,,,,,,,,,,,,,,,,,,,,
959,Carter Burtlake,Alec Jones,BMSC22,Dixon Inside,48.85427,-125.11703,14/04/2026 ,2,E,12:12,CBL,6.7,2,2,pmi,Patiria miniata,Bat star,15,15,,,,,,,,,,,,,,,,,,,,,,,,,,,,,,,,,,,,,,,,,,,,,,,,
960,Carter Burtlake,Alec Jones,BMSC22,Dixon Inside,48.85427,-125.11703,14/04/2026 ,2,E,12:12,CBL,6.7,2,2,ogr,Oregonia gracilis,Graceful decorator crab,1,1,,,,,,,,,,,,,,,,,,,,,,,,,,,,,,,,,,,,,,,,,,,,,,,,
961,Carter Burtlake,Alec Jones,BMSC22,Dixon Inside,48.85427,-125.11703,14/04/2026 ,2,E,12:12,CBL,6.7,2,2,hka,Haliotis kamtschatkana,Pinto abalone,18,0,2,7,5,4,,,,,,,,,,,,,,,,,,,,,,,,,,,,,,,,,,,,,,,,,,,,
962,Carter Burtlake,Alec Jones,BMSC22,Dixon Inside,48.85427,-125.11703,14/04/2026 ,2,E,12:12,CBL,6.7,2,2,acal,Apostichopus californicus,Californian sea cucumber,18,18,,,,,,,,,,,,,,,,,,,,,,,,,,,,,,,,,,,,,,,,,,,,,,,,
963,Carter Burtlake,Alec Jones,BMSC22,Dixon Inside,48.85427,-125.11703,14/04/2026 ,2,E,12:12,CBL,6.7,2,2,dim,Dermasterias imbricata,Leather star,10,10,,,,,,,,,,,,,,,,,,,,,,,,,,,,,,,,,,,,,,,,,,,,,,,,
964,Carter Burtlake,Alec Jones,BMSC22,Dixon Inside,48.85427,-125.11703,14/04/2026 ,2,E,12:12,CBL,6.7,2,2,hemilepidotus,Hemilepidotus spp.,Unidentified Irish lord,1,0,1,,,,,,,,,,,,,,,,,,,,,,,,,,,,,,,,,,,,,,,,,,,,,,,
965,Carter Burtlake,Alec Jones,BMSC22,Dixon Inside,48.85427,-125.11703,14/04/2026 ,2,E,12:12,CBL,6.7,2,2,cpr,Cancer productus,Red rock crab,4,4,,,,,,,,,,,,,,,,,,,,,,,,,,,,,,,,,,,,,,,,,,,,,,,,
966,Carter Burtlake,Alec Jones,BMSC22,Dixon Inside,48.85427,-125.11703,14/04/2026 ,2,E,12:12,CBL,6.7,2,2,das,Diodora aspera,Rough keyhole limpet,3,3,,,,,,,,,,,,,,,,,,,,,,,,,,,,,,,,,,,,,,,,,,,,,,,,
967,Carter Burtlake,Alec Jones,BMSC22,Dixon Inside,48.85427,-125.11703,14/04/2026 ,2,E,12:12,CBL,6.7,2,2,sfo,Stylasterias forreri,Velcro seastar,1,1,,,,,,,,,,,,,,,,,,,,,,,,,,,,,,,,,,,,,,,,,,,,,,,,
968,Carter Burtlake,Alec Jones,BMSC22,Dixon Inside,48.85427,-125.11703,14/04/2026 ,2,E,12:12,CBL,6.7,2,2,poc,Pisaster ochraceus,Purple sea star,1,1,,,,,,,,,,,,,,,,,,,,,,,,,,,,,,,,,,,,,,,,,,,,,,,,
969,Carter Burtlake,Alec Jones,BMSC22,Dixon Inside,48.85427,-125.11703,14/04/2026 ,2,E,12:12,CBL,6.7,2,2,pcl,Pholis clemensi,Longfin gunnel,1,0,,1,,,,,,,,,,,,,,,,,,,,,,,,,,,,,,,,,,,,,,,,,,,,,,
970,Carter Burtlake,Alec Jones,BMSC22,Dixon Inside,48.85427,-125.11703,14/04/2026 ,2,E,12:12,CBL,6.7,2,2,oko,Orthasterias koehleri,Rainbow star,1,1,,,,,,,,,,,,,,,,,,,,,,,,,,,,,,,,,,,,,,,,,,,,,,,,
971,Carter Burtlake,Alec Jones,BMSC22,Dixon Inside,48.85427,-125.11703,14/04/2026 ,2,E,12:12,CBL,6.7,2,2,etr,Evasterias troschelii,Mottled starfish,1,1,,,,,,,,,,,,,,,,,,,,,,,,,,,,,,,,,,,,,,,,,,,,,,,,
972,Carter Burtlake,Alec Jones,BMSC22,Dixon Inside,48.85427,-125.11703,14/04/2026 ,2,E,12:12,CBL,6.7,2,2,sac,Scyra acutifrons,Sharpnose crab,2,2,,,,,,,,,,,,,,,,,,,,,,,,,,,,,,,,,,,,,,,,,,,,,,,,
973,Carter Burtlake,Alec Jones,BMSC22,Dixon Inside,48.85427,-125.11703,14/04/2026 ,2,E,12:12,CBL,6.7,2,2,dsa,Diaulula sandiegensis,Ringed doris,1,1,,,,,,,,,,,,,,,,,,,,,,,,,,,,,,,,,,,,,,,,,,,,,,,,
974,Carter Burtlake,Alec Jones,BMSC22,Dixon Inside,48.85427,-125.11703,14/04/2026 ,2,E,12:12,CBL,6.7,2,2,lbe,Lophopanopeus bellus,Black-clawed crab,1,1,,,,,,,,,,,,,,,,,,,,,,,,,,,,,,,,,,,,,,,,,,,,,,,,
975,Carter Burtlake,Alec Jones,BMSC22,Dixon Inside,48.85427,-125.11703,14/04/2026 ,2,E,12:12,CBL,6.7,2,2,ala,Artedius lateralis,Smoothhead sculpin,1,,,,1,,,,,,,,,,,,,,,,,,,,,,,,,,,,,,,,,,,,,,,,,,,,,
976,Carter Burtlake,Alec Jones,BMSC22,Dixon Inside,48.85427,-125.11703,14/04/2026 ,2,E,12:12,CBL,6.7,2,2,ppu,Pachycheles pubescens,Porcelain crab,4,4,,,,,,,,,,,,,,,,,,,,,,,,,,,,,,,,,,,,,,,,,,,,,,,,
977,Carter Burtlake,Hannah Schriber ,BMSC5,Taylor Rock,48.82733,-125.1966,15/04/2026,2,W,9:45,HS,6.2,0,0,phel,Pycnopodia helianthoides,Sunflower star,1,1,,,,,,,,,,,,,,,,,,,,,,,,,,,,,,,,,,,,,,,,,,,,,,,,
978,Carter Burtlake,Hannah Schriber ,BMSC5,Taylor Rock,48.82733,-125.1966,15/04/2026,2,W,9:45,HS,6.2,1,2,hde,Hexagrammos decagrammus,Kelp greenling,5,0,,,,3,,1,1,,,,,,,,,,,,,,,,,,,,,,,,,,,,,,,,,,,,,,,,,
979,Carter Burtlake,Hannah Schriber ,BMSC5,Taylor Rock,48.82733,-125.1966,15/04/2026,2,W,9:45,HS,6.2,2,2,mfr,Mesocentrotus franciscanus,Red sea urchin,246,246,,,,,,,,,,,,,,,,,,,,,,,,,,,,,,,,,,,,,,,,,,,,,,,,
980,Carter Burtlake,Hannah Schriber ,BMSC5,Taylor Rock,48.82733,-125.1966,15/04/2026,2,W,9:45,HS,6.2,2,2,pgi,Pomaulax gibberosus,Red turban shell,63,63,,,,,,,,,,,,,,,,,,,,,,,,,,,,,,,,,,,,,,,,,,,,,,,,
981,Carter Burtlake,Hannah Schriber ,BMSC5,Taylor Rock,48.82733,-125.1966,15/04/2026,2,W,9:45,HS,6.2,2,2,cgi,Crassadoma gigantea,Purple-hinged rock scallop,5,,,4,1,,,,,,,,,,,,,,,,,,,,,,,,,,,,,,,,,,,,,,,,,,,,,
982,Carter Burtlake,Hannah Schriber ,BMSC5,Taylor Rock,48.82733,-125.1966,15/04/2026,2,W,9:45,HS,6.2,2,2,dim,Dermasterias imbricata,Leather star,11,11,,,,,,,,,,,,,,,,,,,,,,,,,,,,,,,,,,,,,,,,,,,,,,,,
983,Carter Burtlake,Hannah Schriber ,BMSC5,Taylor Rock,48.82733,-125.1966,15/04/2026,2,W,9:45,HS,6.2,2,2,acal,Apostichopus californicus,Californian sea cucumber,13,13,,,,,,,,,,,,,,,,,,,,,,,,,,,,,,,,,,,,,,,,,,,,,,,,
984,Carter Burtlake,Hannah Schriber ,BMSC5,Taylor Rock,48.82733,-125.1966,15/04/2026,2,W,9:45,HS,6.2,2,2,cfo,Ceratostoma foliatum,Leafy hornmouth,5,5,,,,,,,,,,,,,,,,,,,,,,,,,,,,,,,,,,,,,,,,,,,,,,,,
985,Carter Burtlake,Hannah Schriber ,BMSC5,Taylor Rock,48.82733,-125.1966,15/04/2026,2,W,9:45,HS,6.2,2,2,dal,Dirona albolineata,White-line dirona,1,1,,,,,,,,,,,,,,,,,,,,,,,,,,,,,,,,,,,,,,,,,,,,,,,,
986,Carter Burtlake,Hannah Schriber ,BMSC5,Taylor Rock,48.82733,-125.1966,15/04/2026,2,W,9:45,HS,6.2,2,2,hka,Haliotis kamtschatkana,Pinto abalone,14,,2,10,2,,,,,,,,,,,,,,,,,,,,,,,,,,,,,,,,,,,,,,,,,,,,,
987,Carter Burtlake,Hannah Schriber ,BMSC5,Taylor Rock,48.82733,-125.1966,15/04/2026,2,W,9:45,HS,6.2,2,2,sfo,Stylasterias forreri,Velcro seastar,1,1,,,,,,,,,,,,,,,,,,,,,,,,,,,,,,,,,,,,,,,,,,,,,,,,
988,Carter Burtlake,Hannah Schriber ,BMSC5,Taylor Rock,48.82733,-125.1966,15/04/2026,2,W,9:45,HS,6.2,2,2,pmi,Patiria miniata,Bat star,21,21,,,,,,,,,,,,,,,,,,,,,,,,,,,,,,,,,,,,,,,,,,,,,,,,
989,Carter Burtlake,Hannah Schriber ,BMSC5,Taylor Rock,48.82733,-125.1966,15/04/2026,2,W,9:45,HS,6.2,2,2,phe,Pagurus hemphilli,Maroon hermit,28,28,,,,,,,,,,,,,,,,,,,,,,,,,,,,,,,,,,,,,,,,,,,,,,,,
990,Carter Burtlake,Hannah Schriber ,BMSC5,Taylor Rock,48.82733,-125.1966,15/04/2026,2,W,9:45,HS,6.2,2,2,ami,Acmaea mitra,Whitecap limpet,11,11,,,,,,,,,,,,,,,,,,,,,,,,,,,,,,,,,,,,,,,,,,,,,,,,
991,Carter Burtlake,Hannah Schriber ,BMSC5,Taylor Rock,48.82733,-125.1966,15/04/2026,2,W,9:45,HS,6.2,2,2,hcr,Hermissenda crassicornis,Opalescent nudibranch,3,3,,,,,,,,,,,,,,,,,,,,,,,,,,,,,,,,,,,,,,,,,,,,,,,,
992,Carter Burtlake,Hannah Schriber ,BMSC5,Taylor Rock,48.82733,-125.1966,15/04/2026,2,W,9:45,HS,6.2,2,2,rni,Rhinogobiops nicholsii,Blackeye goby,8,0,2,3,3,,,,,,,,,,,,,,,,,,,,,,,,,,,,,,,,,,,,,,,,,,,,,
993,Carter Burtlake,Hannah Schriber ,BMSC5,Taylor Rock,48.82733,-125.1966,15/04/2026,2,W,9:45,HS,6.2,2,2,henricia,Henricia spp.,Unidentified blood star,1,1,,,,,,,,,,,,,,,,,,,,,,,,,,,,,,,,,,,,,,,,,,,,,,,,
994,Carter Burtlake,Hannah Schriber ,BMSC5,Taylor Rock,48.82733,-125.1966,15/04/2026,2,W,9:45,HS,6.2,2,2,das,Diodora aspera,Rough keyhole limpet,1,1,,,,,,,,,,,,,,,,,,,,,,,,,,,,,,,,,,,,,,,,,,,,,,,,
995,Carter Burtlake,Hannah Schriber ,BMSC5,Taylor Rock,48.82733,-125.1966,15/04/2026,2,W,9:45,HS,6.2,2,2,aha,Artedius harringtoni,Scalyhead sculpin,2,0,,2,,,,,,,,,,,,,,,,,,,,,,,,,,,,,,,,,,,,,,,,,,,,,,
996,Carter Burtlake,Hannah Schriber ,BMSC5,Taylor Rock,48.82733,-125.1966,15/04/2026,2,W,9:45,HS,6.2,2,2,ppu,Pachycheles pubescens,Porcelain crab,2,2,,,,,,,,,,,,,,,,,,,,,,,,,,,,,,,,,,,,,,,,,,,,,,,,
997,Carter Burtlake,Hannah Schriber ,BMSC5,Taylor Rock,48.82733,-125.1966,15/04/2026,2,W,9:45,HS,6.2,0,2,sebastes,Sebastes spp.,,1,0,1,,,,,,,,,,,,,,,,,,,,,,,,,,,,,,,,,,,,,,,,,,,,,,,
998,Carter Burtlake,Hannah Schriber ,BMSC5,Taylor Rock,48.82733,-125.1966,15/04/2026,2,W,9:45,HS,6.2,0,2,sac,Scyra acutifrons,Sharpnose crab,1,1,,,,,,,,,,,,,,,,,,,,,,,,,,,,,,,,,,,,,,,,,,,,,,,,
999,Carter Burtlake,Hannah Schriber ,BMSC5,Taylor Rock,48.82733,-125.1966,15/04/2026,2,W,9:45,HS,6.2,0,2,gor,Glebocarcinus oregonensis,Pygmy rock crab,1,1,,,,,,,,,,,,,,,,,,,,,,,,,,,,,,,,,,,,,,,,,,,,,,,,
1000,Carter Burtlake,Hannah Schriber ,BMSC5,Taylor Rock,48.82733,-125.1966,15/04/2026,2,W,9:45,HS,6.2,0,2,phel,Pycnopodia helianthoides,Sunflower star,1,0,,,,,1,,,,,,,,,,,,,,,,,,,,,,,,,,,,,,,,,,,,,,,,,,,
1001,Carter Burtlake,Hannah Schriber ,BMSC5,Taylor Rock,48.82733,-125.1966,15/04/2026,2,W,9:45,HS,6.2,0,2,oko,Orthasterias koehleri,Rainbow star,4,4,,,,,,,,,,,,,,,,,,,,,,,,,,,,,,,,,,,,,,,,,,,,,,,,
1002,Carter Burtlake,Hannah Schriber ,BMSC5,Taylor Rock,48.82733,-125.1966,15/04/2026,2,W,9:45,HS,6.2,0,2,spur,Strongylocentrotus purpuratus,Purple sea urchin,1,1,,,,,,,,,,,,,,,,,,,,,,,,,,,,,,,,,,,,,,,,,,,,,,,,
1003,Carter Burtlake,Hannah Schriber ,BMSC1,Dodger Channel,48.8289,-125.19757,15/04/2026,1.5,NE,12:10,HS,7,0,1,bolinopsis,Bolinopsis spp.,Unidentified northern comb jelly,1,1,,,,,,,,,,,,,,,,,,,,,,,,,,,,,,,,,,,,,,,,,,,,,,,,
1004,Carter Burtlake,Hannah Schriber ,BMSC1,Dodger Channel,48.8289,-125.19757,15/04/2026,1.5,NE,12:10,HS,7,1,1,hde,Hexagrammos decagrammus,Kelp greenling,2,0,,,,,,,2,,,,,,,,,,,,,,,,,,,,,,,,,,,,,,,,,,,,,,,,,
1005,Carter Burtlake,Hannah Schriber ,BMSC1,Dodger Channel,48.8289,-125.19757,15/04/2026,1.5,NE,12:10,HS,7,2,1,mfr,Mesocentrotus franciscanus,Red sea urchin,150,150,,,,,,,,,,,,,,,,,,,,,,,,,,,,,,,,,,,,,,,,,,,,,,,,
1006,Carter Burtlake,Hannah Schriber ,BMSC1,Dodger Channel,48.8289,-125.19757,15/04/2026,1.5,NE,12:10,HS,7,2,1,pgi,Pomaulax gibberosus,Red turban shell,237,237,,,,,,,,,,,,,,,,,,,,,,,,,,,,,,,,,,,,,,,,,,,,,,,,
1007,Carter Burtlake,Hannah Schriber ,BMSC1,Dodger Channel,48.8289,-125.19757,15/04/2026,1.5,NE,12:10,HS,7,2,1,pmi,Patiria miniata,Bat star,78,78,,,,,,,,,,,,,,,,,,,,,,,,,,,,,,,,,,,,,,,,,,,,,,,,
1008,Carter Burtlake,Hannah Schriber ,BMSC1,Dodger Channel,48.8289,-125.19757,15/04/2026,1.5,NE,12:10,HS,7,2,1,hka,Haliotis kamtschatkana,Pinto abalone,44,0,3,25,15,1,,,,,,,,,,,,,,,,,,,,,,,,,,,,,,,,,,,,,,,,,,,,
1009,Carter Burtlake,Hannah Schriber ,BMSC1,Dodger Channel,48.8289,-125.19757,15/04/2026,1.5,NE,12:10,HS,7,2,1,ami,Acmaea mitra,Whitecap limpet,39,39,,,,,,,,,,,,,,,,,,,,,,,,,,,,,,,,,,,,,,,,,,,,,,,,
1010,Carter Burtlake,Hannah Schriber ,BMSC1,Dodger Channel,48.8289,-125.19757,15/04/2026,1.5,NE,12:10,HS,7,2,1,cfo,Ceratostoma foliatum,Leafy hornmouth,29,29,,,,,,,,,,,,,,,,,,,,,,,,,,,,,,,,,,,,,,,,,,,,,,,,
1011,Carter Burtlake,Hannah Schriber ,BMSC1,Dodger Channel,48.8289,-125.19757,15/04/2026,1.5,NE,12:10,HS,7,2,1,dim,Dermasterias imbricata,Leather star,11,11,,,,,,,,,,,,,,,,,,,,,,,,,,,,,,,,,,,,,,,,,,,,,,,,
1012,Carter Burtlake,Hannah Schriber ,BMSC1,Dodger Channel,48.8289,-125.19757,15/04/2026,1.5,NE,12:10,HS,7,2,1,gor,Glebocarcinus oregonensis,Pygmy rock crab,8,8,,,,,,,,,,,,,,,,,,,,,,,,,,,,,,,,,,,,,,,,,,,,,,,,
1013,Carter Burtlake,Hannah Schriber ,BMSC1,Dodger Channel,48.8289,-125.19757,15/04/2026,1.5,NE,12:10,HS,7,2,1,acal,Apostichopus californicus,Californian sea cucumber,5,5,,,,,,,,,,,,,,,,,,,,,,,,,,,,,,,,,,,,,,,,,,,,,,,,
1014,Carter Burtlake,Hannah Schriber ,BMSC1,Dodger Channel,48.8289,-125.19757,15/04/2026,1.5,NE,12:10,HS,7,2,1,etr,Evasterias troschelii,Mottled starfish,1,1,,,,,,,,,,,,,,,,,,,,,,,,,,,,,,,,,,,,,,,,,,,,,,,,
1015,Carter Burtlake,Hannah Schriber ,BMSC1,Dodger Channel,48.8289,-125.19757,15/04/2026,1.5,NE,12:10,HS,7,2,1,rni,Rhinogobiops nicholsii,Blackeye goby,2,0,,1,1,,,,,,,,,,,,,,,,,,,,,,,,,,,,,,,,,,,,,,,,,,,,,
1016,Carter Burtlake,Hannah Schriber ,BMSC1,Dodger Channel,48.8289,-125.19757,15/04/2026,1.5,NE,12:10,HS,7,2,1,sfo,Stylasterias forreri,Velcro seastar,7,7,,,,,,,,,,,,,,,,,,,,,,,,,,,,,,,,,,,,,,,,,,,,,,,,
1017,Carter Burtlake,Hannah Schriber ,BMSC1,Dodger Channel,48.8289,-125.19757,15/04/2026,1.5,NE,12:10,HS,7,2,1,oko,Orthasterias koehleri,Rainbow star,7,7,,,,,,,,,,,,,,,,,,,,,,,,,,,,,,,,,,,,,,,,,,,,,,,,
1018,Carter Burtlake,Hannah Schriber ,BMSC1,Dodger Channel,48.8289,-125.19757,15/04/2026,1.5,NE,12:10,HS,7,2,1,phe,Pagurus hemphilli,Maroon hermit,3,3,,,,,,,,,,,,,,,,,,,,,,,,,,,,,,,,,,,,,,,,,,,,,,,,
1019,Carter Burtlake,Hannah Schriber ,BMSC1,Dodger Channel,48.8289,-125.19757,15/04/2026,1.5,NE,12:10,HS,7,2,1,cpr,Cancer productus,Red rock crab,1,1,,,,,,,,,,,,,,,,,,,,,,,,,,,,,,,,,,,,,,,,,,,,,,,,
1020,Carter Burtlake,Hannah Schriber ,BMSC1,Dodger Channel,48.8289,-125.19757,15/04/2026,1.5,NE,12:10,HS,7,2,1,hcr,Hermissenda crassicornis,Opalescent nudibranch,8,8,,,,,,,,,,,,,,,,,,,,,,,,,,,,,,,,,,,,,,,,,,,,,,,,
1021,Carter Burtlake,Hannah Schriber ,BMSC1,Dodger Channel,48.8289,-125.19757,15/04/2026,1.5,NE,12:10,HS,7,2,1,sac,Scyra acutifrons,Sharpnose crab,1,1,,,,,,,,,,,,,,,,,,,,,,,,,,,,,,,,,,,,,,,,,,,,,,,,
1022,Carter Burtlake,Hannah Schriber ,BMSC1,Dodger Channel,48.8289,-125.19757,15/04/2026,1.5,NE,12:10,HS,7,2,1,hhe,Hemilepidotus hemilepidotus,Red Irish lord,1,0,,,,,,,,,,1,,,,,,,,,,,,,,,,,,,,,,,,,,,,,,,,,,,,,,
1023,Carter Burtlake,Hannah Schriber ,BMSC1,Dodger Channel,48.8289,-125.19757,15/04/2026,1.5,NE,12:10,HS,7,2,1,dsc,Discorsopagurus schmitti,Tubeworm hermit,1,1,,,,,,,,,,,,,,,,,,,,,,,,,,,,,,,,,,,,,,,,,,,,,,,,
1024,Carter Burtlake,Hannah Schriber ,BMSC1,Dodger Channel,48.8289,-125.19757,15/04/2026,1.5,NE,12:10,HS,7,2,1,jzo,Jordania zonope,Longfin sculpin,2,0,,1,1,,,,,,,,,,,,,,,,,,,,,,,,,,,,,,,,,,,,,,,,,,,,,
1025,Carter Burtlake,Hannah Schriber ,BMSC1,Dodger Channel,48.8289,-125.19757,15/04/2026,1.5,NE,12:10,HS,7,0,1,poc,Pisaster ochraceus,Purple sea star,1,1,,,,,,,,,,,,,,,,,,,,,,,,,,,,,,,,,,,,,,,,,,,,,,,,
1026,Carter Burtlake,Hannah Schriber ,BMSC1,Dodger Channel,48.8289,-125.19757,15/04/2026,1.5,NE,12:10,HS,7,0,1,ppr,Pugettia producta,Northern kelp crab,1,1,,,,,,,,,,,,,,,,,,,,,,,,,,,,,,,,,,,,,,,,,,,,,,,,
1027,Carter Burtlake,Hannah Schriber ,BMSC1,Dodger Channel,48.8289,-125.19757,15/04/2026,1.5,NE,12:10,HS,7,2,1,prud,Pachycheles rudis,Thickclaw porcelain crab,1,1,,,,,,,,,,,,,,,,,,,,,,,,,,,,,,,,,,,,,,,,,,,,,,,,
1028,Carter Burtlake,Isabelle Cote,BMSC11,Wizard Island South,48.85747,-125.15823,16/04/2026,2.5,SW,9:45,CBL,8.5,1,2,hde,Hexagrammos decagrammus,Kelp greenling,2,0,,,,,,1,1,,,,,,,,,,,,,,,,,,,,,,,,,,,,,,,,,,,,,,,,,
1029,Carter Burtlake,Isabelle Cote,BMSC11,Wizard Island South,48.85747,-125.15823,16/04/2026,2.5,SW,9:45,CBL,8.5,1,2,rni,Rhinogobiops nicholsii,Blackeye goby,12,0,5,3,4,,,,,,,,,,,,,,,,,,,,,,,,,,,,,,,,,,,,,,,,,,,,,
1030,Carter Burtlake,Isabelle Cote,BMSC11,Wizard Island South,48.85747,-125.15823,16/04/2026,2.5,SW,9:45,CBL,8.5,2,2,mfr,Mesocentrotus franciscanus,Red sea urchin,289,289,,,,,,,,,,,,,,,,,,,,,,,,,,,,,,,,,,,,,,,,,,,,,,,,
1031,Carter Burtlake,Isabelle Cote,BMSC11,Wizard Island South,48.85747,-125.15823,16/04/2026,2.5,SW,9:45,CBL,8.5,2,2,rni,Rhinogobiops nicholsii,Blackeye goby,71,0,47,17,7,,,,,,,,,,,,,,,,,,,,,,,,,,,,,,,,,,,,,,,,,,,,,
1032,Carter Burtlake,Isabelle Cote,BMSC11,Wizard Island South,48.85747,-125.15823,16/04/2026,2.5,SW,9:45,CBL,8.5,2,2,acal,Apostichopus californicus,Californian sea cucumber,12,12,,,,,,,,,,,,,,,,,,,,,,,,,,,,,,,,,,,,,,,,,,,,,,,,
1033,Carter Burtlake,Isabelle Cote,BMSC11,Wizard Island South,48.85747,-125.15823,16/04/2026,2.5,SW,9:45,CBL,8.5,2,2,gor,Glebocarcinus oregonensis,Pygmy rock crab,6,6,,,,,,,,,,,,,,,,,,,,,,,,,,,,,,,,,,,,,,,,,,,,,,,,
1034,Carter Burtlake,Isabelle Cote,BMSC11,Wizard Island South,48.85747,-125.15823,16/04/2026,2.5,SW,9:45,CBL,8.5,2,2,cfo,Ceratostoma foliatum,Leafy hornmouth,3,3,,,,,,,,,,,,,,,,,,,,,,,,,,,,,,,,,,,,,,,,,,,,,,,,
1035,Carter Burtlake,Isabelle Cote,BMSC11,Wizard Island South,48.85747,-125.15823,16/04/2026,2.5,SW,9:45,CBL,8.5,2,2,dim,Dermasterias imbricata,Leather star,5,5,,,,,,,,,,,,,,,,,,,,,,,,,,,,,,,,,,,,,,,,,,,,,,,,
1036,Carter Burtlake,Isabelle Cote,BMSC11,Wizard Island South,48.85747,-125.15823,16/04/2026,2.5,SW,9:45,CBL,8.5,2,2,oko,Orthasterias koehleri,Rainbow star,8,8,,,,,,,,,,,,,,,,,,,,,,,,,,,,,,,,,,,,,,,,,,,,,,,,
1037,Carter Burtlake,Isabelle Cote,BMSC11,Wizard Island South,48.85747,-125.15823,16/04/2026,2.5,SW,9:45,CBL,8.5,2,2,ami,Acmaea mitra,Whitecap limpet,3,3,,,,,,,,,,,,,,,,,,,,,,,,,,,,,,,,,,,,,,,,,,,,,,,,
1038,Carter Burtlake,Isabelle Cote,BMSC11,Wizard Island South,48.85747,-125.15823,16/04/2026,2.5,SW,9:45,CBL,8.5,2,2,hka,Haliotis kamtschatkana,Pinto abalone,5,0,,5,,,,,,,,,,,,,,,,,,,,,,,,,,,,,,,,,,,,,,,,,,,,,,
1039,Carter Burtlake,Isabelle Cote,BMSC11,Wizard Island South,48.85747,-125.15823,16/04/2026,2.5,SW,9:45,CBL,8.5,2,2,pgi,Pomaulax gibberosus,Red turban shell,17,17,,,,,,,,,,,,,,,,,,,,,,,,,,,,,,,,,,,,,,,,,,,,,,,,
1040,Carter Burtlake,Isabelle Cote,BMSC11,Wizard Island South,48.85747,-125.15823,16/04/2026,2.5,SW,9:45,CBL,8.5,2,2,dsa,Diaulula sandiegensis,Ringed doris,1,1,,,,,,,,,,,,,,,,,,,,,,,,,,,,,,,,,,,,,,,,,,,,,,,,
1041,Carter Burtlake,Isabelle Cote,BMSC11,Wizard Island South,48.85747,-125.15823,16/04/2026,2.5,SW,9:45,CBL,8.5,2,2,aha,Artedius harringtoni,Scalyhead sculpin,1,0,1,,,,,,,,,,,,,,,,,,,,,,,,,,,,,,,,,,,,,,,,,,,,,,,
1042,Carter Burtlake,Isabelle Cote,BMSC11,Wizard Island South,48.85747,-125.15823,16/04/2026,2.5,SW,9:45,CBL,8.5,2,2,cgi,Crassadoma gigantea,Purple-hinged rock scallop,15,0,3,7,3,1,1,,,,,,,,,,,,,,,,,,,,,,,,,,,,,,,,,,,,,,,,,,,
1043,Carter Burtlake,Isabelle Cote,BMSC11,Wizard Island South,48.85747,-125.15823,16/04/2026,2.5,SW,9:45,CBL,8.5,2,2,dir,Dendronotus iris,Giant frond-aeolis,1,1,,,,,,,,,,,,,,,,,,,,,,,,,,,,,,,,,,,,,,,,,,,,,,,,
1044,Carter Burtlake,Isabelle Cote,BMSC11,Wizard Island South,48.85747,-125.15823,16/04/2026,2.5,SW,9:45,CBL,8.5,2,2,ctro,Coryphella trophina,,1,1,,,,,,,,,,,,,,,,,,,,,,,,,,,,,,,,,,,,,,,,,,,,,,,,
1045,Carter Burtlake,Isabelle Cote,BMSC11,Wizard Island South,48.85747,-125.15823,16/04/2026,2.5,SW,9:45,CBL,8.5,2,2,pnob,Peltodoris nobilis,Noble sea lemon,2,2,,,,,,,,,,,,,,,,,,,,,,,,,,,,,,,,,,,,,,,,,,,,,,,,
1046,Carter Burtlake,Isabelle Cote,BMSC11,Wizard Island South,48.85747,-125.15823,16/04/2026,2.5,SW,9:45,CBL,8.5,2,2,hcr,Hermissenda crassicornis,Opalescent nudibranch,2,2,,,,,,,,,,,,,,,,,,,,,,,,,,,,,,,,,,,,,,,,,,,,,,,,
1047,Carter Burtlake,Isabelle Cote,BMSC11,Wizard Island South,48.85747,-125.15823,16/04/2026,2.5,SW,9:45,CBL,8.5,2,2,ppu,Pachycheles pubescens,Porcelain crab,2,2,,,,,,,,,,,,,,,,,,,,,,,,,,,,,,,,,,,,,,,,,,,,,,,,
1048,Carter Burtlake,Isabelle Cote,BMSC11,Wizard Island South,48.85747,-125.15823,16/04/2026,2.5,SW,9:45,CBL,8.5,2,2,pmi,Patiria miniata,Bat star,2,2,,,,,,,,,,,,,,,,,,,,,,,,,,,,,,,,,,,,,,,,,,,,,,,,
1049,Carter Burtlake,Isabelle Cote,BMSC11,Wizard Island South,48.85747,-125.15823,16/04/2026,2.5,SW,9:45,CBL,8.5,2,2,mae,Mediaster aequalis,Vermillion sea star,1,1,,,,,,,,,,,,,,,,,,,,,,,,,,,,,,,,,,,,,,,,,,,,,,,,
1050,Carter Burtlake,Isabelle Cote,BMSC11,Wizard Island South,48.85747,-125.15823,16/04/2026,2.5,SW,9:45,CBL,8.5,2,2,romaleon,Romaleon spp.,Unidentified rock crab,1,1,,,,,,,,,,,,,,,,,,,,,,,,,,,,,,,,,,,,,,,,,,,,,,,,
1051,Carter Burtlake,Isabelle Cote,BMSC11,Wizard Island South,48.85747,-125.15823,16/04/2026,2.5,SW,9:45,CBL,8.5,2,2,henricia,Henricia spp.,Unidentified blood star,1,1,,,,,,,,,,,,,,,,,,,,,,,,,,,,,,,,,,,,,,,,,,,,,,,,
1052,Carter Burtlake,Isabelle Cote,BMSC11,Wizard Island South,48.85747,-125.15823,16/04/2026,2.5,SW,9:45,CBL,8.5,2,2,sac,Scyra acutifrons,Sharpnose crab,1,1,,,,,,,,,,,,,,,,,,,,,,,,,,,,,,,,,,,,,,,,,,,,,,,,
1053,Carter Burtlake,Isabelle Cote,BMSC11,Wizard Island South,48.85747,-125.15823,16/04/2026,2.5,SW,9:45,CBL,8.5,0,2,acali,Armina californica,Striped nudibranch,1,1,,,,,,,,,,,,,,,,,,,,,,,,,,,,,,,,,,,,,,,,,,,,,,,,
1054,Carter Burtlake,Isabelle Cote,BMSC12,Wizard Island North,48.85828,-125.16092,16/04/2026,2.5,NE,11:56,CBL,9,1,2,hde,Hexagrammos decagrammus,Kelp greenling,1,0,,,,,,,,,,,1,,,,,,,,,,,,,,,,,,,,,,,,,,,,,,,,,,,,,
1055,Carter Burtlake,Isabelle Cote,BMSC12,Wizard Island North,48.85828,-125.16092,16/04/2026,2.5,NE,11:56,CBL,9,1,2,rni,Rhinogobiops nicholsii,Blackeye goby,1,0,,,1,,,,,,,,,,,,,,,,,,,,,,,,,,,,,,,,,,,,,,,,,,,,,
1056,Carter Burtlake,Isabelle Cote,BMSC12,Wizard Island North,48.85828,-125.16092,16/04/2026,2.5,NE,11:56,CBL,9,2,2,mfr,Mesocentrotus franciscanus,Red sea urchin,279,279,,,,,,,,,,,,,,,,,,,,,,,,,,,,,,,,,,,,,,,,,,,,,,,,
1057,Carter Burtlake,Isabelle Cote,BMSC12,Wizard Island North,48.85828,-125.16092,16/04/2026,2.5,NE,11:56,CBL,9,2,2,acal,Apostichopus californicus,Californian sea cucumber,46,46,,,,,,,,,,,,,,,,,,,,,,,,,,,,,,,,,,,,,,,,,,,,,,,,
1058,Carter Burtlake,Isabelle Cote,BMSC12,Wizard Island North,48.85828,-125.16092,16/04/2026,2.5,NE,11:56,CBL,9,2,2,dim,Dermasterias imbricata,Leather star,20,20,,,,,,,,,,,,,,,,,,,,,,,,,,,,,,,,,,,,,,,,,,,,,,,,
1059,Carter Burtlake,Isabelle Cote,BMSC12,Wizard Island North,48.85828,-125.16092,16/04/2026,2.5,NE,11:56,CBL,9,2,2,pgi,Pomaulax gibberosus,Red turban shell,26,26,,,,,,,,,,,,,,,,,,,,,,,,,,,,,,,,,,,,,,,,,,,,,,,,
1060,Carter Burtlake,Isabelle Cote,BMSC12,Wizard Island North,48.85828,-125.16092,16/04/2026,2.5,NE,11:56,CBL,9,2,2,hka,Haliotis kamtschatkana,Pinto abalone,23,0,2,15,6,,,,,,,,,,,,,,,,,,,,,,,,,,,,,,,,,,,,,,,,,,,,,
1061,Carter Burtlake,Isabelle Cote,BMSC12,Wizard Island North,48.85828,-125.16092,16/04/2026,2.5,NE,11:56,CBL,9,2,2,ana,Acanthodoris nanaimoensis,Nanaimo horned dorid,1,1,,,,,,,,,,,,,,,,,,,,,,,,,,,,,,,,,,,,,,,,,,,,,,,,
1062,Carter Burtlake,Isabelle Cote,BMSC12,Wizard Island North,48.85828,-125.16092,16/04/2026,2.5,NE,11:56,CBL,9,2,2,gor,Glebocarcinus oregonensis,Pygmy rock crab,21,21,,,,,,,,,,,,,,,,,,,,,,,,,,,,,,,,,,,,,,,,,,,,,,,,
1063,Carter Burtlake,Isabelle Cote,BMSC12,Wizard Island North,48.85828,-125.16092,16/04/2026,2.5,NE,11:56,CBL,9,2,2,rni,Rhinogobiops nicholsii,Blackeye goby,25,0,15,10,,,,,,,,,,,,,,,,,,,,,,,,,,,,,,,,,,,,,,,,,,,,,,
1064,Carter Burtlake,Isabelle Cote,BMSC12,Wizard Island North,48.85828,-125.16092,16/04/2026,2.5,NE,11:56,CBL,9,2,2,ppu,Pachycheles pubescens,Porcelain crab,18,18,,,,,,,,,,,,,,,,,,,,,,,,,,,,,,,,,,,,,,,,,,,,,,,,
1065,Carter Burtlake,Isabelle Cote,BMSC12,Wizard Island North,48.85828,-125.16092,16/04/2026,2.5,NE,11:56,CBL,9,2,2,cgi,Crassadoma gigantea,Purple-hinged rock scallop,28,0,3,12,8,1,2,2,,,,,,,,,,,,,,,,,,,,,,,,,,,,,,,,,,,,,,,,,,
1066,Carter Burtlake,Isabelle Cote,BMSC12,Wizard Island North,48.85828,-125.16092,16/04/2026,2.5,NE,11:56,CBL,9,2,2,aha,Artedius harringtoni,Scalyhead sculpin,4,0,1,3,,,,,,,,,,,,,,,,,,,,,,,,,,,,,,,,,,,,,,,,,,,,,,
1067,Carter Burtlake,Isabelle Cote,BMSC12,Wizard Island North,48.85828,-125.16092,16/04/2026,2.5,NE,11:56,CBL,9,2,2,otr,Orthonopias triacis,Snubnose sculpin,1,0,,1,,,,,,,,,,,,,,,,,,,,,,,,,,,,,,,,,,,,,,,,,,,,,,
1068,Carter Burtlake,Isabelle Cote,BMSC12,Wizard Island North,48.85828,-125.16092,16/04/2026,2.5,NE,11:56,CBL,9,2,2,cfo,Ceratostoma foliatum,Leafy hornmouth,31,31,,,,,,,,,,,,,,,,,,,,,,,,,,,,,,,,,,,,,,,,,,,,,,,,
1069,Carter Burtlake,Isabelle Cote,BMSC12,Wizard Island North,48.85828,-125.16092,16/04/2026,2.5,NE,11:56,CBL,9,2,2,ami,Acmaea mitra,Whitecap limpet,10,10,,,,,,,,,,,,,,,,,,,,,,,,,,,,,,,,,,,,,,,,,,,,,,,,
1070,Carter Burtlake,Isabelle Cote,BMSC12,Wizard Island North,48.85828,-125.16092,16/04/2026,2.5,NE,11:56,CBL,9,2,2,prud,Pachycheles rudis,Thickclaw porcelain crab,1,1,,,,,,,,,,,,,,,,,,,,,,,,,,,,,,,,,,,,,,,,,,,,,,,,
1071,Carter Burtlake,Isabelle Cote,BMSC12,Wizard Island North,48.85828,-125.16092,16/04/2026,2.5,NE,11:56,CBL,9,2,2,henricia,Henricia spp.,Unidentified blood star,8,8,,,,,,,,,,,,,,,,,,,,,,,,,,,,,,,,,,,,,,,,,,,,,,,,
1072,Carter Burtlake,Isabelle Cote,BMSC12,Wizard Island North,48.85828,-125.16092,16/04/2026,2.5,NE,11:56,CBL,9,2,2,pmi,Patiria miniata,Bat star,7,7,,,,,,,,,,,,,,,,,,,,,,,,,,,,,,,,,,,,,,,,,,,,,,,,
1073,Carter Burtlake,Isabelle Cote,BMSC12,Wizard Island North,48.85828,-125.16092,16/04/2026,2.5,NE,11:56,CBL,9,2,2,oko,Orthasterias koehleri,Rainbow star,4,4,,,,,,,,,,,,,,,,,,,,,,,,,,,,,,,,,,,,,,,,,,,,,,,,
1074,Carter Burtlake,Isabelle Cote,BMSC12,Wizard Island North,48.85828,-125.16092,16/04/2026,2.5,NE,11:56,CBL,9,2,2,sdr,Strongylocentrotus droebachiensis,Northern sea urchin,3,3,,,,,,,,,,,,,,,,,,,,,,,,,,,,,,,,,,,,,,,,,,,,,,,,
1075,Carter Burtlake,Isabelle Cote,BMSC12,Wizard Island North,48.85828,-125.16092,16/04/2026,2.5,NE,11:56,CBL,9,2,2,sac,Scyra acutifrons,Sharpnose crab,7,7,,,,,,,,,,,,,,,,,,,,,,,,,,,,,,,,,,,,,,,,,,,,,,,,
1076,Carter Burtlake,Isabelle Cote,BMSC12,Wizard Island North,48.85828,-125.16092,16/04/2026,2.5,NE,11:56,CBL,9,2,2,crab,Pleocyemata spp.,Unidentified crab,1,1,,,,,,,,,,,,,,,,,,,,,,,,,,,,,,,,,,,,,,,,,,,,,,,,
1077,Carter Burtlake,Isabelle Cote,BMSC12,Wizard Island North,48.85828,-125.16092,16/04/2026,2.5,NE,11:56,CBL,9,2,2,ctr,Coryphella trilineata,Three-lined aeolid,1,1,,,,,,,,,,,,,,,,,,,,,,,,,,,,,,,,,,,,,,,,,,,,,,,,
1078,Carter Burtlake,Isabelle Cote,BMSC12,Wizard Island North,48.85828,-125.16092,16/04/2026,2.5,NE,11:56,CBL,9,2,2,cac,Clinocottus acuticeps,Sharpnose sculpin,2,,,2,,,,,,,,,,,,,,,,,,,,,,,,,,,,,,,,,,,,,,,,,,,,,,
1079,Carter Burtlake,Isabelle Cote,BMSC12,Wizard Island North,48.85828,-125.16092,16/04/2026,2.5,NE,11:56,CBL,9,2,2,phe,Pagurus hemphilli,Maroon hermit,2,2,,,,,,,,,,,,,,,,,,,,,,,,,,,,,,,,,,,,,,,,,,,,,,,,
1080,Carter Burtlake,Isabelle Cote,BMSC12,Wizard Island North,48.85828,-125.16092,16/04/2026,2.5,NE,11:56,CBL,9,2,2,cha,Chlamys hastata,Spear scallop,2,0,2,,,,,,,,,,,,,,,,,,,,,,,,,,,,,,,,,,,,,,,,,,,,,,,
1081,Carter Burtlake,Isabelle Cote,BMSC12,Wizard Island North,48.85828,-125.16092,16/04/2026,2.5,NE,11:56,CBL,9,2,2,sfo,Stylasterias forreri,Velcro seastar,2,2,,,,,,,,,,,,,,,,,,,,,,,,,,,,,,,,,,,,,,,,,,,,,,,,
1082,Carter Burtlake,Isabelle Cote,BMSC12,Wizard Island North,48.85828,-125.16092,16/04/2026,2.5,NE,11:56,CBL,9,0,2,opi,Oxylebius pictus,Painted greenling,1,0,,,,1,,,,,,,,,,,,,,,,,,,,,,,,,,,,,,,,,,,,,,,,,,,,
1083,Carter Burtlake,Isabelle Cote,BMSC12,Wizard Island North,48.85828,-125.16092,16/04/2026,2.5,NE,11:56,CBL,9,0,2,ppa,Phyllolithodes papillosus,Heart crab,1,1,,,,,,,,,,,,,,,,,,,,,,,,,,,,,,,,,,,,,,,,,,,,,,,,
1084,Carter Burtlake,Isabelle Cote,BMSC12,Wizard Island North,48.85828,-125.16092,16/04/2026,2.5,NE,11:56,CBL,9,0,2,pnob,Peltodoris nobilis,Noble sea lemon,1,1,,,,,,,,,,,,,,,,,,,,,,,,,,,,,,,,,,,,,,,,,,,,,,,,
1085,Carter Burtlake,Tom Bird,BMSC6,Baeria Rocks South Island,48.95023,-125.15554,17/04/2026,5,SW,10:00,CBL,7.5,1,2,sme,Sebastes melanops,Black rockfish,5,0,,,,,,,,1,,1,1,2,,,,,,,,,,,,,,,,,,,,,,,,,,,,,,,,,,,,
1086,Carter Burtlake,Tom Bird,BMSC6,Baeria Rocks South Island,48.95023,-125.15554,17/04/2026,5,SW,10:00,CBL,7.5,1,2,oel,Ophiodon elongatus,Lingcod,1,0,,,,,,,,,,,,,,1,,,,,,,,,,,,,,,,,,,,,,,,,,,,,,,,,,
1087,Carter Burtlake,Tom Bird,BMSC6,Baeria Rocks South Island,48.95023,-125.15554,17/04/2026,5,SW,10:00,CBL,7.5,1,2,rni,Rhinogobiops nicholsii,Blackeye goby,4,0,,2,2,,,,,,,,,,,,,,,,,,,,,,,,,,,,,,,,,,,,,,,,,,,,,
1088,Carter Burtlake,Tom Bird,BMSC6,Baeria Rocks South Island,48.95023,-125.15554,17/04/2026,5,SW,10:00,CBL,7.5,1,2,hde,Hexagrammos decagrammus,Kelp greenling,4,0,,,,,,1,,,1,,2,,,,,,,,,,,,,,,,,,,,,,,,,,,,,,,,,,,,,
1089,Carter Burtlake,Tom Bird,BMSC6,Baeria Rocks South Island,48.95023,-125.15554,17/04/2026,5,SW,10:00,CBL,7.5,2,2,mfr,Mesocentrotus franciscanus,Red sea urchin,356,356,,,,,,,,,,,,,,,,,,,,,,,,,,,,,,,,,,,,,,,,,,,,,,,,
1090,Carter Burtlake,Tom Bird,BMSC6,Baeria Rocks South Island,48.95023,-125.15554,17/04/2026,5,SW,10:00,CBL,7.5,2,2,acal,Apostichopus californicus,Californian sea cucumber,34,34,,,,,,,,,,,,,,,,,,,,,,,,,,,,,,,,,,,,,,,,,,,,,,,,
1091,Carter Burtlake,Tom Bird,BMSC6,Baeria Rocks South Island,48.95023,-125.15554,17/04/2026,5,SW,10:00,CBL,7.5,2,2,pmi,Patiria miniata,Bat star,166,166,,,,,,,,,,,,,,,,,,,,,,,,,,,,,,,,,,,,,,,,,,,,,,,,
1092,Carter Burtlake,Tom Bird,BMSC6,Baeria Rocks South Island,48.95023,-125.15554,17/04/2026,5,SW,10:00,CBL,7.5,2,2,cfo,Ceratostoma foliatum,Leafy hornmouth,11,11,,,,,,,,,,,,,,,,,,,,,,,,,,,,,,,,,,,,,,,,,,,,,,,,
1093,Carter Burtlake,Tom Bird,BMSC6,Baeria Rocks South Island,48.95023,-125.15554,17/04/2026,5,SW,10:00,CBL,7.5,2,2,pgi,Pomaulax gibberosus,Red turban shell,13,13,,,,,,,,,,,,,,,,,,,,,,,,,,,,,,,,,,,,,,,,,,,,,,,,
1094,Carter Burtlake,Tom Bird,BMSC6,Baeria Rocks South Island,48.95023,-125.15554,17/04/2026,5,SW,10:00,CBL,7.5,2,2,phe,Pagurus hemphilli,Maroon hermit,25,25,,,,,,,,,,,,,,,,,,,,,,,,,,,,,,,,,,,,,,,,,,,,,,,,
1095,Carter Burtlake,Tom Bird,BMSC6,Baeria Rocks South Island,48.95023,-125.15554,17/04/2026,5,SW,10:00,CBL,7.5,2,2,ami,Acmaea mitra,Whitecap limpet,19,19,,,,,,,,,,,,,,,,,,,,,,,,,,,,,,,,,,,,,,,,,,,,,,,,
1096,Carter Burtlake,Tom Bird,BMSC6,Baeria Rocks South Island,48.95023,-125.15554,17/04/2026,5,SW,10:00,CBL,7.5,2,2,pbe,Pagurus beringanus,Hermit crab,4,4,,,,,,,,,,,,,,,,,,,,,,,,,,,,,,,,,,,,,,,,,,,,,,,,
1097,Carter Burtlake,Tom Bird,BMSC6,Baeria Rocks South Island,48.95023,-125.15554,17/04/2026,5,SW,10:00,CBL,7.5,2,2,hka,Haliotis kamtschatkana,Pinto abalone,42,0,28,11,3,,,,,,,,,,,,,,,,,,,,,,,,,,,,,,,,,,,,,,,,,,,,,
1098,Carter Burtlake,Tom Bird,BMSC6,Baeria Rocks South Island,48.95023,-125.15554,17/04/2026,5,SW,10:00,CBL,7.5,2,2,hsp,Hemilepidotus spinosus,Brown Irish lord,1,0,,,,,1,,,,,,,,,,,,,,,,,,,,,,,,,,,,,,,,,,,,,,,,,,,
1099,Carter Burtlake,Tom Bird,BMSC6,Baeria Rocks South Island,48.95023,-125.15554,17/04/2026,5,SW,10:00,CBL,7.5,2,2,cgi,Crassadoma gigantea,Purple-hinged rock scallop,6,0,,1,3,1,,1,,,,,,,,,,,,,,,,,,,,,,,,,,,,,,,,,,,,,,,,,,
1100,Carter Burtlake,Tom Bird,BMSC6,Baeria Rocks South Island,48.95023,-125.15554,17/04/2026,5,SW,10:00,CBL,7.5,2,2,oko,Orthasterias koehleri,Rainbow star,8,8,,,,,,,,,,,,,,,,,,,,,,,,,,,,,,,,,,,,,,,,,,,,,,,,
1101,Carter Burtlake,Tom Bird,BMSC6,Baeria Rocks South Island,48.95023,-125.15554,17/04/2026,5,SW,10:00,CBL,7.5,2,2,dim,Dermasterias imbricata,Leather star,4,4,,,,,,,,,,,,,,,,,,,,,,,,,,,,,,,,,,,,,,,,,,,,,,,,
1102,Carter Burtlake,Tom Bird,BMSC6,Baeria Rocks South Island,48.95023,-125.15554,17/04/2026,5,SW,10:00,CBL,7.5,0,2,sebastes,Sebastes spp.,,2,0,,,2,,,,,,,,,,,,,,,,,,,,,,,,,,,,,,,,,,,,,,,,,,,,,
1103,Carter Burtlake,Tom Bird,BMSC6,Baeria Rocks South Island,48.95023,-125.15554,17/04/2026,5,SW,10:00,CBL,7.5,2,2,spur,Strongylocentrotus purpuratus,Purple sea urchin,6,6,,,,,,,,,,,,,,,,,,,,,,,,,,,,,,,,,,,,,,,,,,,,,,,,
1104,Carter Burtlake,Tom Bird,BMSC6,Baeria Rocks South Island,48.95023,-125.15554,17/04/2026,5,SW,10:00,CBL,7.5,2,2,jzo,Jordania zonope,Longfin sculpin,6,0,,4,2,,,,,,,,,,,,,,,,,,,,,,,,,,,,,,,,,,,,,,,,,,,,,
1105,Carter Burtlake,Tom Bird,BMSC6,Baeria Rocks South Island,48.95023,-125.15554,17/04/2026,5,SW,10:00,CBL,7.5,2,2,rni,Rhinogobiops nicholsii,Blackeye goby,6,0,,3,3,,,,,,,,,,,,,,,,,,,,,,,,,,,,,,,,,,,,,,,,,,,,,
1106,Carter Burtlake,Tom Bird,BMSC6,Baeria Rocks South Island,48.95023,-125.15554,17/04/2026,5,SW,10:00,CBL,7.5,2,2,aha,Artedius harringtoni,Scalyhead sculpin,6,0,2,4,,,,,,,,,,,,,,,,,,,,,,,,,,,,,,,,,,,,,,,,,,,,,,
1107,Carter Burtlake,Tom Bird,BMSC6,Baeria Rocks South Island,48.95023,-125.15554,17/04/2026,5,SW,10:00,CBL,7.5,2,2,hermit,Paguroidea spp.,Unidentified hermit crab,1,1,,,,,,,,,,,,,,,,,,,,,,,,,,,,,,,,,,,,,,,,,,,,,,,,
1108,Carter Burtlake,Tom Bird,BMSC6,Baeria Rocks South Island,48.95023,-125.15554,17/04/2026,5,SW,10:00,CBL,7.5,2,2,sdr,Strongylocentrotus droebachiensis,Northern sea urchin,2,2,,,,,,,,,,,,,,,,,,,,,,,,,,,,,,,,,,,,,,,,,,,,,,,,
1109,Carter Burtlake,Tom Bird,BMSC6,Baeria Rocks South Island,48.95023,-125.15554,17/04/2026,5,SW,10:00,CBL,7.5,2,2,etr,Evasterias troschelii,Mottled starfish,1,1,,,,,,,,,,,,,,,,,,,,,,,,,,,,,,,,,,,,,,,,,,,,,,,,
1110,Carter Burtlake,Tom Bird,BMSC6,Baeria Rocks South Island,48.95023,-125.15554,17/04/2026,5,SW,10:00,CBL,7.5,2,2,sac,Scyra acutifrons,Sharpnose crab,1,1,,,,,,,,,,,,,,,,,,,,,,,,,,,,,,,,,,,,,,,,,,,,,,,,
1111,Carter Burtlake,Tom Bird,BMSC6,Baeria Rocks South Island,48.95023,-125.15554,17/04/2026,5,SW,10:00,CBL,7.5,2,2,pachycheles,Pachycheles spp.,,2,2,,,,,,,,,,,,,,,,,,,,,,,,,,,,,,,,,,,,,,,,,,,,,,,,
1112,Carter Burtlake,Tom Bird,BMSC6,Baeria Rocks South Island,48.95023,-125.15554,17/04/2026,5,SW,10:00,CBL,7.5,2,2,das,Diodora aspera,Rough keyhole limpet,1,1,,,,,,,,,,,,,,,,,,,,,,,,,,,,,,,,,,,,,,,,,,,,,,,,
1113,Carter Burtlake,Tom Bird,BMSC6,Baeria Rocks South Island,48.95023,-125.15554,17/04/2026,5,SW,10:00,CBL,7.5,2,2,pca,Pagurus caurinus,Greenmark hermit,1,1,,,,,,,,,,,,,,,,,,,,,,,,,,,,,,,,,,,,,,,,,,,,,,,,
1114,Carter Burtlake,Tom Bird,BMSC6,Baeria Rocks South Island,48.95023,-125.15554,17/04/2026,5,SW,10:00,CBL,7.5,2,2,gor,Glebocarcinus oregonensis,Pygmy rock crab,1,1,,,,,,,,,,,,,,,,,,,,,,,,,,,,,,,,,,,,,,,,,,,,,,,,
1115,Carter Burtlake,Tom Bird,BMSC6,Baeria Rocks South Island,48.95023,-125.15554,17/04/2026,5,SW,10:00,CBL,7.5,0,2,hcr,Hermissenda crassicornis,Opalescent nudibranch,1,1,,,,,,,,,,,,,,,,,,,,,,,,,,,,,,,,,,,,,,,,,,,,,,,,
1116,Carter Burtlake,Tom Bird,BMSC6,Baeria Rocks South Island,48.95023,-125.15554,17/04/2026,5,SW,10:00,CBL,7.5,0,2,sne,Sebastes nebulosus,China rockfish,1,0,,,,,,,,,1,,,,,,,,,,,,,,,,,,,,,,,,,,,,,,,,,,,,,,,
1117,Carter Burtlake,Tom Bird,BMSC6,Baeria Rocks South Island,48.95023,-125.15554,17/04/2026,5,SW,10:00,CBL,7.5,0,2,opi,Oxylebius pictus,Painted greenling,1,0,,,,,,1,,,,,,,,,,,,,,,,,,,,,,,,,,,,,,,,,,,,,,,,,,
1118,Carter Burtlake,Tom Bird,BMSC6,Baeria Rocks South Island,48.95023,-125.15554,17/04/2026,5,SW,10:00,CBL,7.5,0,2,sme,Sebastes melanops,Black rockfish,10,0,,,,,,,5,2,2,,1,,,,,,,,,,,,,,,,,,,,,,,,,,,,,,,,,,,,,
1119,Carter Burtlake,Tom Bird,BMSC8,Baeria Rocks North Island Northside,48.95508,-125.15337,17/04/2026,3,SE,12:35,TB,9,1,1,NSF,No species found,No species found,0,0,,,,,,,,,,,,,,,,,,,,,,,,,,,,,,,,,,,,,,,,,,,,,,,,
1120,Carter Burtlake,Tom Bird,BMSC8,Baeria Rocks North Island Northside,48.95508,-125.15337,17/04/2026,3,SE,12:35,TB,9,2,1,mfr,Mesocentrotus franciscanus,Red sea urchin,188,188,,,,,,,,,,,,,,,,,,,,,,,,,,,,,,,,,,,,,,,,,,,,,,,,
1121,Carter Burtlake,Tom Bird,BMSC8,Baeria Rocks North Island Northside,48.95508,-125.15337,17/04/2026,3,SE,12:35,TB,9,2,1,pgi,Pomaulax gibberosus,Red turban shell,181,181,,,,,,,,,,,,,,,,,,,,,,,,,,,,,,,,,,,,,,,,,,,,,,,,
1122,Carter Burtlake,Tom Bird,BMSC8,Baeria Rocks North Island Northside,48.95508,-125.15337,17/04/2026,3,SE,12:35,TB,9,2,1,pmi,Patiria miniata,Bat star,91,91,,,,,,,,,,,,,,,,,,,,,,,,,,,,,,,,,,,,,,,,,,,,,,,,
1123,Carter Burtlake,Tom Bird,BMSC8,Baeria Rocks North Island Northside,48.95508,-125.15337,17/04/2026,3,SE,12:35,TB,9,2,1,hka,Haliotis kamtschatkana,Pinto abalone,16,0,9,7,,,,,,,,,,,,,,,,,,,,,,,,,,,,,,,,,,,,,,,,,,,,,,
1124,Carter Burtlake,Tom Bird,BMSC8,Baeria Rocks North Island Northside,48.95508,-125.15337,17/04/2026,3,SE,12:35,TB,9,2,1,pbe,Pagurus beringanus,Hermit crab,9,9,,,,,,,,,,,,,,,,,,,,,,,,,,,,,,,,,,,,,,,,,,,,,,,,
1125,Carter Burtlake,Tom Bird,BMSC8,Baeria Rocks North Island Northside,48.95508,-125.15337,17/04/2026,3,SE,12:35,TB,9,2,1,ete,Elassochirus tenuimanus,Widehand hermitcrab,2,2,,,,,,,,,,,,,,,,,,,,,,,,,,,,,,,,,,,,,,,,,,,,,,,,
1126,Carter Burtlake,Tom Bird,BMSC8,Baeria Rocks North Island Northside,48.95508,-125.15337,17/04/2026,3,SE,12:35,TB,9,2,1,phe,Pagurus hemphilli,Maroon hermit,27,27,,,,,,,,,,,,,,,,,,,,,,,,,,,,,,,,,,,,,,,,,,,,,,,,
1127,Carter Burtlake,Tom Bird,BMSC8,Baeria Rocks North Island Northside,48.95508,-125.15337,17/04/2026,3,SE,12:35,TB,9,2,1,acal,Apostichopus californicus,Californian sea cucumber,29,29,,,,,,,,,,,,,,,,,,,,,,,,,,,,,,,,,,,,,,,,,,,,,,,,
1128,Carter Burtlake,Tom Bird,BMSC8,Baeria Rocks North Island Northside,48.95508,-125.15337,17/04/2026,3,SE,12:35,TB,9,2,1,rri,Rhamphocottus richardsonii,Grunt sculpin,1,0,1,,,,,,,,,,,,,,,,,,,,,,,,,,,,,,,,,,,,,,,,,,,,,,,
1129,Carter Burtlake,Tom Bird,BMSC8,Baeria Rocks North Island Northside,48.95508,-125.15337,17/04/2026,3,SE,12:35,TB,9,2,1,dim,Dermasterias imbricata,Leather star,3,3,,,,,,,,,,,,,,,,,,,,,,,,,,,,,,,,,,,,,,,,,,,,,,,,
1130,Carter Burtlake,Tom Bird,BMSC8,Baeria Rocks North Island Northside,48.95508,-125.15337,17/04/2026,3,SE,12:35,TB,9,2,1,cfo,Ceratostoma foliatum,Leafy hornmouth,20,20,,,,,,,,,,,,,,,,,,,,,,,,,,,,,,,,,,,,,,,,,,,,,,,,
1131,Carter Burtlake,Tom Bird,BMSC8,Baeria Rocks North Island Northside,48.95508,-125.15337,17/04/2026,3,SE,12:35,TB,9,2,1,sac,Scyra acutifrons,Sharpnose crab,1,1,,,,,,,,,,,,,,,,,,,,,,,,,,,,,,,,,,,,,,,,,,,,,,,,
1132,Carter Burtlake,Tom Bird,BMSC8,Baeria Rocks North Island Northside,48.95508,-125.15337,17/04/2026,3,SE,12:35,TB,9,2,1,crab,Pleocyemata spp.,Unidentified crab,1,1,,,,,,,,,,,,,,,,,,,,,,,,,,,,,,,,,,,,,,,,,,,,,,,,
1133,Carter Burtlake,Tom Bird,BMSC8,Baeria Rocks North Island Northside,48.95508,-125.15337,17/04/2026,3,SE,12:35,TB,9,2,1,gor,Glebocarcinus oregonensis,Pygmy rock crab,2,2,,,,,,,,,,,,,,,,,,,,,,,,,,,,,,,,,,,,,,,,,,,,,,,,
1134,Carter Burtlake,Tom Bird,BMSC8,Baeria Rocks North Island Northside,48.95508,-125.15337,17/04/2026,3,SE,12:35,TB,9,2,1,oko,Orthasterias koehleri,Rainbow star,17,17,,,,,,,,,,,,,,,,,,,,,,,,,,,,,,,,,,,,,,,,,,,,,,,,
1135,Carter Burtlake,Tom Bird,BMSC8,Baeria Rocks North Island Northside,48.95508,-125.15337,17/04/2026,3,SE,12:35,TB,9,2,1,ami,Acmaea mitra,Whitecap limpet,3,3,,,,,,,,,,,,,,,,,,,,,,,,,,,,,,,,,,,,,,,,,,,,,,,,
1136,Carter Burtlake,Tom Bird,BMSC8,Baeria Rocks North Island Northside,48.95508,-125.15337,17/04/2026,3,SE,12:35,TB,9,2,1,jzo,Jordania zonope,Longfin sculpin,1,,,1,,,,,,,,,,,,,,,,,,,,,,,,,,,,,,,,,,,,,,,,,,,,,,
1137,Carter Burtlake,Tom Bird,BMSC8,Baeria Rocks North Island Northside,48.95508,-125.15337,17/04/2026,3,SE,12:35,TB,9,2,1,pachycheles,Pachycheles spp.,,1,1,,,,,,,,,,,,,,,,,,,,,,,,,,,,,,,,,,,,,,,,,,,,,,,,
1138,Carter Burtlake,Tom Bird,BMSC8,Baeria Rocks North Island Northside,48.95508,-125.15337,17/04/2026,3,SE,12:35,TB,9,2,1,das,Diodora aspera,Rough keyhole limpet,1,1,,,,,,,,,,,,,,,,,,,,,,,,,,,,,,,,,,,,,,,,,,,,,,,,
1139,Carter Burtlake,Tom Bird,BMSC8,Baeria Rocks North Island Northside,48.95508,-125.15337,17/04/2026,3,SE,12:35,TB,9,2,1,dsc,Discorsopagurus schmitti,Tubeworm hermit,1,1,,,,,,,,,,,,,,,,,,,,,,,,,,,,,,,,,,,,,,,,,,,,,,,,
1140,Carter Burtlake,Tom Bird,BMSC8,Baeria Rocks North Island Northside,48.95508,-125.15337,17/04/2026,3,SE,12:35,TB,9,2,1,etr,Evasterias troschelii,Mottled starfish,3,3,,,,,,,,,,,,,,,,,,,,,,,,,,,,,,,,,,,,,,,,,,,,,,,,
1141,Carter Burtlake,Tom Bird,BMSC8,Baeria Rocks North Island Northside,48.95508,-125.15337,17/04/2026,3,SE,12:35,TB,9,2,1,aha,Artedius harringtoni,Scalyhead sculpin,2,0,2,,,,,,,,,,,,,,,,,,,,,,,,,,,,,,,,,,,,,,,,,,,,,,,
1142,Carter Burtlake,Tom Bird,BMSC8,Baeria Rocks North Island Northside,48.95508,-125.15337,17/04/2026,3,SE,12:35,TB,9,2,1,sst,Solaster stimpsoni,Striped sun star,1,0,,,,,,,1,,,,,,,,,,,,,,,,,,,,,,,,,,,,,,,,,,,,,,,,,
1143,Carter Burtlake,Tom Bird,BMSC8,Baeria Rocks North Island Northside,48.95508,-125.15337,17/04/2026,3,SE,12:35,TB,9,2,1,cgi,Crassadoma gigantea,Purple-hinged rock scallop,2,0,,1,1,,,,,,,,,,,,,,,,,,,,,,,,,,,,,,,,,,,,,,,,,,,,,
1144,Carter Burtlake,Tom Bird,BMSC4,Kii xin,48.81512,-125.17533,17/04/2026,3,NE,15:07,CBL,7.5,1,2,sfl,Sebastes flavidus,Yellowtail rockfish,1,0,,1,,,,,,,,,,,,,,,,,,,,,,,,,,,,,,,,,,,,,,,,,,,,,,
1145,Carter Burtlake,Tom Bird,BMSC4,Kii xin,48.81512,-125.17533,17/04/2026,3,NE,15:07,CBL,7.5,1,2,hde,Hexagrammos decagrammus,Kelp greenling,3,0,,,,,1,,,,,2,,,,,,,,,,,,,,,,,,,,,,,,,,,,,,,,,,,,,,
1146,Carter Burtlake,Tom Bird,BMSC4,Kii xin,48.81512,-125.17533,17/04/2026,3,NE,15:07,CBL,7.5,1,2,hsp,Hemilepidotus spinosus,Brown Irish lord,1,0,,,,1,,,,,,,,,,,,,,,,,,,,,,,,,,,,,,,,,,,,,,,,,,,,
1147,Carter Burtlake,Tom Bird,BMSC4,Kii xin,48.81512,-125.17533,17/04/2026,3,NE,15:07,CBL,7.5,2,2,ctr,Coryphella trilineata,Three-lined aeolid,12,12,,,,,,,,,,,,,,,,,,,,,,,,,,,,,,,,,,,,,,,,,,,,,,,,
1148,Carter Burtlake,Tom Bird,BMSC4,Kii xin,48.81512,-125.17533,17/04/2026,3,NE,15:07,CBL,7.5,2,2,mfr,Mesocentrotus franciscanus,Red sea urchin,433,433,,,,,,,,,,,,,,,,,,,,,,,,,,,,,,,,,,,,,,,,,,,,,,,,
1149,Carter Burtlake,Tom Bird,BMSC4,Kii xin,48.81512,-125.17533,17/04/2026,3,NE,15:07,CBL,7.5,2,2,hka,Haliotis kamtschatkana,Pinto abalone,29,0,,10,12,7,,,,,,,,,,,,,,,,,,,,,,,,,,,,,,,,,,,,,,,,,,,,
1150,Carter Burtlake,Tom Bird,BMSC4,Kii xin,48.81512,-125.17533,17/04/2026,3,NE,15:07,CBL,7.5,2,2,ppu,Pachycheles pubescens,Porcelain crab,23,23,,,,,,,,,,,,,,,,,,,,,,,,,,,,,,,,,,,,,,,,,,,,,,,,
1151,Carter Burtlake,Tom Bird,BMSC4,Kii xin,48.81512,-125.17533,17/04/2026,3,NE,15:07,CBL,7.5,2,2,gor,Glebocarcinus oregonensis,Pygmy rock crab,44,44,,,,,,,,,,,,,,,,,,,,,,,,,,,,,,,,,,,,,,,,,,,,,,,,
1152,Carter Burtlake,Tom Bird,BMSC4,Kii xin,48.81512,-125.17533,17/04/2026,3,NE,15:07,CBL,7.5,2,2,dim,Dermasterias imbricata,Leather star,55,55,,,,,,,,,,,,,,,,,,,,,,,,,,,,,,,,,,,,,,,,,,,,,,,,
1153,Carter Burtlake,Tom Bird,BMSC4,Kii xin,48.81512,-125.17533,17/04/2026,3,NE,15:07,CBL,7.5,2,2,cfo,Ceratostoma foliatum,Leafy hornmouth,33,33,,,,,,,,,,,,,,,,,,,,,,,,,,,,,,,,,,,,,,,,,,,,,,,,
1154,Carter Burtlake,Tom Bird,BMSC4,Kii xin,48.81512,-125.17533,17/04/2026,3,NE,15:07,CBL,7.5,2,2,henricia,Henricia spp.,Unidentified blood star,6,6,,,,,,,,,,,,,,,,,,,,,,,,,,,,,,,,,,,,,,,,,,,,,,,,
1155,Carter Burtlake,Tom Bird,BMSC4,Kii xin,48.81512,-125.17533,17/04/2026,3,NE,15:07,CBL,7.5,2,2,poc,Pisaster ochraceus,Purple sea star,52,52,,,,,,,,,,,,,,,,,,,,,,,,,,,,,,,,,,,,,,,,,,,,,,,,
1156,Carter Burtlake,Tom Bird,BMSC4,Kii xin,48.81512,-125.17533,17/04/2026,3,NE,15:07,CBL,7.5,2,2,ami,Acmaea mitra,Whitecap limpet,14,14,,,,,,,,,,,,,,,,,,,,,,,,,,,,,,,,,,,,,,,,,,,,,,,,
1157,Carter Burtlake,Tom Bird,BMSC4,Kii xin,48.81512,-125.17533,17/04/2026,3,NE,15:07,CBL,7.5,2,2,cadlina,Cadlina spp.,Unidentified yellow rimmed,4,4,,,,,,,,,,,,,,,,,,,,,,,,,,,,,,,,,,,,,,,,,,,,,,,,
1158,Carter Burtlake,Tom Bird,BMSC4,Kii xin,48.81512,-125.17533,17/04/2026,3,NE,15:07,CBL,7.5,2,2,etr,Evasterias troschelii,Mottled starfish,8,8,,,,,,,,,,,,,,,,,,,,,,,,,,,,,,,,,,,,,,,,,,,,,,,,
1159,Carter Burtlake,Tom Bird,BMSC4,Kii xin,48.81512,-125.17533,17/04/2026,3,NE,15:07,CBL,7.5,2,2,aha,Artedius harringtoni,Scalyhead sculpin,3,0,,3,,,,,,,,,,,,,,,,,,,,,,,,,,,,,,,,,,,,,,,,,,,,,,
1160,Carter Burtlake,Tom Bird,BMSC4,Kii xin,48.81512,-125.17533,17/04/2026,3,NE,15:07,CBL,7.5,2,2,hcr,Hermissenda crassicornis,Opalescent nudibranch,7,7,,,,,,,,,,,,,,,,,,,,,,,,,,,,,,,,,,,,,,,,,,,,,,,,
1161,Carter Burtlake,Tom Bird,BMSC4,Kii xin,48.81512,-125.17533,17/04/2026,3,NE,15:07,CBL,7.5,2,2,cgi,Crassadoma gigantea,Purple-hinged rock scallop,4,0,,3,,,,1,,,,,,,,,,,,,,,,,,,,,,,,,,,,,,,,,,,,,,,,,,
1162,Carter Burtlake,Tom Bird,BMSC4,Kii xin,48.81512,-125.17533,17/04/2026,3,NE,15:07,CBL,7.5,2,2,cnu,Chirolophis nugator,Mosshead warbonnet,2,0,,2,,,,,,,,,,,,,,,,,,,,,,,,,,,,,,,,,,,,,,,,,,,,,,
1163,Carter Burtlake,Tom Bird,BMSC4,Kii xin,48.81512,-125.17533,17/04/2026,3,NE,15:07,CBL,7.5,2,2,spur,Strongylocentrotus purpuratus,Purple sea urchin,4,4,,,,,,,,,,,,,,,,,,,,,,,,,,,,,,,,,,,,,,,,,,,,,,,,
1164,Carter Burtlake,Tom Bird,BMSC4,Kii xin,48.81512,-125.17533,17/04/2026,3,NE,15:07,CBL,7.5,2,2,acal,Apostichopus californicus,Californian sea cucumber,15,15,,,,,,,,,,,,,,,,,,,,,,,,,,,,,,,,,,,,,,,,,,,,,,,,
1165,Carter Burtlake,Tom Bird,BMSC4,Kii xin,48.81512,-125.17533,17/04/2026,3,NE,15:07,CBL,7.5,2,2,oko,Orthasterias koehleri,Rainbow star,5,5,,,,,,,,,,,,,,,,,,,,,,,,,,,,,,,,,,,,,,,,,,,,,,,,
1166,Carter Burtlake,Tom Bird,BMSC4,Kii xin,48.81512,-125.17533,17/04/2026,3,NE,15:07,CBL,7.5,2,2,cpr,Cancer productus,Red rock crab,2,2,,,,,,,,,,,,,,,,,,,,,,,,,,,,,,,,,,,,,,,,,,,,,,,,
1167,Carter Burtlake,Tom Bird,BMSC4,Kii xin,48.81512,-125.17533,17/04/2026,3,NE,15:07,CBL,7.5,2,2,sculpin,Cottidae spp.,Unidentified sculpin,3,0,1,2,,,,,,,,,,,,,,,,,,,,,,,,,,,,,,,,,,,,,,,,,,,,,,
1168,Carter Burtlake,Tom Bird,BMSC4,Kii xin,48.81512,-125.17533,17/04/2026,3,NE,15:07,CBL,7.5,2,2,edo,Enteroctopus dofleini,Giant Pacific octopus,1,0,,,,1,,,,,,,,,,,,,,,,,,,,,,,,,,,,,,,,,,,,,,,,,,,,
1169,Carter Burtlake,Tom Bird,BMSC4,Kii xin,48.81512,-125.17533,17/04/2026,3,NE,15:07,CBL,7.5,2,2,sac,Scyra acutifrons,Sharpnose crab,1,1,,,,,,,,,,,,,,,,,,,,,,,,,,,,,,,,,,,,,,,,,,,,,,,,
1170,Carter Burtlake,Tom Bird,BMSC4,Kii xin,48.81512,-125.17533,17/04/2026,3,NE,15:07,CBL,7.5,2,2,nla,Nucella lamellosa,Frilled dogwinkle,2,2,,,,,,,,,,,,,,,,,,,,,,,,,,,,,,,,,,,,,,,,,,,,,,,,
1171,Carter Burtlake,Tom Bird,BMSC4,Kii xin,48.81512,-125.17533,17/04/2026,3,NE,15:07,CBL,7.5,2,2,ppa,Phyllolithodes papillosus,Heart crab,1,1,,,,,,,,,,,,,,,,,,,,,,,,,,,,,,,,,,,,,,,,,,,,,,,,
1172,Carter Burtlake,Tom Bird,BMSC4,Kii xin,48.81512,-125.17533,17/04/2026,3,NE,15:07,CBL,7.5,2,2,bsw,Bothragonus swanii,Rockhead poacher,1,0,1,,,,,,,,,,,,,,,,,,,,,,,,,,,,,,,,,,,,,,,,,,,,,,,
1173,Carter Burtlake,Tom Bird,BMSC4,Kii xin,48.81512,-125.17533,17/04/2026,3,NE,15:07,CBL,7.5,2,2,pbe,Pagurus beringanus,Hermit crab,1,1,,,,,,,,,,,,,,,,,,,,,,,,,,,,,,,,,,,,,,,,,,,,,,,,
1174,Carter Burtlake,Tom Bird,BMSC4,Kii xin,48.81512,-125.17533,17/04/2026,3,NE,15:07,CBL,7.5,2,2,jzo,Jordania zonope,Longfin sculpin,1,0,,1,,,,,,,,,,,,,,,,,,,,,,,,,,,,,,,,,,,,,,,,,,,,,,
1175,Carter Burtlake,Tom Bird,BMSC4,Kii xin,48.81512,-125.17533,17/04/2026,3,NE,15:07,CBL,7.5,2,2,das,Diodora aspera,Rough keyhole limpet,2,2,,,,,,,,,,,,,,,,,,,,,,,,,,,,,,,,,,,,,,,,,,,,,,,,
1176,Carter Burtlake,Tom Bird,BMSC14,Effingham Archipelago,48.87908,-125.2974,21/04/2026,2.5,SE,14:45,CBL,7,1,1,hde,Hexagrammos decagrammus,Kelp greenling,3,0,,,,1,,,1,,1,,,,,,,,,,,,,,,,,,,,,,,,,,,,,,,,,,,,,,,
1177,Carter Burtlake,Tom Bird,BMSC14,Effingham Archipelago,48.87908,-125.2974,21/04/2026,2.5,SE,14:45,CBL,7,1,1,jzo,Jordania zonope,Longfin sculpin,1,0,,1,,,,,,,,,,,,,,,,,,,,,,,,,,,,,,,,,,,,,,,,,,,,,,
1178,Carter Burtlake,Tom Bird,BMSC14,Effingham Archipelago,48.87908,-125.2974,21/04/2026,2.5,SE,14:45,CBL,7,1,1,rni,Rhinogobiops nicholsii,Blackeye goby,1,0,,1,,,,,,,,,,,,,,,,,,,,,,,,,,,,,,,,,,,,,,,,,,,,,,
1179,Carter Burtlake,Tom Bird,BMSC14,Effingham Archipelago,48.87908,-125.2974,21/04/2026,2.5,SE,14:45,CBL,7,2,1,mfr,Mesocentrotus franciscanus,Red sea urchin,189,189,,,,,,,,,,,,,,,,,,,,,,,,,,,,,,,,,,,,,,,,,,,,,,,,
1180,Carter Burtlake,Tom Bird,BMSC14,Effingham Archipelago,48.87908,-125.2974,21/04/2026,2.5,SE,14:45,CBL,7,2,1,dim,Dermasterias imbricata,Leather star,6,6,,,,,,,,,,,,,,,,,,,,,,,,,,,,,,,,,,,,,,,,,,,,,,,,
1181,Carter Burtlake,Tom Bird,BMSC14,Effingham Archipelago,48.87908,-125.2974,21/04/2026,2.5,SE,14:45,CBL,7,2,1,pmi,Patiria miniata,Bat star,39,39,,,,,,,,,,,,,,,,,,,,,,,,,,,,,,,,,,,,,,,,,,,,,,,,
1182,Carter Burtlake,Tom Bird,BMSC14,Effingham Archipelago,48.87908,-125.2974,21/04/2026,2.5,SE,14:45,CBL,7,2,1,hka,Haliotis kamtschatkana,Pinto abalone,34,,25,9,,,,,,,,,,,,,,,,,,,,,,,,,,,,,,,,,,,,,,,,,,,,,,
1183,Carter Burtlake,Tom Bird,BMSC14,Effingham Archipelago,48.87908,-125.2974,21/04/2026,2.5,SE,14:45,CBL,7,2,1,phe,Pagurus hemphilli,Maroon hermit,95,95,,,,,,,,,,,,,,,,,,,,,,,,,,,,,,,,,,,,,,,,,,,,,,,,
1184,Carter Burtlake,Tom Bird,BMSC14,Effingham Archipelago,48.87908,-125.2974,21/04/2026,2.5,SE,14:45,CBL,7,2,1,oko,Orthasterias koehleri,Rainbow star,8,8,,,,,,,,,,,,,,,,,,,,,,,,,,,,,,,,,,,,,,,,,,,,,,,,
1185,Carter Burtlake,Tom Bird,BMSC14,Effingham Archipelago,48.87908,-125.2974,21/04/2026,2.5,SE,14:45,CBL,7,2,1,ami,Acmaea mitra,Whitecap limpet,44,44,,,,,,,,,,,,,,,,,,,,,,,,,,,,,,,,,,,,,,,,,,,,,,,,
1186,Carter Burtlake,Tom Bird,BMSC14,Effingham Archipelago,48.87908,-125.2974,21/04/2026,2.5,SE,14:45,CBL,7,2,1,ppu,Pachycheles pubescens,Porcelain crab,18,18,,,,,,,,,,,,,,,,,,,,,,,,,,,,,,,,,,,,,,,,,,,,,,,,
1187,Carter Burtlake,Tom Bird,BMSC14,Effingham Archipelago,48.87908,-125.2974,21/04/2026,2.5,SE,14:45,CBL,7,2,1,das,Diodora aspera,Rough keyhole limpet,6,6,,,,,,,,,,,,,,,,,,,,,,,,,,,,,,,,,,,,,,,,,,,,,,,,
1188,Carter Burtlake,Tom Bird,BMSC14,Effingham Archipelago,48.87908,-125.2974,21/04/2026,2.5,SE,14:45,CBL,7,2,1,pgi,Pomaulax gibberosus,Red turban shell,105,105,,,,,,,,,,,,,,,,,,,,,,,,,,,,,,,,,,,,,,,,,,,,,,,,
1189,Carter Burtlake,Tom Bird,BMSC14,Effingham Archipelago,48.87908,-125.2974,21/04/2026,2.5,SE,14:45,CBL,7,2,1,cfo,Ceratostoma foliatum,Leafy hornmouth,15,15,,,,,,,,,,,,,,,,,,,,,,,,,,,,,,,,,,,,,,,,,,,,,,,,
1190,Carter Burtlake,Tom Bird,BMSC14,Effingham Archipelago,48.87908,-125.2974,21/04/2026,2.5,SE,14:45,CBL,7,2,1,gor,Glebocarcinus oregonensis,Pygmy rock crab,8,8,,,,,,,,,,,,,,,,,,,,,,,,,,,,,,,,,,,,,,,,,,,,,,,,
1191,Carter Burtlake,Tom Bird,BMSC14,Effingham Archipelago,48.87908,-125.2974,21/04/2026,2.5,SE,14:45,CBL,7,2,1,sac,Scyra acutifrons,Sharpnose crab,14,14,,,,,,,,,,,,,,,,,,,,,,,,,,,,,,,,,,,,,,,,,,,,,,,,
1192,Carter Burtlake,Tom Bird,BMSC14,Effingham Archipelago,48.87908,-125.2974,21/04/2026,2.5,SE,14:45,CBL,7,2,1,cgi,Crassadoma gigantea,Purple-hinged rock scallop,9,,,5,2,1,,1,,,,,,,,,,,,,,,,,,,,,,,,,,,,,,,,,,,,,,,,,,
1193,Carter Burtlake,Tom Bird,BMSC14,Effingham Archipelago,48.87908,-125.2974,21/04/2026,2.5,SE,14:45,CBL,7,2,1,rni,Rhinogobiops nicholsii,Blackeye goby,6,,2,2,2,,,,,,,,,,,,,,,,,,,,,,,,,,,,,,,,,,,,,,,,,,,,,
1194,Carter Burtlake,Tom Bird,BMSC14,Effingham Archipelago,48.87908,-125.2974,21/04/2026,2.5,SE,14:45,CBL,7,0,1,sca,Sebastes caurinus,Copper rockfish,1,,,,,,,,1,,,,,,,,,,,,,,,,,,,,,,,,,,,,,,,,,,,,,,,,,
1195,Carter Burtlake,Tom Bird,BMSC14,Effingham Archipelago,48.87908,-125.2974,21/04/2026,2.5,SE,14:45,CBL,7,2,1,henricia,Henricia spp.,Unidentified blood star,1,1,,,,,,,,,,,,,,,,,,,,,,,,,,,,,,,,,,,,,,,,,,,,,,,,
1196,Carter Burtlake,Tom Bird,BMSC14,Effingham Archipelago,48.87908,-125.2974,21/04/2026,2.5,SE,14:45,CBL,7,2,1,aha,Artedius harringtoni,Scalyhead sculpin,5,,2,3,,,,,,,,,,,,,,,,,,,,,,,,,,,,,,,,,,,,,,,,,,,,,,
1197,Carter Burtlake,Tom Bird,BMSC14,Effingham Archipelago,48.87908,-125.2974,21/04/2026,2.5,SE,14:45,CBL,7,2,1,acal,Apostichopus californicus,Californian sea cucumber,11,11,,,,,,,,,,,,,,,,,,,,,,,,,,,,,,,,,,,,,,,,,,,,,,,,
1198,Carter Burtlake,Tom Bird,BMSC14,Effingham Archipelago,48.87908,-125.2974,21/04/2026,2.5,SE,14:45,CBL,7,2,1,otr,Orthonopias triacis,Snubnose sculpin,1,,,1,,,,,,,,,,,,,,,,,,,,,,,,,,,,,,,,,,,,,,,,,,,,,,
1199,Carter Burtlake,Tom Bird,BMSC14,Effingham Archipelago,48.87908,-125.2974,21/04/2026,2.5,SE,14:45,CBL,7,2,1,lbe,Lophopanopeus bellus,Black-clawed crab,1,1,,,,,,,,,,,,,,,,,,,,,,,,,,,,,,,,,,,,,,,,,,,,,,,,
1200,Carter Burtlake,Tom Bird,BMSC14,Effingham Archipelago,48.87908,-125.2974,21/04/2026,2.5,SE,14:45,CBL,7,2,1,jzo,Jordania zonope,Longfin sculpin,2,,,2,,,,,,,,,,,,,,,,,,,,,,,,,,,,,,,,,,,,,,,,,,,,,,
1201,Carter Burtlake,Tom Bird,BMSC14,Effingham Archipelago,48.87908,-125.2974,21/04/2026,2.5,SE,14:45,CBL,7,0,1,sne,Sebastes nebulosus,China rockfish,1,,,,,,,,1,,,,,,,,,,,,,,,,,,,,,,,,,,,,,,,,,,,,,,,,,
1202,Carter Burtlake,Tom Bird,BMSC14,Effingham Archipelago,48.87908,-125.2974,21/04/2026,2.5,SE,14:45,CBL,7,2,1,ppa,Phyllolithodes papillosus,Heart crab,1,1,,,,,,,,,,,,,,,,,,,,,,,,,,,,,,,,,,,,,,,,,,,,,,,,
1203,Carter Burtlake,Tom Bird,BMSC14,Effingham Archipelago,48.87908,-125.2974,21/04/2026,2.5,SE,14:45,CBL,7,2,1,pbe,Pagurus beringanus,Hermit crab,1,1,,,,,,,,,,,,,,,,,,,,,,,,,,,,,,,,,,,,,,,,,,,,,,,,
1204,Carter Burtlake,Tom Bird,BMSC14,Effingham Archipelago,48.87908,-125.2974,21/04/2026,2.5,SE,14:45,CBL,7,2,1,aha,Artedius harringtoni,Scalyhead sculpin,1,0,,1,,,,,,,,,,,,,,,,,,,,,,,,,,,,,,,,,,,,,,,,,,,,,,
1205,Carter Burtlake,Tom Bird,BMSC14,Effingham Archipelago,48.87908,-125.2974,21/04/2026,2.5,SE,14:45,CBL,7,0,1,oel,Ophiodon elongatus,Lingcod,1,,,,,,,,,,,1,,,,,,,,,,,,,,,,,,,,,,,,,,,,,,,,,,,,,,
1206,Carter Burtlake,Tom Bird,BMSC14,Effingham Archipelago,48.87908,-125.2974,21/04/2026,2.5,SE,14:45,CBL,7,2,1,etr,Evasterias troschelii,Mottled starfish,1,1,,,,,,,,,,,,,,,,,,,,,,,,,,,,,,,,,,,,,,,,,,,,,,,,
1207,Carter Burtlake,Claire Attridge,BMSC15,Raymond Kelp Rock,48.88028,-125.31288,21/04/2026,2.5,SW,10:15,CBL,5.5,1,2,hde,Hexagrammos decagrammus,Kelp greenling,2,0,,,1,,,,,,,,1,,,,,,,,,,,,,,,,,,,,,,,,,,,,,,,,,,,,,
1208,Carter Burtlake,Claire Attridge,BMSC15,Raymond Kelp Rock,48.88028,-125.31288,21/04/2026,2.5,SW,10:15,CBL,5.5,1,2,sca,Sebastes caurinus,Copper rockfish,1,0,,,,,,,,,,1,,,,,,,,,,,,,,,,,,,,,,,,,,,,,,,,,,,,,,
1209,Carter Burtlake,Claire Attridge,BMSC15,Raymond Kelp Rock,48.88028,-125.31288,21/04/2026,2.5,SW,10:15,CBL,5.5,1,2,rni,Rhinogobiops nicholsii,Blackeye goby,11,0,3,3,5,,,,,,,,,,,,,,,,,,,,,,,,,,,,,,,,,,,,,,,,,,,,,
1210,Carter Burtlake,Claire Attridge,BMSC15,Raymond Kelp Rock,48.88028,-125.31288,21/04/2026,2.5,SW,10:15,CBL,5.5,1,2,bolinopsis,Bolinopsis spp.,Unidentified northern comb jelly,1,1,,,,,,,,,,,,,,,,,,,,,,,,,,,,,,,,,,,,,,,,,,,,,,,,
1211,Carter Burtlake,Claire Attridge,BMSC15,Raymond Kelp Rock,48.88028,-125.31288,21/04/2026,2.5,SW,10:15,CBL,5.5,2,2,pgi,Pomaulax gibberosus,Red turban shell,372,372,,,,,,,,,,,,,,,,,,,,,,,,,,,,,,,,,,,,,,,,,,,,,,,,
1212,Carter Burtlake,Claire Attridge,BMSC15,Raymond Kelp Rock,48.88028,-125.31288,21/04/2026,2.5,SW,10:15,CBL,5.5,2,2,dim,Dermasterias imbricata,Leather star,9,9,,,,,,,,,,,,,,,,,,,,,,,,,,,,,,,,,,,,,,,,,,,,,,,,
1213,Carter Burtlake,Claire Attridge,BMSC15,Raymond Kelp Rock,48.88028,-125.31288,21/04/2026,2.5,SW,10:15,CBL,5.5,2,2,hka,Haliotis kamtschatkana,Pinto abalone,5,0,1,,,,4,,,,,,,,,,,,,,,,,,,,,,,,,,,,,,,,,,,,,,,,,,,
1214,Carter Burtlake,Claire Attridge,BMSC15,Raymond Kelp Rock,48.88028,-125.31288,21/04/2026,2.5,SW,10:15,CBL,5.5,2,2,cgi,Crassadoma gigantea,Purple-hinged rock scallop,26,0,1,11,7,3,3,1,,,,,,,,,,,,,,,,,,,,,,,,,,,,,,,,,,,,,,,,,,
1215,Carter Burtlake,Claire Attridge,BMSC15,Raymond Kelp Rock,48.88028,-125.31288,21/04/2026,2.5,SW,10:15,CBL,5.5,2,2,phe,Pagurus hemphilli,Maroon hermit,3,3,,,,,,,,,,,,,,,,,,,,,,,,,,,,,,,,,,,,,,,,,,,,,,,,
1216,Carter Burtlake,Claire Attridge,BMSC15,Raymond Kelp Rock,48.88028,-125.31288,21/04/2026,2.5,SW,10:15,CBL,5.5,0,2,bfr,Brachyistius frenatus,Kelp perch,1,,,1,,,,,,,,,,,,,,,,,,,,,,,,,,,,,,,,,,,,,,,,,,,,,,
1217,Carter Burtlake,Claire Attridge,BMSC15,Raymond Kelp Rock,48.88028,-125.31288,21/04/2026,2.5,SW,10:15,CBL,5.5,2,2,gor,Glebocarcinus oregonensis,Pygmy rock crab,2,2,,,,,,,,,,,,,,,,,,,,,,,,,,,,,,,,,,,,,,,,,,,,,,,,
1218,Carter Burtlake,Claire Attridge,BMSC15,Raymond Kelp Rock,48.88028,-125.31288,21/04/2026,2.5,SW,10:15,CBL,5.5,2,2,ppu,Pachycheles pubescens,Porcelain crab,10,10,,,,,,,,,,,,,,,,,,,,,,,,,,,,,,,,,,,,,,,,,,,,,,,,
1219,Carter Burtlake,Claire Attridge,BMSC15,Raymond Kelp Rock,48.88028,-125.31288,21/04/2026,2.5,SW,10:15,CBL,5.5,2,2,cmo,Cadlina modesta,Modest cadlina nudibranch,1,1,,,,,,,,,,,,,,,,,,,,,,,,,,,,,,,,,,,,,,,,,,,,,,,,
1220,Carter Burtlake,Claire Attridge,BMSC15,Raymond Kelp Rock,48.88028,-125.31288,21/04/2026,2.5,SW,10:15,CBL,5.5,2,2,das,Diodora aspera,Rough keyhole limpet,7,7,,,,,,,,,,,,,,,,,,,,,,,,,,,,,,,,,,,,,,,,,,,,,,,,
1221,Carter Burtlake,Claire Attridge,BMSC15,Raymond Kelp Rock,48.88028,-125.31288,21/04/2026,2.5,SW,10:15,CBL,5.5,2,2,pmi,Patiria miniata,Bat star,19,19,,,,,,,,,,,,,,,,,,,,,,,,,,,,,,,,,,,,,,,,,,,,,,,,
1222,Carter Burtlake,Claire Attridge,BMSC15,Raymond Kelp Rock,48.88028,-125.31288,21/04/2026,2.5,SW,10:15,CBL,5.5,0,2,sma,Sebastes maliger,Quillback rockfish,1,0,1,,,,,,,,,,,,,,,,,,,,,,,,,,,,,,,,,,,,,,,,,,,,,,,
1223,Carter Burtlake,Claire Attridge,BMSC15,Raymond Kelp Rock,48.88028,-125.31288,21/04/2026,2.5,SW,10:15,CBL,5.5,2,2,rni,Rhinogobiops nicholsii,Blackeye goby,32,0,20,8,4,,,,,,,,,,,,,,,,,,,,,,,,,,,,,,,,,,,,,,,,,,,,,
1224,Carter Burtlake,Claire Attridge,BMSC15,Raymond Kelp Rock,48.88028,-125.31288,21/04/2026,2.5,SW,10:15,CBL,5.5,2,2,acal,Apostichopus californicus,Californian sea cucumber,16,16,,,,,,,,,,,,,,,,,,,,,,,,,,,,,,,,,,,,,,,,,,,,,,,,
1225,Carter Burtlake,Claire Attridge,BMSC15,Raymond Kelp Rock,48.88028,-125.31288,21/04/2026,2.5,SW,10:15,CBL,5.5,2,2,ami,Acmaea mitra,Whitecap limpet,2,2,,,,,,,,,,,,,,,,,,,,,,,,,,,,,,,,,,,,,,,,,,,,,,,,
1226,Carter Burtlake,Claire Attridge,BMSC15,Raymond Kelp Rock,48.88028,-125.31288,21/04/2026,2.5,SW,10:15,CBL,5.5,2,2,oko,Orthasterias koehleri,Rainbow star,2,2,,,,,,,,,,,,,,,,,,,,,,,,,,,,,,,,,,,,,,,,,,,,,,,,
1227,Carter Burtlake,Claire Attridge,BMSC15,Raymond Kelp Rock,48.88028,-125.31288,21/04/2026,2.5,SW,10:15,CBL,5.5,2,2,pda,Pandalus danae,Dock shrimp,4,4,,,,,,,,,,,,,,,,,,,,,,,,,,,,,,,,,,,,,,,,,,,,,,,,
1228,Carter Burtlake,Claire Attridge,BMSC15,Raymond Kelp Rock,48.88028,-125.31288,21/04/2026,2.5,SW,10:15,CBL,5.5,2,2,ppr,Pugettia producta,Northern kelp crab,2,2,,,,,,,,,,,,,,,,,,,,,,,,,,,,,,,,,,,,,,,,,,,,,,,,
1229,Carter Burtlake,Claire Attridge,BMSC15,Raymond Kelp Rock,48.88028,-125.31288,21/04/2026,2.5,SW,10:15,CBL,5.5,2,2,pri,Pugettia richii,Cryptic kelp crab,1,1,,,,,,,,,,,,,,,,,,,,,,,,,,,,,,,,,,,,,,,,,,,,,,,,
1230,Carter Burtlake,Claire Attridge,BMSC15,Raymond Kelp Rock,48.88028,-125.31288,21/04/2026,2.5,SW,10:15,CBL,5.5,2,2,mfr,Mesocentrotus franciscanus,Red sea urchin,3,3,,,,,,,,,,,,,,,,,,,,,,,,,,,,,,,,,,,,,,,,,,,,,,,,
1231,Carter Burtlake,Claire Attridge,BMSC15,Raymond Kelp Rock,48.88028,-125.31288,21/04/2026,2.5,SW,10:15,CBL,5.5,2,2,cpr,Cancer productus,Red rock crab,1,1,,,,,,,,,,,,,,,,,,,,,,,,,,,,,,,,,,,,,,,,,,,,,,,,
1232,Carter Burtlake,Claire Attridge,BMSC15,Raymond Kelp Rock,48.88028,-125.31288,21/04/2026,2.5,SW,10:15,CBL,5.5,2,2,rme,Ruscarius meanyi,Puget sound sculpin,1,0,1,,,,,,,,,,,,,,,,,,,,,,,,,,,,,,,,,,,,,,,,,,,,,,,
1233,Carter Burtlake,Claire Attridge,BMSC15,Raymond Kelp Rock,48.88028,-125.31288,21/04/2026,2.5,SW,10:15,CBL,5.5,2,2,sac,Scyra acutifrons,Sharpnose crab,4,4,,,,,,,,,,,,,,,,,,,,,,,,,,,,,,,,,,,,,,,,,,,,,,,,
1234,Carter Burtlake,Claire Attridge,BMSC15,Raymond Kelp Rock,48.88028,-125.31288,21/04/2026,2.5,SW,10:15,CBL,5.5,2,2,hcr,Hermissenda crassicornis,Opalescent nudibranch,1,1,,,,,,,,,,,,,,,,,,,,,,,,,,,,,,,,,,,,,,,,,,,,,,,,
1235,Carter Burtlake,Claire Attridge,BMSC15,Raymond Kelp Rock,48.88028,-125.31288,21/04/2026,2.5,SW,10:15,CBL,5.5,0,2,dod,Doris odhneri,White night doris,1,1,,,,,,,,,,,,,,,,,,,,,,,,,,,,,,,,,,,,,,,,,,,,,,,,
1236,Carter Burtlake,Claire Attridge,BMSC15,Raymond Kelp Rock,48.88028,-125.31288,21/04/2026,2.5,SW,10:15,CBL,5.5,2,2,henricia,Henricia spp.,Unidentified blood star,1,1,,,,,,,,,,,,,,,,,,,,,,,,,,,,,,,,,,,,,,,,,,,,,,,,
1237,Carter Burtlake,Alec Jones,BMSC17,Wouwer Channel,48.86548,-125.36148,21/04/2026,2.5,SW,12:30,AJ,6,1,1,sme,Sebastes melanops,Black rockfish,5,0,,,,,1,,,1,1,1,1,,,,,,,,,,,,,,,,,,,,,,,,,,,,,,,,,,,,,
1238,Carter Burtlake,Alec Jones,BMSC17,Wouwer Channel,48.86548,-125.36148,21/04/2026,2.5,SW,12:30,AJ,6,1,1,sca,Sebastes caurinus,Copper rockfish,7,0,,,,,,,1,,1,3,2,,,,,,,,,,,,,,,,,,,,,,,,,,,,,,,,,,,,,
1239,Carter Burtlake,Alec Jones,BMSC17,Wouwer Channel,48.86548,-125.36148,21/04/2026,2.5,SW,12:30,AJ,6,1,1,hde,Hexagrammos decagrammus,Kelp greenling,2,0,,,,,,,,1,1,,,,,,,,,,,,,,,,,,,,,,,,,,,,,,,,,,,,,,,
1240,Carter Burtlake,Alec Jones,BMSC17,Wouwer Channel,48.86548,-125.36148,21/04/2026,2.5,SW,12:30,AJ,6,1,1,oel,Ophiodon elongatus,Lingcod,1,0,,,,,,,,,,,,,1,,,,,,,,,,,,,,,,,,,,,,,,,,,,,,,,,,,
1241,Carter Burtlake,Alec Jones,BMSC17,Wouwer Channel,48.86548,-125.36148,21/04/2026,2.5,SW,12:30,AJ,6,1,1,rni,Rhinogobiops nicholsii,Blackeye goby,6,0,2,2,2,,,,,,,,,,,,,,,,,,,,,,,,,,,,,,,,,,,,,,,,,,,,,
1242,Carter Burtlake,Alec Jones,BMSC17,Wouwer Channel,48.86548,-125.36148,21/04/2026,2.5,SW,12:30,AJ,6,2,1,mfr,Mesocentrotus franciscanus,Red sea urchin,77,77,,,,,,,,,,,,,,,,,,,,,,,,,,,,,,,,,,,,,,,,,,,,,,,,
1243,Carter Burtlake,Alec Jones,BMSC17,Wouwer Channel,48.86548,-125.36148,21/04/2026,2.5,SW,12:30,AJ,6,2,1,pgi,Pomaulax gibberosus,Red turban shell,139,139,,,,,,,,,,,,,,,,,,,,,,,,,,,,,,,,,,,,,,,,,,,,,,,,
1244,Carter Burtlake,Alec Jones,BMSC17,Wouwer Channel,48.86548,-125.36148,21/04/2026,2.5,SW,12:30,AJ,6,2,1,pmi,Patiria miniata,Bat star,61,61,,,,,,,,,,,,,,,,,,,,,,,,,,,,,,,,,,,,,,,,,,,,,,,,
1245,Carter Burtlake,Alec Jones,BMSC17,Wouwer Channel,48.86548,-125.36148,21/04/2026,2.5,SW,12:30,AJ,6,2,1,ami,Acmaea mitra,Whitecap limpet,43,43,,,,,,,,,,,,,,,,,,,,,,,,,,,,,,,,,,,,,,,,,,,,,,,,
1246,Carter Burtlake,Alec Jones,BMSC17,Wouwer Channel,48.86548,-125.36148,21/04/2026,2.5,SW,12:30,AJ,6,2,1,hka,Haliotis kamtschatkana,Pinto abalone,4,,3,1,,,,,,,,,,,,,,,,,,,,,,,,,,,,,,,,,,,,,,,,,,,,,,
1247,Carter Burtlake,Alec Jones,BMSC17,Wouwer Channel,48.86548,-125.36148,21/04/2026,2.5,SW,12:30,AJ,6,2,1,rni,Rhinogobiops nicholsii,Blackeye goby,32,0,20,8,4,,,,,,,,,,,,,,,,,,,,,,,,,,,,,,,,,,,,,,,,,,,,,
1248,Carter Burtlake,Alec Jones,BMSC17,Wouwer Channel,48.86548,-125.36148,21/04/2026,2.5,SW,12:30,AJ,6,2,1,cfo,Ceratostoma foliatum,Leafy hornmouth,18,18,,,,,,,,,,,,,,,,,,,,,,,,,,,,,,,,,,,,,,,,,,,,,,,,
1249,Carter Burtlake,Alec Jones,BMSC17,Wouwer Channel,48.86548,-125.36148,21/04/2026,2.5,SW,12:30,AJ,6,2,1,hcr,Hermissenda crassicornis,Opalescent nudibranch,1,1,,,,,,,,,,,,,,,,,,,,,,,,,,,,,,,,,,,,,,,,,,,,,,,,
1250,Carter Burtlake,Alec Jones,BMSC17,Wouwer Channel,48.86548,-125.36148,21/04/2026,2.5,SW,12:30,AJ,6,2,1,dsa,Diaulula sandiegensis,Ringed doris,1,1,,,,,,,,,,,,,,,,,,,,,,,,,,,,,,,,,,,,,,,,,,,,,,,,
1251,Carter Burtlake,Alec Jones,BMSC17,Wouwer Channel,48.86548,-125.36148,21/04/2026,2.5,SW,12:30,AJ,6,2,1,cgi,Crassadoma gigantea,Purple-hinged rock scallop,7,0,2,3,2,,,,,,,,,,,,,,,,,,,,,,,,,,,,,,,,,,,,,,,,,,,,,
1252,Carter Burtlake,Alec Jones,BMSC17,Wouwer Channel,48.86548,-125.36148,21/04/2026,2.5,SW,12:30,AJ,6,2,1,phe,Pagurus hemphilli,Maroon hermit,31,31,,,,,,,,,,,,,,,,,,,,,,,,,,,,,,,,,,,,,,,,,,,,,,,,
1253,Carter Burtlake,Alec Jones,BMSC17,Wouwer Channel,48.86548,-125.36148,21/04/2026,2.5,SW,12:30,AJ,6,2,1,sac,Scyra acutifrons,Sharpnose crab,9,9,,,,,,,,,,,,,,,,,,,,,,,,,,,,,,,,,,,,,,,,,,,,,,,,
1254,Carter Burtlake,Alec Jones,BMSC17,Wouwer Channel,48.86548,-125.36148,21/04/2026,2.5,SW,12:30,AJ,6,2,1,das,Diodora aspera,Rough keyhole limpet,10,10,,,,,,,,,,,,,,,,,,,,,,,,,,,,,,,,,,,,,,,,,,,,,,,,
1255,Carter Burtlake,Alec Jones,BMSC17,Wouwer Channel,48.86548,-125.36148,21/04/2026,2.5,SW,12:30,AJ,6,0,1,sca,Sebastes caurinus,Copper rockfish,5,0,,,,2,,,,1,1,1,,,,,,,,,,,,,,,,,,,,,,,,,,,,,,,,,,,,,,
1256,Carter Burtlake,Alec Jones,BMSC17,Wouwer Channel,48.86548,-125.36148,21/04/2026,2.5,SW,12:30,AJ,6,2,1,cha,Chlamys hastata,Spear scallop,8,0,2,3,2,,,1,,,,,,,,,,,,,,,,,,,,,,,,,,,,,,,,,,,,,,,,,,
1257,Carter Burtlake,Alec Jones,BMSC17,Wouwer Channel,48.86548,-125.36148,21/04/2026,2.5,SW,12:30,AJ,6,2,1,dsc,Discorsopagurus schmitti,Tubeworm hermit,4,4,,,,,,,,,,,,,,,,,,,,,,,,,,,,,,,,,,,,,,,,,,,,,,,,
1258,Carter Burtlake,Alec Jones,BMSC17,Wouwer Channel,48.86548,-125.36148,21/04/2026,2.5,SW,12:30,AJ,6,2,1,ppu,Pachycheles pubescens,Porcelain crab,6,6,,,,,,,,,,,,,,,,,,,,,,,,,,,,,,,,,,,,,,,,,,,,,,,,
1259,Carter Burtlake,Alec Jones,BMSC17,Wouwer Channel,48.86548,-125.36148,21/04/2026,2.5,SW,12:30,AJ,6,2,1,pbe,Pagurus beringanus,Hermit crab,1,1,,,,,,,,,,,,,,,,,,,,,,,,,,,,,,,,,,,,,,,,,,,,,,,,
1260,Carter Burtlake,Alec Jones,BMSC17,Wouwer Channel,48.86548,-125.36148,21/04/2026,2.5,SW,12:30,AJ,6,0,1,nle,Neverita lewisii,Lewis' Moon snail,1,1,,,,,,,,,,,,,,,,,,,,,,,,,,,,,,,,,,,,,,,,,,,,,,,,
1261,Carter Burtlake,Alec Jones,BMSC17,Wouwer Channel,48.86548,-125.36148,21/04/2026,2.5,SW,12:30,AJ,6,0,1,sme,Sebastes melanops,Black rockfish,1,0,,,,,,,,1,,,,,,,,,,,,,,,,,,,,,,,,,,,,,,,,,,,,,,,,
1262,Carter Burtlake,Alec Jones,BMSC17,Wouwer Channel,48.86548,-125.36148,21/04/2026,2.5,SW,12:30,AJ,6,2,1,jzo,Jordania zonope,Longfin sculpin,4,0,3,1,,,,,,,,,,,,,,,,,,,,,,,,,,,,,,,,,,,,,,,,,,,,,,
1263,Carter Burtlake,Alec Jones,BMSC17,Wouwer Channel,48.86548,-125.36148,21/04/2026,2.5,SW,12:30,AJ,6,2,1,poc,Pisaster ochraceus,Purple sea star,4,4,,,,,,,,,,,,,,,,,,,,,,,,,,,,,,,,,,,,,,,,,,,,,,,,
1264,Carter Burtlake,Alec Jones,BMSC17,Wouwer Channel,48.86548,-125.36148,21/04/2026,2.5,SW,12:30,AJ,6,2,1,acal,Apostichopus californicus,Californian sea cucumber,4,4,,,,,,,,,,,,,,,,,,,,,,,,,,,,,,,,,,,,,,,,,,,,,,,,
1265,Carter Burtlake,Alec Jones,BMSC17,Wouwer Channel,48.86548,-125.36148,21/04/2026,2.5,SW,12:30,AJ,6,2,1,etr,Evasterias troschelii,Mottled starfish,1,1,,,,,,,,,,,,,,,,,,,,,,,,,,,,,,,,,,,,,,,,,,,,,,,,
1266,Carter Burtlake,Alec Jones,BMSC17,Wouwer Channel,48.86548,-125.36148,21/04/2026,2.5,SW,12:30,AJ,6,2,1,gor,Glebocarcinus oregonensis,Pygmy rock crab,1,1,,,,,,,,,,,,,,,,,,,,,,,,,,,,,,,,,,,,,,,,,,,,,,,,
1267,Carter Burtlake,Alec Jones,BMSC17,Wouwer Channel,48.86548,-125.36148,21/04/2026,2.5,SW,12:30,AJ,6,2,1,otr,Orthonopias triacis,Snubnose sculpin,1,0,,1,,,,,,,,,,,,,,,,,,,,,,,,,,,,,,,,,,,,,,,,,,,,,,
1268,Carter Burtlake,Alec Jones,BMSC17,Wouwer Channel,48.86548,-125.36148,21/04/2026,2.5,SW,12:30,AJ,6,2,1,aha,Artedius harringtoni,Scalyhead sculpin,1,0,,1,,,,,,,,,,,,,,,,,,,,,,,,,,,,,,,,,,,,,,,,,,,,,,
1269,Carter Burtlake,Alec Jones,BMSC17,Wouwer Channel,48.86548,-125.36148,21/04/2026,2.5,SW,12:30,AJ,6,2,1,cpr,Cancer productus,Red rock crab,1,1,,,,,,,,,,,,,,,,,,,,,,,,,,,,,,,,,,,,,,,,,,,,,,,,
1270,Carter Burtlake,Alec Jones,BMSC17,Wouwer Channel,48.86548,-125.36148,21/04/2026,2.5,SW,12:30,AJ,6,2,1,whelk,Murex spp.,Unidentified murex whelk,1,1,,,,,,,,,,,,,,,,,,,,,,,,,,,,,,,,,,,,,,,,,,,,,,,,
1271,Carter Burtlake,Alec Jones,BMSC17,Wouwer Channel,48.86548,-125.36148,21/04/2026,2.5,SW,12:30,AJ,6,2,1,gma,Gobiesox maeandricus,Northern clingfish,1,0,,1,,,,,,,,,,,,,,,,,,,,,,,,,,,,,,,,,,,,,,,,,,,,,,
1272,Carter Burtlake,Alec Jones,BMSC17,Wouwer Channel,48.86548,-125.36148,21/04/2026,2.5,SW,12:30,AJ,6,2,1,shrimp,Caridea spp.,Unidentified caridean shrimp,1,1,,,,,,,,,,,,,,,,,,,,,,,,,,,,,,,,,,,,,,,,,,,,,,,,
1273,Carter Burtlake,Tom Bird,BMSC26,Hosie South,48.9071,-125.03701,22/04/2026,0.5,SW,12:40,CBL,10,1,2,NSF,No species found,No species found,0,0,,,,,,,,,,,,,,,,,,,,,,,,,,,,,,,,,,,,,,,,,,,,,,,,
1274,Carter Burtlake,Tom Bird,BMSC26,Hosie South,48.9071,-125.03701,22/04/2026,0.5,SW,12:40,CBL,10,2,2,pgi,Pomaulax gibberosus,Red turban shell,10,10,,,,,,,,,,,,,,,,,,,,,,,,,,,,,,,,,,,,,,,,,,,,,,,,
1275,Carter Burtlake,Tom Bird,BMSC26,Hosie South,48.9071,-125.03701,22/04/2026,0.5,SW,12:40,CBL,10,2,2,rri,Rhamphocottus richardsonii,Grunt sculpin,1,0,1,,,,,,,,,,,,,,,,,,,,,,,,,,,,,,,,,,,,,,,,,,,,,,,
1276,Carter Burtlake,Tom Bird,BMSC26,Hosie South,48.9071,-125.03701,22/04/2026,0.5,SW,12:40,CBL,10,2,2,mfr,Mesocentrotus franciscanus,Red sea urchin,3,3,,,,,,,,,,,,,,,,,,,,,,,,,,,,,,,,,,,,,,,,,,,,,,,,
1277,Carter Burtlake,Tom Bird,BMSC26,Hosie South,48.9071,-125.03701,22/04/2026,0.5,SW,12:40,CBL,10,2,2,tfe,Tritonia festiva,Diamondback tritonia,1,1,,,,,,,,,,,,,,,,,,,,,,,,,,,,,,,,,,,,,,,,,,,,,,,,
1278,Carter Burtlake,Tom Bird,BMSC26,Hosie South,48.9071,-125.03701,22/04/2026,0.5,SW,12:40,CBL,10,2,2,rni,Rhinogobiops nicholsii,Blackeye goby,4,0,,2,2,,,,,,,,,,,,,,,,,,,,,,,,,,,,,,,,,,,,,,,,,,,,,
1279,Carter Burtlake,Tom Bird,BMSC26,Hosie South,48.9071,-125.03701,22/04/2026,0.5,SW,12:40,CBL,10,2,2,ptr,Polycera tricolor,Tricolour nudibranch,4,4,,,,,,,,,,,,,,,,,,,,,,,,,,,,,,,,,,,,,,,,,,,,,,,,
1280,Carter Burtlake,Tom Bird,BMSC26,Hosie South,48.9071,-125.03701,22/04/2026,0.5,SW,12:40,CBL,10,2,2,dim,Dermasterias imbricata,Leather star,7,7,,,,,,,,,,,,,,,,,,,,,,,,,,,,,,,,,,,,,,,,,,,,,,,,
1281,Carter Burtlake,Tom Bird,BMSC26,Hosie South,48.9071,-125.03701,22/04/2026,0.5,SW,12:40,CBL,10,2,2,cgi,Crassadoma gigantea,Purple-hinged rock scallop,10,0,,2,1,5,1,1,,,,,,,,,,,,,,,,,,,,,,,,,,,,,,,,,,,,,,,,,,
1282,Carter Burtlake,Tom Bird,BMSC26,Hosie South,48.9071,-125.03701,22/04/2026,0.5,SW,12:40,CBL,10,2,2,jzo,Jordania zonope,Longfin sculpin,1,0,,1,,,,,,,,,,,,,,,,,,,,,,,,,,,,,,,,,,,,,,,,,,,,,,
1283,Carter Burtlake,Tom Bird,BMSC26,Hosie South,48.9071,-125.03701,22/04/2026,0.5,SW,12:40,CBL,10,2,2,henricia,Henricia spp.,Unidentified blood star,4,4,,,,,,,,,,,,,,,,,,,,,,,,,,,,,,,,,,,,,,,,,,,,,,,,
1284,Carter Burtlake,Tom Bird,BMSC26,Hosie South,48.9071,-125.03701,22/04/2026,0.5,SW,12:40,CBL,10,2,2,hsty,Heptacarpus stylus,Stiletto shrimp,2,2,,,,,,,,,,,,,,,,,,,,,,,,,,,,,,,,,,,,,,,,,,,,,,,,
1285,Carter Burtlake,Tom Bird,BMSC26,Hosie South,48.9071,-125.03701,22/04/2026,0.5,SW,12:40,CBL,10,2,2,pri,Pugettia richii,Cryptic kelp crab,1,1,,,,,,,,,,,,,,,,,,,,,,,,,,,,,,,,,,,,,,,,,,,,,,,,
1286,Carter Burtlake,Tom Bird,BMSC26,Hosie South,48.9071,-125.03701,22/04/2026,0.5,SW,12:40,CBL,10,2,2,cty,Cryptolithodes typicus,Butterfly crab,1,1,,,,,,,,,,,,,,,,,,,,,,,,,,,,,,,,,,,,,,,,,,,,,,,,
1287,Carter Burtlake,Tom Bird,BMSC26,Hosie South,48.9071,-125.03701,22/04/2026,0.5,SW,12:40,CBL,10,2,2,clon,Coryphella longicaudata,Red-fingered Coryphella,1,1,,,,,,,,,,,,,,,,,,,,,,,,,,,,,,,,,,,,,,,,,,,,,,,,
1288,Carter Burtlake,Tom Bird,BMSC26,Hosie South,48.9071,-125.03701,22/04/2026,0.5,SW,12:40,CBL,10,2,2,das,Diodora aspera,Rough keyhole limpet,2,2,,,,,,,,,,,,,,,,,,,,,,,,,,,,,,,,,,,,,,,,,,,,,,,,
1289,Carter Burtlake,Tom Bird,BMSC26,Hosie South,48.9071,-125.03701,22/04/2026,0.5,SW,12:40,CBL,10,0,2,bfr,Brachyistius frenatus,Kelp perch,5,0,,2,3,,,,,,,,,,,,,,,,,,,,,,,,,,,,,,,,,,,,,,,,,,,,,
1290,Carter Burtlake,Tom Bird,BMSC26,Hosie South,48.9071,-125.03701,22/04/2026,0.5,SW,12:40,CBL,10,2,2,acal,Apostichopus californicus,Californian sea cucumber,2,2,,,,,,,,,,,,,,,,,,,,,,,,,,,,,,,,,,,,,,,,,,,,,,,,
1291,Carter Burtlake,Tom Bird,BMSC26,Hosie South,48.9071,-125.03701,22/04/2026,0.5,SW,12:40,CBL,10,2,2,cfo,Ceratostoma foliatum,Leafy hornmouth,1,1,,,,,,,,,,,,,,,,,,,,,,,,,,,,,,,,,,,,,,,,,,,,,,,,
1292,Carter Burtlake,Tom Bird,BMSC26,Hosie South,48.9071,-125.03701,22/04/2026,0.5,SW,12:40,CBL,10,0,2,opi,Oxylebius pictus,Painted greenling,1,0,,,,,,1,,,,,,,,,,,,,,,,,,,,,,,,,,,,,,,,,,,,,,,,,,
1293,Carter Burtlake,Tom Bird,BMSC26,Hosie South,48.9071,-125.03701,22/04/2026,0.5,SW,12:40,CBL,10,2,2,chlamys,Chlamys spp.,Unidentified scallop,3,,,2,1,,,,,,,,,,,,,,,,,,,,,,,,,,,,,,,,,,,,,,,,,,,,,
1294,Carter Burtlake,Tom Bird,BMSC26,Hosie South,48.9071,-125.03701,22/04/2026,0.5,SW,12:40,CBL,10,2,2,etr,Evasterias troschelii,Mottled starfish,1,1,,,,,,,,,,,,,,,,,,,,,,,,,,,,,,,,,,,,,,,,,,,,,,,,
1295,Carter Burtlake,Tom Bird,BMSC26,Hosie South,48.9071,-125.03701,22/04/2026,0.5,SW,12:40,CBL,10,2,2,sac,Scyra acutifrons,Sharpnose crab,1,1,,,,,,,,,,,,,,,,,,,,,,,,,,,,,,,,,,,,,,,,,,,,,,,,
1296,Carter Burtlake,Tom Bird,BMSC26,Hosie South,48.9071,-125.03701,22/04/2026,0.5,SW,12:40,CBL,10,2,2,sac,Scyra acutifrons,Sharpnose crab,1,1,,,,,,,,,,,,,,,,,,,,,,,,,,,,,,,,,,,,,,,,,,,,,,,,
1297,Carter Burtlake,Tom Bird,BMSC26,Hosie South,48.9071,-125.03701,22/04/2026,0.5,SW,12:40,CBL,10,2,2,pmi,Patiria miniata,Bat star,1,1,,,,,,,,,,,,,,,,,,,,,,,,,,,,,,,,,,,,,,,,,,,,,,,,
1298,Carter Burtlake,Tom Bird,BMSC26,Hosie South,48.9071,-125.03701,22/04/2026,0.5,SW,12:40,CBL,10,2,2,sfo,Stylasterias forreri,Velcro seastar,1,1,,,,,,,,,,,,,,,,,,,,,,,,,,,,,,,,,,,,,,,,,,,,,,,,
1299,Carter Burtlake,Tom Bird,BMSC26,Hosie South,48.9071,-125.03701,22/04/2026,0.5,SW,12:40,CBL,10,2,2,dir,Dendronotus iris,Giant frond-aeolis,1,1,,,,,,,,,,,,,,,,,,,,,,,,,,,,,,,,,,,,,,,,,,,,,,,,
1300,Carter Burtlake,Tom Bird,BMSC26,Hosie South,48.9071,-125.03701,22/04/2026,0.5,SW,12:40,CBL,10,2,2,cpap,Crossaster papposus,Rose seastar,1,1,,,,,,,,,,,,,,,,,,,,,,,,,,,,,,,,,,,,,,,,,,,,,,,,
1301,Carter Burtlake,Tom Bird,BMSC26,Hosie South,48.9071,-125.03701,22/04/2026,0.5,SW,12:40,CBL,10,0,2,sca,Sebastes caurinus,Copper rockfish,1,0,,,,,,,1,,,,,,,,,,,,,,,,,,,,,,,,,,,,,,,,,,,,,,,,,
1302,Carter Burtlake,Tom Bird,BMSC26,Hosie South,48.9071,-125.03701,22/04/2026,0.5,SW,12:40,CBL,10,0,2,acali,Armina californica,Striped nudibranch,1,1,,,,,,,,,,,,,,,,,,,,,,,,,,,,,,,,,,,,,,,,,,,,,,,,
1303,Carter Burtlake,Tom Bird,BMSC27,San Jose North Island,48.90118,-125.06043,22/04/2026,1,S,10:10,TB,7,1,1,hde,Hexagrammos decagrammus,Kelp greenling,1,0,,,,,,,,,1,,,,,,,,,,,,,,,,,,,,,,,,,,,,,,,,,,,,,,,
1304,Carter Burtlake,Tom Bird,BMSC27,San Jose North Island,48.90118,-125.06043,22/04/2026,1,S,10:10,TB,7,1,1,sfl,Sebastes flavidus,Yellowtail rockfish,3,0,,,2,1,,,,,,,,,,,,,,,,,,,,,,,,,,,,,,,,,,,,,,,,,,,,
1305,Carter Burtlake,Tom Bird,BMSC27,San Jose North Island,48.90118,-125.06043,22/04/2026,1,S,10:10,TB,7,1,1,rni,Rhinogobiops nicholsii,Blackeye goby,14,0,3,5,4,2,,,,,,,,,,,,,,,,,,,,,,,,,,,,,,,,,,,,,,,,,,,,
1306,Carter Burtlake,Tom Bird,BMSC27,San Jose North Island,48.90118,-125.06043,22/04/2026,1,S,10:10,TB,7,0,1,opi,Oxylebius pictus,Painted greenling,1,0,,,,,1,,,,,,,,,,,,,,,,,,,,,,,,,,,,,,,,,,,,,,,,,,,
1307,Carter Burtlake,Tom Bird,BMSC27,San Jose North Island,48.90118,-125.06043,22/04/2026,1,S,10:10,TB,7,2,1,cfo,Ceratostoma foliatum,Leafy hornmouth,7,7,,,,,,,,,,,,,,,,,,,,,,,,,,,,,,,,,,,,,,,,,,,,,,,,
1308,Carter Burtlake,Tom Bird,BMSC27,San Jose North Island,48.90118,-125.06043,22/04/2026,1,S,10:10,TB,7,2,1,mfr,Mesocentrotus franciscanus,Red sea urchin,84,84,,,,,,,,,,,,,,,,,,,,,,,,,,,,,,,,,,,,,,,,,,,,,,,,
1309,Carter Burtlake,Tom Bird,BMSC27,San Jose North Island,48.90118,-125.06043,22/04/2026,1,S,10:10,TB,7,2,1,acal,Apostichopus californicus,Californian sea cucumber,13,13,,,,,,,,,,,,,,,,,,,,,,,,,,,,,,,,,,,,,,,,,,,,,,,,
1310,Carter Burtlake,Tom Bird,BMSC27,San Jose North Island,48.90118,-125.06043,22/04/2026,1,S,10:10,TB,7,2,1,gor,Glebocarcinus oregonensis,Pygmy rock crab,1,1,,,,,,,,,,,,,,,,,,,,,,,,,,,,,,,,,,,,,,,,,,,,,,,,
1311,Carter Burtlake,Tom Bird,BMSC27,San Jose North Island,48.90118,-125.06043,22/04/2026,1,S,10:10,TB,7,2,1,phe,Pagurus hemphilli,Maroon hermit,9,9,,,,,,,,,,,,,,,,,,,,,,,,,,,,,,,,,,,,,,,,,,,,,,,,
1312,Carter Burtlake,Tom Bird,BMSC27,San Jose North Island,48.90118,-125.06043,22/04/2026,1,S,10:10,TB,7,2,1,henricia,Henricia spp.,Unidentified blood star,7,7,,,,,,,,,,,,,,,,,,,,,,,,,,,,,,,,,,,,,,,,,,,,,,,,
1313,Carter Burtlake,Tom Bird,BMSC27,San Jose North Island,48.90118,-125.06043,22/04/2026,1,S,10:10,TB,7,2,1,hka,Haliotis kamtschatkana,Pinto abalone,18,0,,10,8,,,,,,,,,,,,,,,,,,,,,,,,,,,,,,,,,,,,,,,,,,,,,
1314,Carter Burtlake,Tom Bird,BMSC27,San Jose North Island,48.90118,-125.06043,22/04/2026,1,S,10:10,TB,7,2,1,ami,Acmaea mitra,Whitecap limpet,28,28,,,,,,,,,,,,,,,,,,,,,,,,,,,,,,,,,,,,,,,,,,,,,,,,
1315,Carter Burtlake,Tom Bird,BMSC27,San Jose North Island,48.90118,-125.06043,22/04/2026,1,S,10:10,TB,7,2,1,sac,Scyra acutifrons,Sharpnose crab,11,11,,,,,,,,,,,,,,,,,,,,,,,,,,,,,,,,,,,,,,,,,,,,,,,,
1316,Carter Burtlake,Tom Bird,BMSC27,San Jose North Island,48.90118,-125.06043,22/04/2026,1,S,10:10,TB,7,2,1,pmi,Patiria miniata,Bat star,11,11,,,,,,,,,,,,,,,,,,,,,,,,,,,,,,,,,,,,,,,,,,,,,,,,
1317,Carter Burtlake,Tom Bird,BMSC27,San Jose North Island,48.90118,-125.06043,22/04/2026,1,S,10:10,TB,7,2,1,cgi,Crassadoma gigantea,Purple-hinged rock scallop,33,0,,14,9,4,4,2,,,,,,,,,,,,,,,,,,,,,,,,,,,,,,,,,,,,,,,,,,
1318,Carter Burtlake,Tom Bird,BMSC27,San Jose North Island,48.90118,-125.06043,22/04/2026,1,S,10:10,TB,7,2,1,pgi,Pomaulax gibberosus,Red turban shell,56,56,,,,,,,,,,,,,,,,,,,,,,,,,,,,,,,,,,,,,,,,,,,,,,,,
1319,Carter Burtlake,Tom Bird,BMSC27,San Jose North Island,48.90118,-125.06043,22/04/2026,1,S,10:10,TB,7,2,1,cha,Chlamys hastata,Spear scallop,5,0,,3,2,,,,,,,,,,,,,,,,,,,,,,,,,,,,,,,,,,,,,,,,,,,,,
1320,Carter Burtlake,Tom Bird,BMSC27,San Jose North Island,48.90118,-125.06043,22/04/2026,1,S,10:10,TB,7,2,1,pnob,Peltodoris nobilis,Noble sea lemon,1,1,,,,,,,,,,,,,,,,,,,,,,,,,,,,,,,,,,,,,,,,,,,,,,,,
1321,Carter Burtlake,Tom Bird,BMSC27,San Jose North Island,48.90118,-125.06043,22/04/2026,1,S,10:10,TB,7,2,1,dim,Dermasterias imbricata,Leather star,22,22,,,,,,,,,,,,,,,,,,,,,,,,,,,,,,,,,,,,,,,,,,,,,,,,
1322,Carter Burtlake,Tom Bird,BMSC27,San Jose North Island,48.90118,-125.06043,22/04/2026,1,S,10:10,TB,7,2,1,rni,Rhinogobiops nicholsii,Blackeye goby,87,0,38,31,17,1,,,,,,,,,,,,,,,,,,,,,,,,,,,,,,,,,,,,,,,,,,,,
1323,Carter Burtlake,Tom Bird,BMSC27,San Jose North Island,48.90118,-125.06043,22/04/2026,1,S,10:10,TB,7,2,1,oko,Orthasterias koehleri,Rainbow star,8,8,,,,,,,,,,,,,,,,,,,,,,,,,,,,,,,,,,,,,,,,,,,,,,,,
1324,Carter Burtlake,Tom Bird,BMSC27,San Jose North Island,48.90118,-125.06043,22/04/2026,1,S,10:10,TB,7,2,1,clu,Cadlina luteomarginata,Yellow-edge cadlina,2,2,,,,,,,,,,,,,,,,,,,,,,,,,,,,,,,,,,,,,,,,,,,,,,,,
1325,Carter Burtlake,Tom Bird,BMSC27,San Jose North Island,48.90118,-125.06043,22/04/2026,1,S,10:10,TB,7,2,1,tca,Triopha catalinae,Sea-clown triopha,1,1,,,,,,,,,,,,,,,,,,,,,,,,,,,,,,,,,,,,,,,,,,,,,,,,
1326,Carter Burtlake,Tom Bird,BMSC27,San Jose North Island,48.90118,-125.06043,22/04/2026,1,S,10:10,TB,7,2,1,pcl,Pholis clemensi,Longfin gunnel,4,0,,2,2,,,,,,,,,,,,,,,,,,,,,,,,,,,,,,,,,,,,,,,,,,,,,
1327,Carter Burtlake,Tom Bird,BMSC27,San Jose North Island,48.90118,-125.06043,22/04/2026,1,S,10:10,TB,7,2,1,def,Debris - Fishing,Any fishing debris,2,2,,,,,,,,,,,,,,,,,,,,,,,,,,,,,,,,,,,,,,,,,,,,,,,,
1328,Carter Burtlake,Tom Bird,BMSC27,San Jose North Island,48.90118,-125.06043,22/04/2026,1,S,10:10,TB,7,0,1,sca,Sebastes caurinus,Copper rockfish,1,0,,,,,,,,,1,,,,,,,,,,,,,,,,,,,,,,,,,,,,,,,,,,,,,,,
1329,Carter Burtlake,Tom Bird,BMSC27,San Jose North Island,48.90118,-125.06043,22/04/2026,1,S,10:10,TB,7,2,1,dodo,Diaulula odonoghuei,Spotted dorid,1,1,,,,,,,,,,,,,,,,,,,,,,,,,,,,,,,,,,,,,,,,,,,,,,,,
1330,Carter Burtlake,Tom Bird,BMSC27,San Jose North Island,48.90118,-125.06043,22/04/2026,1,S,10:10,TB,7,2,1,cpap,Crossaster papposus,Rose seastar,1,1,,,,,,,,,,,,,,,,,,,,,,,,,,,,,,,,,,,,,,,,,,,,,,,,
1331,Carter Burtlake,Tom Bird,BMSC27,San Jose North Island,48.90118,-125.06043,22/04/2026,1,S,10:10,TB,7,2,1,tmo,Triopha modesta,Sea clown,1,1,,,,,,,,,,,,,,,,,,,,,,,,,,,,,,,,,,,,,,,,,,,,,,,,
1332,Carter Burtlake,Tom Bird,BMSC27,San Jose North Island,48.90118,-125.06043,22/04/2026,1,S,10:10,TB,7,2,1,ctr,Coryphella trilineata,Three-lined aeolid,1,1,,,,,,,,,,,,,,,,,,,,,,,,,,,,,,,,,,,,,,,,,,,,,,,,
1333,Carter Burtlake,Tom Bird,BMSC27,San Jose North Island,48.90118,-125.06043,22/04/2026,1,S,10:10,TB,7,2,1,dsa,Diaulula sandiegensis,Ringed doris,1,1,,,,,,,,,,,,,,,,,,,,,,,,,,,,,,,,,,,,,,,,,,,,,,,,
1334,Carter Burtlake,Tom Bird,BMSC27,San Jose North Island,48.90118,-125.06043,22/04/2026,1,S,10:10,TB,7,2,1,etr,Evasterias troschelii,Mottled starfish,3,3,,,,,,,,,,,,,,,,,,,,,,,,,,,,,,,,,,,,,,,,,,,,,,,,
1335,Carter Burtlake,Alec Jones,BMSC2,Kirby,48.85039,-125.19876,22/04/2026,2,N,14:50,AJ,6.5,1,1,cac,Clinocottus acuticeps,Sharpnose sculpin,1,0,,1,,,,,,,,,,,,,,,,,,,,,,,,,,,,,,,,,,,,,,,,,,,,,,
1336,Carter Burtlake,Alec Jones,BMSC2,Kirby,48.85039,-125.19876,22/04/2026,2,N,14:50,AJ,6.5,1,1,jzo,Jordania zonope,Longfin sculpin,1,0,,1,,,,,,,,,,,,,,,,,,,,,,,,,,,,,,,,,,,,,,,,,,,,,,
1337,Carter Burtlake,Alec Jones,BMSC2,Kirby,48.85039,-125.19876,22/04/2026,2,N,14:50,AJ,6.5,1,1,hde,Hexagrammos decagrammus,Kelp greenling,1,0,,,,1,,,,,,,,,,,,,,,,,,,,,,,,,,,,,,,,,,,,,,,,,,,,
1338,Carter Burtlake,Alec Jones,BMSC2,Kirby,48.85039,-125.19876,22/04/2026,2,N,14:50,AJ,6.5,2,1,mfr,Mesocentrotus franciscanus,Red sea urchin,158,158,,,,,,,,,,,,,,,,,,,,,,,,,,,,,,,,,,,,,,,,,,,,,,,,
1339,Carter Burtlake,Alec Jones,BMSC2,Kirby,48.85039,-125.19876,22/04/2026,2,N,14:50,AJ,6.5,2,1,pgi,Pomaulax gibberosus,Red turban shell,139,139,,,,,,,,,,,,,,,,,,,,,,,,,,,,,,,,,,,,,,,,,,,,,,,,
1340,Carter Burtlake,Alec Jones,BMSC2,Kirby,48.85039,-125.19876,22/04/2026,2,N,14:50,AJ,6.5,2,1,ami,Acmaea mitra,Whitecap limpet,73,73,,,,,,,,,,,,,,,,,,,,,,,,,,,,,,,,,,,,,,,,,,,,,,,,
1341,Carter Burtlake,Alec Jones,BMSC2,Kirby,48.85039,-125.19876,22/04/2026,2,N,14:50,AJ,6.5,2,1,etr,Evasterias troschelii,Mottled starfish,3,3,,,,,,,,,,,,,,,,,,,,,,,,,,,,,,,,,,,,,,,,,,,,,,,,
1342,Carter Burtlake,Alec Jones,BMSC2,Kirby,48.85039,-125.19876,22/04/2026,2,N,14:50,AJ,6.5,2,1,pmi,Patiria miniata,Bat star,21,21,,,,,,,,,,,,,,,,,,,,,,,,,,,,,,,,,,,,,,,,,,,,,,,,
1343,Carter Burtlake,Alec Jones,BMSC2,Kirby,48.85039,-125.19876,22/04/2026,2,N,14:50,AJ,6.5,2,1,cfo,Ceratostoma foliatum,Leafy hornmouth,22,22,,,,,,,,,,,,,,,,,,,,,,,,,,,,,,,,,,,,,,,,,,,,,,,,
1344,Carter Burtlake,Alec Jones,BMSC2,Kirby,48.85039,-125.19876,22/04/2026,2,N,14:50,AJ,6.5,2,1,henricia,Henricia spp.,Unidentified blood star,4,4,,,,,,,,,,,,,,,,,,,,,,,,,,,,,,,,,,,,,,,,,,,,,,,,
1345,Carter Burtlake,Alec Jones,BMSC2,Kirby,48.85039,-125.19876,22/04/2026,2,N,14:50,AJ,6.5,2,1,gor,Glebocarcinus oregonensis,Pygmy rock crab,6,6,,,,,,,,,,,,,,,,,,,,,,,,,,,,,,,,,,,,,,,,,,,,,,,,
1346,Carter Burtlake,Alec Jones,BMSC2,Kirby,48.85039,-125.19876,22/04/2026,2,N,14:50,AJ,6.5,2,1,phe,Pagurus hemphilli,Maroon hermit,23,23,,,,,,,,,,,,,,,,,,,,,,,,,,,,,,,,,,,,,,,,,,,,,,,,
1347,Carter Burtlake,Alec Jones,BMSC2,Kirby,48.85039,-125.19876,22/04/2026,2,N,14:50,AJ,6.5,2,1,das,Diodora aspera,Rough keyhole limpet,5,5,,,,,,,,,,,,,,,,,,,,,,,,,,,,,,,,,,,,,,,,,,,,,,,,
1348,Carter Burtlake,Alec Jones,BMSC2,Kirby,48.85039,-125.19876,22/04/2026,2,N,14:50,AJ,6.5,2,1,oko,Orthasterias koehleri,Rainbow star,7,7,,,,,,,,,,,,,,,,,,,,,,,,,,,,,,,,,,,,,,,,,,,,,,,,
1349,Carter Burtlake,Alec Jones,BMSC2,Kirby,48.85039,-125.19876,22/04/2026,2,N,14:50,AJ,6.5,2,1,hka,Haliotis kamtschatkana,Pinto abalone,5,0,1,3,1,,,,,,,,,,,,,,,,,,,,,,,,,,,,,,,,,,,,,,,,,,,,,
1350,Carter Burtlake,Alec Jones,BMSC2,Kirby,48.85039,-125.19876,22/04/2026,2,N,14:50,AJ,6.5,2,1,acal,Apostichopus californicus,Californian sea cucumber,12,12,,,,,,,,,,,,,,,,,,,,,,,,,,,,,,,,,,,,,,,,,,,,,,,,
1351,Carter Burtlake,Alec Jones,BMSC2,Kirby,48.85039,-125.19876,22/04/2026,2,N,14:50,AJ,6.5,2,1,hcr,Hermissenda crassicornis,Opalescent nudibranch,1,1,,,,,,,,,,,,,,,,,,,,,,,,,,,,,,,,,,,,,,,,,,,,,,,,
1352,Carter Burtlake,Alec Jones,BMSC2,Kirby,48.85039,-125.19876,22/04/2026,2,N,14:50,AJ,6.5,2,1,rni,Rhinogobiops nicholsii,Blackeye goby,5,0,1,2,2,,,,,,,,,,,,,,,,,,,,,,,,,,,,,,,,,,,,,,,,,,,,,
1353,Carter Burtlake,Alec Jones,BMSC2,Kirby,48.85039,-125.19876,22/04/2026,2,N,14:50,AJ,6.5,2,1,petrolisthes,Petrolisthes spp.,Unidentified porcelain crab,1,1,,,,,,,,,,,,,,,,,,,,,,,,,,,,,,,,,,,,,,,,,,,,,,,,
1354,Carter Burtlake,Alec Jones,BMSC2,Kirby,48.85039,-125.19876,22/04/2026,2,N,14:50,AJ,6.5,2,1,aha,Artedius harringtoni,Scalyhead sculpin,3,0,1,1,1,,,,,,,,,,,,,,,,,,,,,,,,,,,,,,,,,,,,,,,,,,,,,
1355,Carter Burtlake,Alec Jones,BMSC2,Kirby,48.85039,-125.19876,22/04/2026,2,N,14:50,AJ,6.5,2,1,dim,Dermasterias imbricata,Leather star,7,7,,,,,,,,,,,,,,,,,,,,,,,,,,,,,,,,,,,,,,,,,,,,,,,,
1356,Carter Burtlake,Alec Jones,BMSC2,Kirby,48.85039,-125.19876,22/04/2026,2,N,14:50,AJ,6.5,2,1,cja,Cadlina jannanicholsae,,1,1,,,,,,,,,,,,,,,,,,,,,,,,,,,,,,,,,,,,,,,,,,,,,,,,
1357,Carter Burtlake,Alec Jones,BMSC2,Kirby,48.85039,-125.19876,22/04/2026,2,N,14:50,AJ,6.5,2,1,ppu,Pachycheles pubescens,Porcelain crab,1,1,,,,,,,,,,,,,,,,,,,,,,,,,,,,,,,,,,,,,,,,,,,,,,,,
1358,Carter Burtlake,Alec Jones,BMSC2,Kirby,48.85039,-125.19876,22/04/2026,2,N,14:50,AJ,6.5,2,1,cgi,Crassadoma gigantea,Purple-hinged rock scallop,4,0,2,1,,,1,,,,,,,,,,,,,,,,,,,,,,,,,,,,,,,,,,,,,,,,,,,
1359,Carter Burtlake,Jasmin Schuster,BMSC9,Eagle Bay,48.83479,-125.14702,24/04/2026,2.5,SW,12:20,CBL,6.5,1,2,sme,Sebastes melanops,Black rockfish,16,0,,,3,4,3,2,3,1,,,,,,,,,,,,,,,,,,,,,,,,,,,,,,,,,,,,,,,,
1360,Carter Burtlake,Jasmin Schuster,BMSC9,Eagle Bay,48.83479,-125.14702,24/04/2026,2.5,SW,12:20,CBL,6.5,1,2,rni,Rhinogobiops nicholsii,Blackeye goby,6,0,,2,3,1,,,,,,,,,,,,,,,,,,,,,,,,,,,,,,,,,,,,,,,,,,,,
1361,Carter Burtlake,Jasmin Schuster,BMSC9,Eagle Bay,48.83479,-125.14702,24/04/2026,2.5,SW,12:20,CBL,6.5,1,2,sfl,Sebastes flavidus,Yellowtail rockfish,1,0,,,1,,,,,,,,,,,,,,,,,,,,,,,,,,,,,,,,,,,,,,,,,,,,,
1362,Carter Burtlake,Jasmin Schuster,BMSC9,Eagle Bay,48.83479,-125.14702,24/04/2026,2.5,SW,12:20,CBL,6.5,1,2,hde,Hexagrammos decagrammus,Kelp greenling,4,0,,,,,1,2,1,,,,,,,,,,,,,,,,,,,,,,,,,,,,,,,,,,,,,,,,,
1363,Carter Burtlake,Jasmin Schuster,BMSC9,Eagle Bay,48.83479,-125.14702,24/04/2026,2.5,SW,12:20,CBL,6.5,1,2,sca,Sebastes caurinus,Copper rockfish,1,0,,,,,1,,,,,,,,,,,,,,,,,,,,,,,,,,,,,,,,,,,,,,,,,,,
1364,Carter Burtlake,Jasmin Schuster,BMSC9,Eagle Bay,48.83479,-125.14702,24/04/2026,2.5,SW,12:20,CBL,6.5,1,2,aha,Artedius harringtoni,Scalyhead sculpin,1,0,,1,,,,,,,,,,,,,,,,,,,,,,,,,,,,,,,,,,,,,,,,,,,,,,
1365,Carter Burtlake,Jasmin Schuster,BMSC9,Eagle Bay,48.83479,-125.14702,24/04/2026,2.5,SW,12:20,CBL,6.5,2,2,mfr,Mesocentrotus franciscanus,Red sea urchin,152,152,,,,,,,,,,,,,,,,,,,,,,,,,,,,,,,,,,,,,,,,,,,,,,,,
1366,Carter Burtlake,Jasmin Schuster,BMSC9,Eagle Bay,48.83479,-125.14702,24/04/2026,2.5,SW,12:20,CBL,6.5,2,2,hka,Haliotis kamtschatkana,Pinto abalone,68,0,55,12,1,,,,,,,,,,,,,,,,,,,,,,,,,,,,,,,,,,,,,,,,,,,,,
1367,Carter Burtlake,Jasmin Schuster,BMSC9,Eagle Bay,48.83479,-125.14702,24/04/2026,2.5,SW,12:20,CBL,6.5,2,2,pmi,Patiria miniata,Bat star,36,36,,,,,,,,,,,,,,,,,,,,,,,,,,,,,,,,,,,,,,,,,,,,,,,,
1368,Carter Burtlake,Jasmin Schuster,BMSC9,Eagle Bay,48.83479,-125.14702,24/04/2026,2.5,SW,12:20,CBL,6.5,2,2,ami,Acmaea mitra,Whitecap limpet,48,48,,,,,,,,,,,,,,,,,,,,,,,,,,,,,,,,,,,,,,,,,,,,,,,,
1369,Carter Burtlake,Jasmin Schuster,BMSC9,Eagle Bay,48.83479,-125.14702,24/04/2026,2.5,SW,12:20,CBL,6.5,2,2,cfo,Ceratostoma foliatum,Leafy hornmouth,43,43,,,,,,,,,,,,,,,,,,,,,,,,,,,,,,,,,,,,,,,,,,,,,,,,
1370,Carter Burtlake,Jasmin Schuster,BMSC9,Eagle Bay,48.83479,-125.14702,24/04/2026,2.5,SW,12:20,CBL,6.5,2,2,pachycheles,Pachycheles spp.,,1,1,,,,,,,,,,,,,,,,,,,,,,,,,,,,,,,,,,,,,,,,,,,,,,,,
1371,Carter Burtlake,Jasmin Schuster,BMSC9,Eagle Bay,48.83479,-125.14702,24/04/2026,2.5,SW,12:20,CBL,6.5,2,2,rni,Rhinogobiops nicholsii,Blackeye goby,15,0,9,3,1,2,,,,,,,,,,,,,,,,,,,,,,,,,,,,,,,,,,,,,,,,,,,,
1372,Carter Burtlake,Jasmin Schuster,BMSC9,Eagle Bay,48.83479,-125.14702,24/04/2026,2.5,SW,12:20,CBL,6.5,2,2,dim,Dermasterias imbricata,Leather star,10,10,,,,,,,,,,,,,,,,,,,,,,,,,,,,,,,,,,,,,,,,,,,,,,,,
1373,Carter Burtlake,Jasmin Schuster,BMSC9,Eagle Bay,48.83479,-125.14702,24/04/2026,2.5,SW,12:20,CBL,6.5,2,2,das,Diodora aspera,Rough keyhole limpet,23,23,,,,,,,,,,,,,,,,,,,,,,,,,,,,,,,,,,,,,,,,,,,,,,,,
1374,Carter Burtlake,Jasmin Schuster,BMSC9,Eagle Bay,48.83479,-125.14702,24/04/2026,2.5,SW,12:20,CBL,6.5,2,2,spur,Strongylocentrotus purpuratus,Purple sea urchin,3,3,,,,,,,,,,,,,,,,,,,,,,,,,,,,,,,,,,,,,,,,,,,,,,,,
1375,Carter Burtlake,Jasmin Schuster,BMSC9,Eagle Bay,48.83479,-125.14702,24/04/2026,2.5,SW,12:20,CBL,6.5,2,2,aha,Artedius harringtoni,Scalyhead sculpin,10,0,3,5,2,,,,,,,,,,,,,,,,,,,,,,,,,,,,,,,,,,,,,,,,,,,,,
1376,Carter Burtlake,Jasmin Schuster,BMSC9,Eagle Bay,48.83479,-125.14702,24/04/2026,2.5,SW,12:20,CBL,6.5,2,2,phe,Pagurus hemphilli,Maroon hermit,17,17,,,,,,,,,,,,,,,,,,,,,,,,,,,,,,,,,,,,,,,,,,,,,,,,
1377,Carter Burtlake,Jasmin Schuster,BMSC9,Eagle Bay,48.83479,-125.14702,24/04/2026,2.5,SW,12:20,CBL,6.5,2,2,acal,Apostichopus californicus,Californian sea cucumber,11,11,,,,,,,,,,,,,,,,,,,,,,,,,,,,,,,,,,,,,,,,,,,,,,,,
1378,Carter Burtlake,Jasmin Schuster,BMSC9,Eagle Bay,48.83479,-125.14702,24/04/2026,2.5,SW,12:20,CBL,6.5,2,2,cgi,Crassadoma gigantea,Purple-hinged rock scallop,22,0,2,5,6,7,1,1,,,,,,,,,,,,,,,,,,,,,,,,,,,,,,,,,,,,,,,,,,
1379,Carter Burtlake,Jasmin Schuster,BMSC9,Eagle Bay,48.83479,-125.14702,24/04/2026,2.5,SW,12:20,CBL,6.5,2,2,sac,Scyra acutifrons,Sharpnose crab,20,20,,,,,,,,,,,,,,,,,,,,,,,,,,,,,,,,,,,,,,,,,,,,,,,,
1380,Carter Burtlake,Jasmin Schuster,BMSC9,Eagle Bay,48.83479,-125.14702,24/04/2026,2.5,SW,12:20,CBL,6.5,2,2,ppu,Pachycheles pubescens,Porcelain crab,2,2,,,,,,,,,,,,,,,,,,,,,,,,,,,,,,,,,,,,,,,,,,,,,,,,
1381,Carter Burtlake,Jasmin Schuster,BMSC9,Eagle Bay,48.83479,-125.14702,24/04/2026,2.5,SW,12:20,CBL,6.5,2,2,petrolisthes,Petrolisthes spp.,Unidentified porcelain crab,3,3,,,,,,,,,,,,,,,,,,,,,,,,,,,,,,,,,,,,,,,,,,,,,,,,
1382,Carter Burtlake,Jasmin Schuster,BMSC9,Eagle Bay,48.83479,-125.14702,24/04/2026,2.5,SW,12:20,CBL,6.5,2,2,cha,Chlamys hastata,Spear scallop,12,0,7,5,,,,,,,,,,,,,,,,,,,,,,,,,,,,,,,,,,,,,,,,,,,,,,
1383,Carter Burtlake,Jasmin Schuster,BMSC9,Eagle Bay,48.83479,-125.14702,24/04/2026,2.5,SW,12:20,CBL,6.5,2,2,etr,Evasterias troschelii,Mottled starfish,6,6,,,,,,,,,,,,,,,,,,,,,,,,,,,,,,,,,,,,,,,,,,,,,,,,
1384,Carter Burtlake,Jasmin Schuster,BMSC9,Eagle Bay,48.83479,-125.14702,24/04/2026,2.5,SW,12:20,CBL,6.5,2,2,hpu,Henricia pumila,Dwarf mottled henricia,1,1,,,,,,,,,,,,,,,,,,,,,,,,,,,,,,,,,,,,,,,,,,,,,,,,
1385,Carter Burtlake,Jasmin Schuster,BMSC9,Eagle Bay,48.83479,-125.14702,24/04/2026,2.5,SW,12:20,CBL,6.5,2,2,dsa,Diaulula sandiegensis,Ringed doris,3,3,,,,,,,,,,,,,,,,,,,,,,,,,,,,,,,,,,,,,,,,,,,,,,,,
1386,Carter Burtlake,Jasmin Schuster,BMSC9,Eagle Bay,48.83479,-125.14702,24/04/2026,2.5,SW,12:20,CBL,6.5,2,2,henricia,Henricia spp.,Unidentified blood star,2,2,,,,,,,,,,,,,,,,,,,,,,,,,,,,,,,,,,,,,,,,,,,,,,,,
1387,Carter Burtlake,Jasmin Schuster,BMSC9,Eagle Bay,48.83479,-125.14702,24/04/2026,2.5,SW,12:20,CBL,6.5,2,2,pgi,Pomaulax gibberosus,Red turban shell,1,1,,,,,,,,,,,,,,,,,,,,,,,,,,,,,,,,,,,,,,,,,,,,,,,,
1388,Carter Burtlake,Jasmin Schuster,BMSC9,Eagle Bay,48.83479,-125.14702,24/04/2026,2.5,SW,12:20,CBL,6.5,2,2,oko,Orthasterias koehleri,Rainbow star,1,1,,,,,,,,,,,,,,,,,,,,,,,,,,,,,,,,,,,,,,,,,,,,,,,,
1389,Carter Burtlake,Jasmin Schuster,BMSC9,Eagle Bay,48.83479,-125.14702,24/04/2026,2.5,SW,12:20,CBL,6.5,2,2,prud,Pachycheles rudis,Thickclaw porcelain crab,1,1,,,,,,,,,,,,,,,,,,,,,,,,,,,,,,,,,,,,,,,,,,,,,,,,
1390,Carter Burtlake,Jasmin Schuster,BMSC9,Eagle Bay,48.83479,-125.14702,24/04/2026,2.5,SW,12:20,CBL,6.5,2,2,pbe,Pagurus beringanus,Hermit crab,2,2,,,,,,,,,,,,,,,,,,,,,,,,,,,,,,,,,,,,,,,,,,,,,,,,
1391,Carter Burtlake,Jasmin Schuster,BMSC9,Eagle Bay,48.83479,-125.14702,24/04/2026,2.5,SW,12:20,CBL,6.5,2,2,dsc,Discorsopagurus schmitti,Tubeworm hermit,3,3,,,,,,,,,,,,,,,,,,,,,,,,,,,,,,,,,,,,,,,,,,,,,,,,
1392,Carter Burtlake,Jasmin Schuster,BMSC9,Eagle Bay,48.83479,-125.14702,24/04/2026,2.5,SW,12:20,CBL,6.5,2,2,rme,Ruscarius meanyi,Puget sound sculpin,1,0,,1,,,,,,,,,,,,,,,,,,,,,,,,,,,,,,,,,,,,,,,,,,,,,,
1393,Carter Burtlake,Jasmin Schuster,BMSC9,Eagle Bay,48.83479,-125.14702,24/04/2026,2.5,SW,12:20,CBL,6.5,2,2,cadlina,Cadlina spp.,Unidentified yellow rimmed,1,1,,,,,,,,,,,,,,,,,,,,,,,,,,,,,,,,,,,,,,,,,,,,,,,,
1394,Carter Burtlake,Jasmin Schuster,BMSC9,Eagle Bay,48.83479,-125.14702,24/04/2026,2.5,SW,12:20,CBL,6.5,2,2,dodo,Diaulula odonoghuei,Spotted dorid,2,2,,,,,,,,,,,,,,,,,,,,,,,,,,,,,,,,,,,,,,,,,,,,,,,,
1395,Carter Burtlake,Jasmin Schuster,BMSC9,Eagle Bay,48.83479,-125.14702,24/04/2026,2.5,SW,12:20,CBL,6.5,0,2,spi,Sebastes pinniger,Canary rockfish,1,0,,1,,,,,,,,,,,,,,,,,,,,,,,,,,,,,,,,,,,,,,,,,,,,,,
1396,Carter Burtlake,Jasmin Schuster,BMSC9,Eagle Bay,48.83479,-125.14702,24/04/2026,2.5,SW,12:20,CBL,6.5,2,2,hcr,Hermissenda crassicornis,Opalescent nudibranch,1,1,,,,,,,,,,,,,,,,,,,,,,,,,,,,,,,,,,,,,,,,,,,,,,,,
1397,Carter Burtlake,Jasmin Schuster,BMSC9,Eagle Bay,48.83479,-125.14702,24/04/2026,2.5,SW,12:20,CBL,6.5,0,2,sma,Sebastes maliger,Quillback rockfish,1,0,,1,,,,,,,,,,,,,,,,,,,,,,,,,,,,,,,,,,,,,,,,,,,,,,
1398,Carter Burtlake,Jasmin Schuster,BMSC9,Eagle Bay,48.83479,-125.14702,24/04/2026,2.5,SW,12:20,CBL,6.5,0,2,opi,Oxylebius pictus,Painted greenling,2,0,,,2,,,,,,,,,,,,,,,,,,,,,,,,,,,,,,,,,,,,,,,,,,,,,
1399,Carter Burtlake,Jasmin Schuster,BMSC9,Eagle Bay,48.83479,-125.14702,24/04/2026,2.5,SW,12:20,CBL,6.5,2,2,pca,Pagurus caurinus,Greenmark hermit,1,1,,,,,,,,,,,,,,,,,,,,,,,,,,,,,,,,,,,,,,,,,,,,,,,,
1400,Tom Bird,Hannah Schriber,BMSC25,Goby Town,48.83859,-125.13501,13/04/2026,1.5,NW,13:40,TB,5.7,1,2,hde,Hexagrammos decagrammus,Kelp greenling,1,0,,,,,1,,,,,,,,,,,,,,,,,,,,,,,,,,,,,,,,,,,,,,,,,,,
1401,Tom Bird,Hannah Schriber,BMSC25,Goby Town,48.83859,-125.13501,13/04/2026,1.5,NW,13:40,TB,5.7,1,2,rni,Rhinogobiops nicholsii,Blackeye goby,7,0,,,7,,,,,,,,,,,,,,,,,,,,,,,,,,,,,,,,,,,,,,,,,,,,,
1402,Tom Bird,Hannah Schriber,BMSC25,Goby Town,48.83859,-125.13501,13/04/2026,1.5,NW,13:40,TB,5.7,2,2,acal,Apostichopus californicus,Californian sea cucumber,22,22,,,,,,,,,,,,,,,,,,,,,,,,,,,,,,,,,,,,,,,,,,,,,,,,
1403,Tom Bird,Hannah Schriber,BMSC25,Goby Town,48.83859,-125.13501,13/04/2026,1.5,NW,13:40,TB,5.7,2,2,mfr,Mesocentrotus franciscanus,Red sea urchin,85,85,,,,,,,,,,,,,,,,,,,,,,,,,,,,,,,,,,,,,,,,,,,,,,,,
1404,Tom Bird,Hannah Schriber,BMSC25,Goby Town,48.83859,-125.13501,13/04/2026,1.5,NW,13:40,TB,5.7,2,2,hka,Haliotis kamtschatkana,Pinto abalone,12,0,,4,7,1,,,,,,,,,,,,,,,,,,,,,,,,,,,,,,,,,,,,,,,,,,,,
1405,Tom Bird,Hannah Schriber,BMSC25,Goby Town,48.83859,-125.13501,13/04/2026,1.5,NW,13:40,TB,5.7,2,2,clu,Cadlina luteomarginata,Yellow-edge cadlina,1,1,,,,,,,,,,,,,,,,,,,,,,,,,,,,,,,,,,,,,,,,,,,,,,,,
1406,Tom Bird,Hannah Schriber,BMSC25,Goby Town,48.83859,-125.13501,13/04/2026,1.5,NW,13:40,TB,5.7,2,2,rni,Rhinogobiops nicholsii,Blackeye goby,43,0,,13,25,5,,,,,,,,,,,,,,,,,,,,,,,,,,,,,,,,,,,,,,,,,,,,
1407,Tom Bird,Hannah Schriber,BMSC25,Goby Town,48.83859,-125.13501,13/04/2026,1.5,NW,13:40,TB,5.7,2,2,cfo,Ceratostoma foliatum,Leafy hornmouth,18,18,,,,,,,,,,,,,,,,,,,,,,,,,,,,,,,,,,,,,,,,,,,,,,,,
1408,Tom Bird,Hannah Schriber,BMSC25,Goby Town,48.83859,-125.13501,13/04/2026,1.5,NW,13:40,TB,5.7,2,2,pgi,Pomaulax gibberosus,Red turban shell,19,19,,,,,,,,,,,,,,,,,,,,,,,,,,,,,,,,,,,,,,,,,,,,,,,,
1409,Tom Bird,Hannah Schriber,BMSC25,Goby Town,48.83859,-125.13501,13/04/2026,1.5,NW,13:40,TB,5.7,2,2,aha,Artedius harringtoni,Scalyhead sculpin,1,0,,1,,,,,,,,,,,,,,,,,,,,,,,,,,,,,,,,,,,,,,,,,,,,,,
1410,Tom Bird,Hannah Schriber,BMSC25,Goby Town,48.83859,-125.13501,13/04/2026,1.5,NW,13:40,TB,5.7,2,2,jzo,Jordania zonope,Longfin sculpin,1,0,,1,,,,,,,,,,,,,,,,,,,,,,,,,,,,,,,,,,,,,,,,,,,,,,
1411,Tom Bird,Hannah Schriber,BMSC25,Goby Town,48.83859,-125.13501,13/04/2026,1.5,NW,13:40,TB,5.7,2,2,pgi,Pomaulax gibberosus,Red turban shell,19,19,,,,,,,,,,,,,,,,,,,,,,,,,,,,,,,,,,,,,,,,,,,,,,,,
1412,Tom Bird,Hannah Schriber,BMSC25,Goby Town,48.83859,-125.13501,13/04/2026,1.5,NW,13:40,TB,5.7,2,2,pmi,Patiria miniata,Bat star,17,17,,,,,,,,,,,,,,,,,,,,,,,,,,,,,,,,,,,,,,,,,,,,,,,,
1413,Tom Bird,Hannah Schriber,BMSC25,Goby Town,48.83859,-125.13501,13/04/2026,1.5,NW,13:40,TB,5.7,2,2,dim,Dermasterias imbricata,Leather star,4,4,,,,,,,,,,,,,,,,,,,,,,,,,,,,,,,,,,,,,,,,,,,,,,,,
1414,Tom Bird,Hannah Schriber,BMSC25,Goby Town,48.83859,-125.13501,13/04/2026,1.5,NW,13:40,TB,5.7,2,2,cha,Chlamys hastata,Spear scallop,1,1,,,,,,,,,,,,,,,,,,,,,,,,,,,,,,,,,,,,,,,,,,,,,,,,
1415,Tom Bird,Hannah Schriber,BMSC25,Goby Town,48.83859,-125.13501,13/04/2026,1.5,NW,13:40,TB,5.7,2,2,cgi,Crassadoma gigantea,Purple-hinged rock scallop,10,0,,1,,3,3,3,,,,,,,,,,,,,,,,,,,,,,,,,,,,,,,,,,,,,,,,,,
1416,Tom Bird,Hannah Schriber,BMSC25,Goby Town,48.83859,-125.13501,13/04/2026,1.5,NW,13:40,TB,5.7,2,2,ami,Acmaea mitra,Whitecap limpet,10,10,,,,,,,,,,,,,,,,,,,,,,,,,,,,,,,,,,,,,,,,,,,,,,,,
1417,Tom Bird,Hannah Schriber,BMSC25,Goby Town,48.83859,-125.13501,13/04/2026,1.5,NW,13:40,TB,5.7,2,2,das,Diodora aspera,Rough keyhole limpet,6,6,,,,,,,,,,,,,,,,,,,,,,,,,,,,,,,,,,,,,,,,,,,,,,,,
1418,Tom Bird,Hannah Schriber,BMSC25,Goby Town,48.83859,-125.13501,13/04/2026,1.5,NW,13:40,TB,5.7,2,2,oko,Orthasterias koehleri,Rainbow star,1,1,,,,,,,,,,,,,,,,,,,,,,,,,,,,,,,,,,,,,,,,,,,,,,,,
1419,Tom Bird,Hannah Schriber,BMSC25,Goby Town,48.83859,-125.13501,13/04/2026,1.5,NW,13:40,TB,5.7,2,2,phe,Pagurus hemphilli,Maroon hermit,7,7,,,,,,,,,,,,,,,,,,,,,,,,,,,,,,,,,,,,,,,,,,,,,,,,
1420,Tom Bird,Hannah Schriber,BMSC25,Goby Town,48.83859,-125.13501,13/04/2026,1.5,NW,13:40,TB,5.7,2,2,sac,Scyra acutifrons,Sharpnose crab,1,1,,,,,,,,,,,,,,,,,,,,,,,,,,,,,,,,,,,,,,,,,,,,,,,,
1421,Tom Bird,Hannah Schriber,BMSC25,Goby Town,48.83859,-125.13501,13/04/2026,1.5,NW,13:40,TB,5.7,2,2,pbe,Pagurus beringanus,Hermit crab,1,1,,,,,,,,,,,,,,,,,,,,,,,,,,,,,,,,,,,,,,,,,,,,,,,,
1422,Tom Bird,Carter Burtlake,BMSC22,Dixon Inside,48.85427,-125.11703,14/04/2026,2,E,12:12,CBL,6.7,1,1,hde,Hexagrammos decagrammus,Kelp greenling,2,0,,,,,1,1,,,,,,,,,,,,,,,,,,,,,,,,,,,,,,,,,,,,,,,,,,
1423,Tom Bird,Carter Burtlake,BMSC22,Dixon Inside,48.85427,-125.11703,14/04/2026,2,E,12:12,CBL,6.7,1,1,rni,Rhinogobiops nicholsii,Blackeye goby,20,0,,5,10,5,,,,,,,,,,,,,,,,,,,,,,,,,,,,,,,,,,,,,,,,,,,,
1424,Tom Bird,Carter Burtlake,BMSC22,Dixon Inside,48.85427,-125.11703,14/04/2026,2,E,12:12,CBL,6.7,2,1,hka,Haliotis kamtschatkana,Pinto abalone,17,0,,5,8,3,1,,,,,,,,,,,,,,,,,,,,,,,,,,,,,,,,,,,,,,,,,,,
1425,Tom Bird,Carter Burtlake,BMSC22,Dixon Inside,48.85427,-125.11703,14/04/2026,2,E,12:12,CBL,6.7,2,1,pgi,Pomaulax gibberosus,Red turban shell,75,75,,,,,,,,,,,,,,,,,,,,,,,,,,,,,,,,,,,,,,,,,,,,,,,,
1426,Tom Bird,Carter Burtlake,BMSC22,Dixon Inside,48.85427,-125.11703,14/04/2026,2,E,12:12,CBL,6.7,2,1,mfr,Mesocentrotus franciscanus,Red sea urchin,70,70,,,,,,,,,,,,,,,,,,,,,,,,,,,,,,,,,,,,,,,,,,,,,,,,
1427,Tom Bird,Carter Burtlake,BMSC22,Dixon Inside,48.85427,-125.11703,14/04/2026,2,E,12:12,CBL,6.7,2,1,phe,Pagurus hemphilli,Maroon hermit,10,10,,,,,,,,,,,,,,,,,,,,,,,,,,,,,,,,,,,,,,,,,,,,,,,,
1428,Tom Bird,Carter Burtlake,BMSC22,Dixon Inside,48.85427,-125.11703,14/04/2026,2,E,12:12,CBL,6.7,2,1,pmi,Patiria miniata,Bat star,27,27,,,,,,,,,,,,,,,,,,,,,,,,,,,,,,,,,,,,,,,,,,,,,,,,
1429,Tom Bird,Carter Burtlake,BMSC22,Dixon Inside,48.85427,-125.11703,14/04/2026,2,E,12:12,CBL,6.7,2,1,cgi,Crassadoma gigantea,Purple-hinged rock scallop,14,0,,3,8,1,1,1,,,,,,,,,,,,,,,,,,,,,,,,,,,,,,,,,,,,,,,,,,
1430,Tom Bird,Carter Burtlake,BMSC22,Dixon Inside,48.85427,-125.11703,14/04/2026,2,E,12:12,CBL,6.7,2,1,prud,Pachycheles rudis,Thickclaw porcelain crab,5,5,,,,,,,,,,,,,,,,,,,,,,,,,,,,,,,,,,,,,,,,,,,,,,,,
1431,Tom Bird,Carter Burtlake,BMSC22,Dixon Inside,48.85427,-125.11703,14/04/2026,2,E,12:12,CBL,6.7,2,1,dim,Dermasterias imbricata,Leather star,8,8,,,,,,,,,,,,,,,,,,,,,,,,,,,,,,,,,,,,,,,,,,,,,,,,
1432,Tom Bird,Carter Burtlake,BMSC22,Dixon Inside,48.85427,-125.11703,14/04/2026,2,E,12:12,CBL,6.7,2,1,gor,Glebocarcinus oregonensis,Pygmy rock crab,3,3,,,,,,,,,,,,,,,,,,,,,,,,,,,,,,,,,,,,,,,,,,,,,,,,
1433,Tom Bird,Carter Burtlake,BMSC22,Dixon Inside,48.85427,-125.11703,14/04/2026,2,E,12:12,CBL,6.7,2,1,cpr,Cancer productus,Red rock crab,3,3,,,,,,,,,,,,,,,,,,,,,,,,,,,,,,,,,,,,,,,,,,,,,,,,
1434,Tom Bird,Carter Burtlake,BMSC22,Dixon Inside,48.85427,-125.11703,14/04/2026,2,E,12:12,CBL,6.7,2,1,acal,Apostichopus californicus,Californian sea cucumber,12,12,,,,,,,,,,,,,,,,,,,,,,,,,,,,,,,,,,,,,,,,,,,,,,,,
1435,Tom Bird,Carter Burtlake,BMSC22,Dixon Inside,48.85427,-125.11703,14/04/2026,2,E,12:12,CBL,6.7,2,1,das,Diodora aspera,Rough keyhole limpet,9,9,,,,,,,,,,,,,,,,,,,,,,,,,,,,,,,,,,,,,,,,,,,,,,,,
1436,Tom Bird,Carter Burtlake,BMSC22,Dixon Inside,48.85427,-125.11703,14/04/2026,2,E,12:12,CBL,6.7,2,1,ami,Acmaea mitra,Whitecap limpet,6,6,,,,,,,,,,,,,,,,,,,,,,,,,,,,,,,,,,,,,,,,,,,,,,,,
1437,Tom Bird,Carter Burtlake,BMSC22,Dixon Inside,48.85427,-125.11703,14/04/2026,2,E,12:12,CBL,6.7,2,1,etr,Evasterias troschelii,Mottled starfish,1,1,,,,,,,,,,,,,,,,,,,,,,,,,,,,,,,,,,,,,,,,,,,,,,,,
1438,Tom Bird,Carter Burtlake,BMSC22,Dixon Inside,48.85427,-125.11703,14/04/2026,2,E,12:12,CBL,6.7,2,1,cfo,Ceratostoma foliatum,Leafy hornmouth,10,10,,,,,,,,,,,,,,,,,,,,,,,,,,,,,,,,,,,,,,,,,,,,,,,,
1439,Tom Bird,Carter Burtlake,BMSC22,Dixon Inside,48.85427,-125.11703,14/04/2026,2,E,12:12,CBL,6.7,2,1,oko,Orthasterias koehleri,Rainbow star,2,2,,,,,,,,,,,,,,,,,,,,,,,,,,,,,,,,,,,,,,,,,,,,,,,,
1440,Tom Bird,Carter Burtlake,BMSC22,Dixon Inside,48.85427,-125.11703,14/04/2026,2,E,12:12,CBL,6.7,2,1,spur,Strongylocentrotus purpuratus,Purple sea urchin,1,1,,,,,,,,,,,,,,,,,,,,,,,,,,,,,,,,,,,,,,,,,,,,,,,,
1441,Tom Bird,Carter Burtlake,BMSC22,Dixon Inside,48.85427,-125.11703,14/04/2026,2,E,12:12,CBL,6.7,2,1,pte,Pteraster tesselatus,Slime star,1,1,,,,,,,,,,,,,,,,,,,,,,,,,,,,,,,,,,,,,,,,,,,,,,,,
1442,Tom Bird,Carter Burtlake,BMSC22,Dixon Inside,48.85427,-125.11703,14/04/2026,2,E,12:12,CBL,6.7,2,1,chlamys,Chlamys spp.,Unidentified scallop,2,2,,,,,,,,,,,,,,,,,,,,,,,,,,,,,,,,,,,,,,,,,,,,,,,,
1443,Tom Bird,Carter Burtlake,BMSC22,Dixon Inside,48.85427,-125.11703,14/04/2026,2,E,12:12,CBL,6.7,2,1,pbe,Pagurus beringanus,Hermit crab,1,1,,,,,,,,,,,,,,,,,,,,,,,,,,,,,,,,,,,,,,,,,,,,,,,,
1444,Tom Bird,Carter Burtlake,BMSC22,Dixon Inside,48.85427,-125.11703,14/04/2026,2,E,12:12,CBL,6.7,2,1,jzo,Jordania zonope,Longfin sculpin,1,0,,,1,,,,,,,,,,,,,,,,,,,,,,,,,,,,,,,,,,,,,,,,,,,,,
1445,Tom Bird,Carter Burtlake,BMSC22,Dixon Inside,48.85427,-125.11703,14/04/2026,2,E,12:12,CBL,6.7,0,1,pla,Pholis laeta,Crescent gunnel,1,0,,,1,,,,,,,,,,,,,,,,,,,,,,,,,,,,,,,,,,,,,,,,,,,,,
1446,Tom Bird,Jasmin Schuster,BMSC10,Ross Islets Slug Island,48.87052,-125.16035,14/04/2026,2.5,W,9:42,JMS,5,1,1,rni,Rhinogobiops nicholsii,Blackeye goby,45,0,,15,25,5,,,,,,,,,,,,,,,,,,,,,,,,,,,,,,,,,,,,,,,,,,,,
1447,Tom Bird,Jasmin Schuster,BMSC10,Ross Islets Slug Island,48.87052,-125.16035,14/04/2026,2.5,W,9:42,JMS,5,1,1,hde,Hexagrammos decagrammus,Kelp greenling,1,0,,,,,1,,,,,,,,,,,,,,,,,,,,,,,,,,,,,,,,,,,,,,,,,,,
1448,Tom Bird,Jasmin Schuster,BMSC10,Ross Islets Slug Island,48.87052,-125.16035,14/04/2026,2.5,W,9:42,JMS,5,1,1,oel,Ophiodon elongatus,Lingcod,1,0,,,,,,1,,,,,,,,,,,,,,,,,,,,,,,,,,,,,,,,,,,,,,,,,,
1449,Tom Bird,Jasmin Schuster,BMSC10,Ross Islets Slug Island,48.87052,-125.16035,14/04/2026,2.5,W,9:42,JMS,5,2,1,rni,Rhinogobiops nicholsii,Blackeye goby,94,0,,32,26,24,12,,,,,,,,,,,,,,,,,,,,,,,,,,,,,,,,,,,,,,,,,,,
1450,Tom Bird,Jasmin Schuster,BMSC10,Ross Islets Slug Island,48.87052,-125.16035,14/04/2026,2.5,W,9:42,JMS,5,2,1,hka,Haliotis kamtschatkana,Pinto abalone,22,0,,3,6,9,4,,,,,,,,,,,,,,,,,,,,,,,,,,,,,,,,,,,,,,,,,,,
1451,Tom Bird,Jasmin Schuster,BMSC10,Ross Islets Slug Island,48.87052,-125.16035,14/04/2026,2.5,W,9:42,JMS,5,2,1,acal,Apostichopus californicus,Californian sea cucumber,30,30,,,,,,,,,,,,,,,,,,,,,,,,,,,,,,,,,,,,,,,,,,,,,,,,
1452,Tom Bird,Jasmin Schuster,BMSC10,Ross Islets Slug Island,48.87052,-125.16035,14/04/2026,2.5,W,9:42,JMS,5,2,1,dim,Dermasterias imbricata,Leather star,8,8,,,,,,,,,,,,,,,,,,,,,,,,,,,,,,,,,,,,,,,,,,,,,,,,
1453,Tom Bird,Jasmin Schuster,BMSC10,Ross Islets Slug Island,48.87052,-125.16035,14/04/2026,2.5,W,9:42,JMS,5,2,1,pmi,Patiria miniata,Bat star,30,30,,,,,,,,,,,,,,,,,,,,,,,,,,,,,,,,,,,,,,,,,,,,,,,,
1454,Tom Bird,Jasmin Schuster,BMSC10,Ross Islets Slug Island,48.87052,-125.16035,14/04/2026,2.5,W,9:42,JMS,5,2,1,mfr,Mesocentrotus franciscanus,Red sea urchin,110,110,,,,,,,,,,,,,,,,,,,,,,,,,,,,,,,,,,,,,,,,,,,,,,,,
1455,Tom Bird,Jasmin Schuster,BMSC10,Ross Islets Slug Island,48.87052,-125.16035,14/04/2026,2.5,W,9:42,JMS,5,2,1,das,Diodora aspera,Rough keyhole limpet,19,19,,,,,,,,,,,,,,,,,,,,,,,,,,,,,,,,,,,,,,,,,,,,,,,,
1456,Tom Bird,Jasmin Schuster,BMSC10,Ross Islets Slug Island,48.87052,-125.16035,14/04/2026,2.5,W,9:42,JMS,5,2,1,pgi,Pomaulax gibberosus,Red turban shell,25,25,,,,,,,,,,,,,,,,,,,,,,,,,,,,,,,,,,,,,,,,,,,,,,,,
1457,Tom Bird,Jasmin Schuster,BMSC10,Ross Islets Slug Island,48.87052,-125.16035,14/04/2026,2.5,W,9:42,JMS,5,2,1,sac,Scyra acutifrons,Sharpnose crab,12,12,,,,,,,,,,,,,,,,,,,,,,,,,,,,,,,,,,,,,,,,,,,,,,,,
1458,Tom Bird,Jasmin Schuster,BMSC10,Ross Islets Slug Island,48.87052,-125.16035,14/04/2026,2.5,W,9:42,JMS,5,2,1,phe,Pagurus hemphilli,Maroon hermit,5,5,,,,,,,,,,,,,,,,,,,,,,,,,,,,,,,,,,,,,,,,,,,,,,,,
1459,Tom Bird,Jasmin Schuster,BMSC10,Ross Islets Slug Island,48.87052,-125.16035,14/04/2026,2.5,W,9:42,JMS,5,2,1,ami,Acmaea mitra,Whitecap limpet,3,3,,,,,,,,,,,,,,,,,,,,,,,,,,,,,,,,,,,,,,,,,,,,,,,,
1460,Tom Bird,Jasmin Schuster,BMSC10,Ross Islets Slug Island,48.87052,-125.16035,14/04/2026,2.5,W,9:42,JMS,5,2,1,etr,Evasterias troschelii,Mottled starfish,4,4,,,,,,,,,,,,,,,,,,,,,,,,,,,,,,,,,,,,,,,,,,,,,,,,
1461,Tom Bird,Jasmin Schuster,BMSC10,Ross Islets Slug Island,48.87052,-125.16035,14/04/2026,2.5,W,9:42,JMS,5,2,1,henricia,Henricia spp.,Unidentified blood star,3,3,,,,,,,,,,,,,,,,,,,,,,,,,,,,,,,,,,,,,,,,,,,,,,,,
1462,Tom Bird,Jasmin Schuster,BMSC10,Ross Islets Slug Island,48.87052,-125.16035,14/04/2026,2.5,W,9:42,JMS,5,2,1,cgi,Crassadoma gigantea,Purple-hinged rock scallop,5,0,,,2,3,,,,,,,,,,,,,,,,,,,,,,,,,,,,,,,,,,,,,,,,,,,,
1463,Tom Bird,Jasmin Schuster,BMSC10,Ross Islets Slug Island,48.87052,-125.16035,14/04/2026,2.5,W,9:42,JMS,5,2,1,pla,Pholis laeta,Crescent gunnel,3,0,,,,2,1,,,,,,,,,,,,,,,,,,,,,,,,,,,,,,,,,,,,,,,,,,,
1464,Tom Bird,Jasmin Schuster,BMSC10,Ross Islets Slug Island,48.87052,-125.16035,14/04/2026,2.5,W,9:42,JMS,5,2,1,ogr,Oregonia gracilis,Graceful decorator crab,4,4,,,,,,,,,,,,,,,,,,,,,,,,,,,,,,,,,,,,,,,,,,,,,,,,
1465,Tom Bird,Jasmin Schuster,BMSC10,Ross Islets Slug Island,48.87052,-125.16035,14/04/2026,2.5,W,9:42,JMS,5,2,1,cfo,Ceratostoma foliatum,Leafy hornmouth,8,8,,,,,,,,,,,,,,,,,,,,,,,,,,,,,,,,,,,,,,,,,,,,,,,,
1466,Tom Bird,Jasmin Schuster,BMSC10,Ross Islets Slug Island,48.87052,-125.16035,14/04/2026,2.5,W,9:42,JMS,5,2,1,clo,Chorilia longipes,Longhorn decorator crab,1,1,,,,,,,,,,,,,,,,,,,,,,,,,,,,,,,,,,,,,,,,,,,,,,,,
1467,Tom Bird,Jasmin Schuster,BMSC10,Ross Islets Slug Island,48.87052,-125.16035,14/04/2026,2.5,W,9:42,JMS,5,2,1,cadlina,Cadlina spp.,Unidentified yellow rimmed,1,1,,,,,,,,,,,,,,,,,,,,,,,,,,,,,,,,,,,,,,,,,,,,,,,,
1468,Tom Bird,Jasmin Schuster,BMSC10,Ross Islets Slug Island,48.87052,-125.16035,14/04/2026,2.5,W,9:42,JMS,5,0,1,sebastes,Sebastes spp.,,1,0,,1,,,,,,,,,,,,,,,,,,,,,,,,,,,,,,,,,,,,,,,,,,,,,,
1469,Tom Bird,Jasmin Schuster,BMSC10,Ross Islets Slug Island,48.87052,-125.16035,14/04/2026,2.5,W,9:42,JMS,5,2,1,chlamys,Chlamys spp.,Unidentified scallop,1,1,,,,,,,,,,,,,,,,,,,,,,,,,,,,,,,,,,,,,,,,,,,,,,,,
1470,Tom Bird,Jasmin Schuster,BMSC10,Ross Islets Slug Island,48.87052,-125.16035,14/04/2026,2.5,W,9:42,JMS,5,0,1,hde,Hexagrammos decagrammus,Kelp greenling,1,0,,,1,,,,,,,,,,,,,,,,,,,,,,,,,,,,,,,,,,,,,,,,,,,,,
1471,Tom Bird,Jasmin Schuster,BMSC10,Ross Islets Slug Island,48.87052,-125.16035,14/04/2026,2.5,W,9:42,JMS,5,0,1,sca,Sebastes caurinus,Copper rockfish,3,0,,,,3,,,,,,,,,,,,,,,,,,,,,,,,,,,,,,,,,,,,,,,,,,,,
1472,Tom Bird,Jasmin Schuster,BMSC10,Ross Islets Slug Island,48.87052,-125.16035,14/04/2026,2.5,W,9:42,JMS,5,0,1,opi,Oxylebius pictus,Painted greenling,1,0,,,,1,,,,,,,,,,,,,,,,,,,,,,,,,,,,,,,,,,,,,,,,,,,,
1473,Tom Bird,Jasmin Schuster,BMSC21,Dixon SW,48.85205,-125.12357,16/04/2026,1.5,E,14:25,JMS,5.5,1,2,hde,Hexagrammos decagrammus,Kelp greenling,1,0,,,,,,,,1,,,,,,,,,,,,,,,,,,,,,,,,,,,,,,,,,,,,,,,,
1474,Tom Bird,Jasmin Schuster,BMSC21,Dixon SW,48.85205,-125.12357,16/04/2026,1.5,E,14:25,JMS,5.5,1,2,aha,Artedius harringtoni,Scalyhead sculpin,1,0,,,1,,,,,,,,,,,,,,,,,,,,,,,,,,,,,,,,,,,,,,,,,,,,,
1475,Tom Bird,Jasmin Schuster,BMSC21,Dixon SW,48.85205,-125.12357,16/04/2026,1.5,E,14:25,JMS,5.5,2,2,mfr,Mesocentrotus franciscanus,Red sea urchin,180,180,,,,,,,,,,,,,,,,,,,,,,,,,,,,,,,,,,,,,,,,,,,,,,,,
1476,Tom Bird,Jasmin Schuster,BMSC21,Dixon SW,48.85205,-125.12357,16/04/2026,1.5,E,14:25,JMS,5.5,2,2,das,Diodora aspera,Rough keyhole limpet,1,1,,,,,,,,,,,,,,,,,,,,,,,,,,,,,,,,,,,,,,,,,,,,,,,,
1477,Tom Bird,Jasmin Schuster,BMSC21,Dixon SW,48.85205,-125.12357,16/04/2026,1.5,E,14:25,JMS,5.5,2,2,hka,Haliotis kamtschatkana,Pinto abalone,115,0,,49,51,15,,,,,,,,,,,,,,,,,,,,,,,,,,,,,,,,,,,,,,,,,,,,
1476,Tom Bird,Jasmin Schuster,BMSC21,Dixon SW,48.85205,-125.12357,16/04/2026,1.5,E,14:25,JMS,5.5,2,2,poc,Pisaster ochraceus,Purple sea star,12,12,,,,,,,,,,,,,,,,,,,,,,,,,,,,,,,,,,,,,,,,,,,,,,,,
1478,Tom Bird,Jasmin Schuster,BMSC21,Dixon SW,48.85205,-125.12357,16/04/2026,1.5,E,14:25,JMS,5.5,2,2,gor,Glebocarcinus oregonensis,Pygmy rock crab,9,9,,,,,,,,,,,,,,,,,,,,,,,,,,,,,,,,,,,,,,,,,,,,,,,,
1479,Tom Bird,Jasmin Schuster,BMSC21,Dixon SW,48.85205,-125.12357,16/04/2026,1.5,E,14:25,JMS,5.5,2,2,dim,Dermasterias imbricata,Leather star,11,11,,,,,,,,,,,,,,,,,,,,,,,,,,,,,,,,,,,,,,,,,,,,,,,,
1480,Tom Bird,Jasmin Schuster,BMSC21,Dixon SW,48.85205,-125.12357,16/04/2026,1.5,E,14:25,JMS,5.5,2,2,acal,Apostichopus californicus,Californian sea cucumber,14,14,,,,,,,,,,,,,,,,,,,,,,,,,,,,,,,,,,,,,,,,,,,,,,,,
1481,Tom Bird,Jasmin Schuster,BMSC21,Dixon SW,48.85205,-125.12357,16/04/2026,1.5,E,14:25,JMS,5.5,2,2,henricia,Henricia spp.,Unidentified blood star,1,1,,,,,,,,,,,,,,,,,,,,,,,,,,,,,,,,,,,,,,,,,,,,,,,,
1482,Tom Bird,Jasmin Schuster,BMSC21,Dixon SW,48.85205,-125.12357,16/04/2026,1.5,E,14:25,JMS,5.5,2,2,cfo,Ceratostoma foliatum,Leafy hornmouth,3,3,,,,,,,,,,,,,,,,,,,,,,,,,,,,,,,,,,,,,,,,,,,,,,,,
1483,Tom Bird,Jasmin Schuster,BMSC21,Dixon SW,48.85205,-125.12357,16/04/2026,1.5,E,14:25,JMS,5.5,2,2,phe,Pagurus hemphilli,Maroon hermit,6,6,,,,,,,,,,,,,,,,,,,,,,,,,,,,,,,,,,,,,,,,,,,,,,,,
1484,Tom Bird,Jasmin Schuster,BMSC21,Dixon SW,48.85205,-125.12357,16/04/2026,1.5,E,14:25,JMS,5.5,2,2,prud,Pachycheles rudis,Thickclaw porcelain crab,4,4,,,,,,,,,,,,,,,,,,,,,,,,,,,,,,,,,,,,,,,,,,,,,,,,
1485,Tom Bird,Jasmin Schuster,BMSC21,Dixon SW,48.85205,-125.12357,16/04/2026,1.5,E,14:25,JMS,5.5,2,2,pmi,Patiria miniata,Bat star,8,8,,,,,,,,,,,,,,,,,,,,,,,,,,,,,,,,,,,,,,,,,,,,,,,,
1486,Tom Bird,Jasmin Schuster,BMSC21,Dixon SW,48.85205,-125.12357,16/04/2026,1.5,E,14:25,JMS,5.5,2,2,cgi,Crassadoma gigantea,Purple-hinged rock scallop,6,0,,,2,1,1,1,,1,,,,,,,,,,,,,,,,,,,,,,,,,,,,,,,,,,,,,,,,
1487,Tom Bird,Jasmin Schuster,BMSC21,Dixon SW,48.85205,-125.12357,16/04/2026,1.5,E,14:25,JMS,5.5,2,2,ami,Acmaea mitra,Whitecap limpet,13,13,,,,,,,,,,,,,,,,,,,,,,,,,,,,,,,,,,,,,,,,,,,,,,,,
1488,Tom Bird,Jasmin Schuster,BMSC21,Dixon SW,48.85205,-125.12357,16/04/2026,1.5,E,14:25,JMS,5.5,2,2,oko,Orthasterias koehleri,Rainbow star,2,2,,,,,,,,,,,,,,,,,,,,,,,,,,,,,,,,,,,,,,,,,,,,,,,,
1489,Tom Bird,Jasmin Schuster,BMSC21,Dixon SW,48.85205,-125.12357,16/04/2026,1.5,E,14:25,JMS,5.5,2,2,chlamys,Chlamys spp.,Unidentified scallop,1,1,,,,,,,,,,,,,,,,,,,,,,,,,,,,,,,,,,,,,,,,,,,,,,,,
1490,Tom Bird,Jasmin Schuster,BMSC21,Dixon SW,48.85205,-125.12357,16/04/2026,1.5,E,14:25,JMS,5.5,2,2,spur,Strongylocentrotus purpuratus,Purple sea urchin,5,5,,,,,,,,,,,,,,,,,,,,,,,,,,,,,,,,,,,,,,,,,,,,,,,,
1491,Tom Bird,Jasmin Schuster,BMSC21,Dixon SW,48.85205,-125.12357,16/04/2026,1.5,E,14:25,JMS,5.5,2,2,hcr,Hermissenda crassicornis,Opalescent nudibranch,3,3,,,,,,,,,,,,,,,,,,,,,,,,,,,,,,,,,,,,,,,,,,,,,,,,
1492,Tom Bird,Jasmin Schuster,BMSC21,Dixon SW,48.85205,-125.12357,16/04/2026,1.5,E,14:25,JMS,5.5,2,2,aha,Artedius harringtoni,Scalyhead sculpin,4,0,,3,1,,,,,,,,,,,,,,,,,,,,,,,,,,,,,,,,,,,,,,,,,,,,,
1493,Tom Bird,Jasmin Schuster,BMSC21,Dixon SW,48.85205,-125.12357,16/04/2026,1.5,E,14:25,JMS,5.5,2,2,rni,Rhinogobiops nicholsii,Blackeye goby,1,0,,1,,,,,,,,,,,,,,,,,,,,,,,,,,,,,,,,,,,,,,,,,,,,,,
1494,Tom Bird,Jasmin Schuster,BMSC21,Dixon SW,48.85205,-125.12357,16/04/2026,1.5,E,14:25,JMS,5.5,2,2,pgi,Pomaulax gibberosus,Red turban shell,13,13,,,,,,,,,,,,,,,,,,,,,,,,,,,,,,,,,,,,,,,,,,,,,,,,
1495,Tom Bird,Jasmin Schuster,BMSC21,Dixon SW,48.85205,-125.12357,16/04/2026,1.5,E,14:25,JMS,5.5,2,2,ebi,Enophrys bison,Buffalo sculpin,1,0,,,,,1,,,,,,,,,,,,,,,,,,,,,,,,,,,,,,,,,,,,,,,,,,,
1496,Tom Bird,Jasmin Schuster,BMSC12,Wizard Island North,48.85828,-125.16092,16/04/2026,1.5,NE,11:50,JMS,5.5,1,1,aoc,Anarrhichthys ocellatus,Wolf-eel,1,0,,,,,,,,,,,,,,,1,,,,,,,,,,,,,,,,,,,,,,,,,,,,,,,,,
1497,Tom Bird,Jasmin Schuster,BMSC12,Wizard Island North,48.85828,-125.16092,16/04/2026,1.5,NE,11:50,JMS,5.5,1,1,rni,Rhinogobiops nicholsii,Blackeye goby,3,0,,1,1,1,,,,,,,,,,,,,,,,,,,,,,,,,,,,,,,,,,,,,,,,,,,,
1498,Tom Bird,Jasmin Schuster,BMSC12,Wizard Island North,48.85828,-125.16092,16/04/2026,1.5,NE,11:50,JMS,5.5,2,1,mfr,Mesocentrotus franciscanus,Red sea urchin,670,670,,,,,,,,,,,,,,,,,,,,,,,,,,,,,,,,,,,,,,,,,,,,,,,,
1499,Tom Bird,Jasmin Schuster,BMSC12,Wizard Island North,48.85828,-125.16092,16/04/2026,1.5,NE,11:50,JMS,5.5,2,1,sdr,Strongylocentrotus droebachiensis,Northern sea urchin,5,5,,,,,,,,,,,,,,,,,,,,,,,,,,,,,,,,,,,,,,,,,,,,,,,,
1500,Tom Bird,Jasmin Schuster,BMSC12,Wizard Island North,48.85828,-125.16092,16/04/2026,1.5,NE,11:50,JMS,5.5,2,1,rni,Rhinogobiops nicholsii,Blackeye goby,7,0,1,2,3,1,,,,,,,,,,,,,,,,,,,,,,,,,,,,,,,,,,,,,,,,,,,,
1501,Tom Bird,Jasmin Schuster,BMSC12,Wizard Island North,48.85828,-125.16092,16/04/2026,1.5,NE,11:50,JMS,5.5,2,1,gor,Glebocarcinus oregonensis,Pygmy rock crab,16,16,,,,,,,,,,,,,,,,,,,,,,,,,,,,,,,,,,,,,,,,,,,,,,,,
1502,Tom Bird,Jasmin Schuster,BMSC12,Wizard Island North,48.85828,-125.16092,16/04/2026,1.5,NE,11:50,JMS,5.5,2,1,hka,Haliotis kamtschatkana,Pinto abalone,14,0,,5,5,4,,,,,,,,,,,,,,,,,,,,,,,,,,,,,,,,,,,,,,,,,,,,
1503,Tom Bird,Jasmin Schuster,BMSC12,Wizard Island North,48.85828,-125.16092,16/04/2026,1.5,NE,11:50,JMS,5.5,2,1,acal,Apostichopus californicus,Californian sea cucumber,55,55,,,,,,,,,,,,,,,,,,,,,,,,,,,,,,,,,,,,,,,,,,,,,,,,
1504,Tom Bird,Jasmin Schuster,BMSC12,Wizard Island North,48.85828,-125.16092,16/04/2026,1.5,NE,11:50,JMS,5.5,2,1,cfo,Ceratostoma foliatum,Leafy hornmouth,8,8,,,,,,,,,,,,,,,,,,,,,,,,,,,,,,,,,,,,,,,,,,,,,,,,
1505,Tom Bird,Jasmin Schuster,BMSC12,Wizard Island North,48.85828,-125.16092,16/04/2026,1.5,NE,11:50,JMS,5.5,2,1,ami,Acmaea mitra,Whitecap limpet,10,10,,,,,,,,,,,,,,,,,,,,,,,,,,,,,,,,,,,,,,,,,,,,,,,,
1506,Tom Bird,Jasmin Schuster,BMSC12,Wizard Island North,48.85828,-125.16092,16/04/2026,1.5,NE,11:50,JMS,5.5,2,1,pgi,Pomaulax gibberosus,Red turban shell,7,7,,,,,,,,,,,,,,,,,,,,,,,,,,,,,,,,,,,,,,,,,,,,,,,,
1507,Tom Bird,Jasmin Schuster,BMSC12,Wizard Island North,48.85828,-125.16092,16/04/2026,1.5,NE,11:50,JMS,5.5,2,1,oko,Orthasterias koehleri,Rainbow star,9,9,,,,,,,,,,,,,,,,,,,,,,,,,,,,,,,,,,,,,,,,,,,,,,,,
1508,Tom Bird,Jasmin Schuster,BMSC12,Wizard Island North,48.85828,-125.16092,16/04/2026,1.5,NE,11:50,JMS,5.5,2,1,henricia,Henricia spp.,Unidentified blood star,4,4,,,,,,,,,,,,,,,,,,,,,,,,,,,,,,,,,,,,,,,,,,,,,,,,
1509,Tom Bird,Jasmin Schuster,BMSC12,Wizard Island North,48.85828,-125.16092,16/04/2026,1.5,NE,11:50,JMS,5.5,2,1,hcr,Hermissenda crassicornis,Opalescent nudibranch,4,4,,,,,,,,,,,,,,,,,,,,,,,,,,,,,,,,,,,,,,,,,,,,,,,,
1510,Tom Bird,Jasmin Schuster,BMSC12,Wizard Island North,48.85828,-125.16092,16/04/2026,1.5,NE,11:50,JMS,5.5,2,1,prud,Pachycheles rudis,Thickclaw porcelain crab,12,12,,,,,,,,,,,,,,,,,,,,,,,,,,,,,,,,,,,,,,,,,,,,,,,,
1511,Tom Bird,Jasmin Schuster,BMSC12,Wizard Island North,48.85828,-125.16092,16/04/2026,1.5,NE,11:50,JMS,5.5,2,1,dim,Dermasterias imbricata,Leather star,11,11,,,,,,,,,,,,,,,,,,,,,,,,,,,,,,,,,,,,,,,,,,,,,,,,
1512,Tom Bird,Jasmin Schuster,BMSC12,Wizard Island North,48.85828,-125.16092,16/04/2026,1.5,NE,11:50,JMS,5.5,2,1,spur,Strongylocentrotus purpuratus,Purple sea urchin,6,6,,,,,,,,,,,,,,,,,,,,,,,,,,,,,,,,,,,,,,,,,,,,,,,,
1513,Tom Bird,Jasmin Schuster,BMSC12,Wizard Island North,48.85828,-125.16092,16/04/2026,1.5,NE,11:50,JMS,5.5,2,1,cgi,Crassadoma gigantea,Purple-hinged rock scallop,4,0,,,1,1,2,,,,,,,,,,,,,,,,,,,,,,,,,,,,,,,,,,,,,,,,,,,
1514,Tom Bird,Jasmin Schuster,BMSC12,Wizard Island North,48.85828,-125.16092,16/04/2026,1.5,NE,11:50,JMS,5.5,2,1,das,Diodora aspera,Rough keyhole limpet,4,4,,,,,,,,,,,,,,,,,,,,,,,,,,,,,,,,,,,,,,,,,,,,,,,,
1515,Tom Bird,Jasmin Schuster,BMSC12,Wizard Island North,48.85828,-125.16092,16/04/2026,1.5,NE,11:50,JMS,5.5,2,1,sfo,Stylasterias forreri,Velcro seastar,2,2,,,,,,,,,,,,,,,,,,,,,,,,,,,,,,,,,,,,,,,,,,,,,,,,
1516,Tom Bird,Jasmin Schuster,BMSC12,Wizard Island North,48.85828,-125.16092,16/04/2026,1.5,NE,11:50,JMS,5.5,2,1,tch,Telmessus cheiragonus,Helmet crab,1,1,,,,,,,,,,,,,,,,,,,,,,,,,,,,,,,,,,,,,,,,,,,,,,,,
1517,Tom Bird,Jasmin Schuster,BMSC12,Wizard Island North,48.85828,-125.16092,16/04/2026,1.5,NE,11:50,JMS,5.5,2,1,aha,Artedius harringtoni,Scalyhead sculpin,4,0,2,1,1,,,,,,,,,,,,,,,,,,,,,,,,,,,,,,,,,,,,,,,,,,,,,
1518,Tom Bird,Jasmin Schuster,BMSC12,Wizard Island North,48.85828,-125.16092,16/04/2026,1.5,NE,11:50,JMS,5.5,2,1,ppu,Pachycheles pubescens,Porcelain crab,1,1,,,,,,,,,,,,,,,,,,,,,,,,,,,,,,,,,,,,,,,,,,,,,,,,
1519,Tom Bird,Jasmin Schuster,BMSC12,Wizard Island North,48.85828,-125.16092,16/04/2026,1.5,NE,11:50,JMS,5.5,2,1,sac,Scyra acutifrons,Sharpnose crab,1,1,,,,,,,,,,,,,,,,,,,,,,,,,,,,,,,,,,,,,,,,,,,,,,,,
1520,Tom Bird,Jasmin Schuster,BMSC12,Wizard Island North,48.85828,-125.16092,16/04/2026,1.5,NE,11:50,JMS,5.5,2,1,cadlina,Cadlina spp.,Unidentified yellow rimmed,1,1,,,,,,,,,,,,,,,,,,,,,,,,,,,,,,,,,,,,,,,,,,,,,,,,
1521,Tom Bird,Jasmin Schuster,BMSC12,Wizard Island North,48.85828,-125.16092,16/04/2026,1.5,NE,11:50,JMS,5.5,2,1,pmi,Patiria miniata,Bat star,9,9,,,,,,,,,,,,,,,,,,,,,,,,,,,,,,,,,,,,,,,,,,,,,,,,
1522,Tom Bird,Jasmin Schuster,BMSC12,Wizard Island North,48.85828,-125.16092,16/04/2026,1.5,NE,11:50,JMS,5.5,2,1,phe,Pagurus hemphilli,Maroon hermit,8,8,,,,,,,,,,,,,,,,,,,,,,,,,,,,,,,,,,,,,,,,,,,,,,,,
1523,Tom Bird,Jasmin Schuster,BMSC12,Wizard Island North,48.85828,-125.16092,16/04/2026,1.5,NE,11:50,JMS,5.5,2,1,phel,Pycnopodia helianthoides,Sunflower star,1,0,,,,,,,,1,,,,,,,,,,,,,,,,,,,,,,,,,,,,,,,,,,,,,,,,
1524,Tom Bird,Jasmin Schuster,BMSC12,Wizard Island North,48.85828,-125.16092,16/04/2026,1.5,NE,11:50,JMS,5.5,2,1,poc,Pisaster ochraceus,Purple sea star,1,1,,,,,,,,,,,,,,,,,,,,,,,,,,,,,,,,,,,,,,,,,,,,,,,,
1525,Tom Bird,Jasmin Schuster,BMSC11,Wizard Island South,48.85747,-125.15823,16/04/2026,2,SW,9:33,TB,7,1,2,hde,Hexagrammos decagrammus,Kelp greenling,1,0,,,,,,1,,,,,,,,,,,,,,,,,,,,,,,,,,,,,,,,,,,,,,,,,,
1526,Tom Bird,Jasmin Schuster,BMSC11,Wizard Island South,48.85747,-125.15823,16/04/2026,2,SW,9:33,TB,7,1,2,rni,Rhinogobiops nicholsii,Blackeye goby,3,0,,2,1,,,,,,,,,,,,,,,,,,,,,,,,,,,,,,,,,,,,,,,,,,,,,
1527,Tom Bird,Jasmin Schuster,BMSC11,Wizard Island South,48.85747,-125.15823,16/04/2026,2,SW,9:33,TB,7,2,2,mfr,Mesocentrotus franciscanus,Red sea urchin,345,345,,,,,,,,,,,,,,,,,,,,,,,,,,,,,,,,,,,,,,,,,,,,,,,,
1528,Tom Bird,Jasmin Schuster,BMSC11,Wizard Island South,48.85747,-125.15823,16/04/2026,2,SW,9:33,TB,7,2,2,rni,Rhinogobiops nicholsii,Blackeye goby,33,0,,11,16,6,,,,,,,,,,,,,,,,,,,,,,,,,,,,,,,,,,,,,,,,,,,,
1529,Tom Bird,Jasmin Schuster,BMSC11,Wizard Island South,48.85747,-125.15823,16/04/2026,2,SW,9:33,TB,7,2,2,oko,Orthasterias koehleri,Rainbow star,12,12,,,,,,,,,,,,,,,,,,,,,,,,,,,,,,,,,,,,,,,,,,,,,,,,
1530,Tom Bird,Jasmin Schuster,BMSC11,Wizard Island South,48.85747,-125.15823,16/04/2026,2,SW,9:33,TB,7,2,2,acal,Apostichopus californicus,Californian sea cucumber,17,17,,,,,,,,,,,,,,,,,,,,,,,,,,,,,,,,,,,,,,,,,,,,,,,,
1531,Tom Bird,Jasmin Schuster,BMSC11,Wizard Island South,48.85747,-125.15823,16/04/2026,2,SW,9:33,TB,7,2,2,pgi,Pomaulax gibberosus,Red turban shell,45,45,,,,,,,,,,,,,,,,,,,,,,,,,,,,,,,,,,,,,,,,,,,,,,,,
1532,Tom Bird,Jasmin Schuster,BMSC11,Wizard Island South,48.85747,-125.15823,16/04/2026,2,SW,9:33,TB,7,2,2,gor,Glebocarcinus oregonensis,Pygmy rock crab,23,23,,,,,,,,,,,,,,,,,,,,,,,,,,,,,,,,,,,,,,,,,,,,,,,,
1533,Tom Bird,Jasmin Schuster,BMSC11,Wizard Island South,48.85747,-125.15823,16/04/2026,2,SW,9:33,TB,7,2,2,prud,Pachycheles rudis,Thickclaw porcelain crab,9,9,,,,,,,,,,,,,,,,,,,,,,,,,,,,,,,,,,,,,,,,,,,,,,,,
1534,Tom Bird,Jasmin Schuster,BMSC11,Wizard Island South,48.85747,-125.15823,16/04/2026,2,SW,9:33,TB,7,2,2,hcr,Hermissenda crassicornis,Opalescent nudibranch,2,2,,,,,,,,,,,,,,,,,,,,,,,,,,,,,,,,,,,,,,,,,,,,,,,,
1535,Tom Bird,Jasmin Schuster,BMSC11,Wizard Island South,48.85747,-125.15823,16/04/2026,2,SW,9:33,TB,7,2,2,henricia,Henricia spp.,Unidentified blood star,3,3,,,,,,,,,,,,,,,,,,,,,,,,,,,,,,,,,,,,,,,,,,,,,,,,
1536,Tom Bird,Jasmin Schuster,BMSC11,Wizard Island South,48.85747,-125.15823,16/04/2026,2,SW,9:33,TB,7,2,2,dim,Dermasterias imbricata,Leather star,6,6,,,,,,,,,,,,,,,,,,,,,,,,,,,,,,,,,,,,,,,,,,,,,,,,
1537,Tom Bird,Jasmin Schuster,BMSC11,Wizard Island South,48.85747,-125.15823,16/04/2026,2,SW,9:33,TB,7,2,2,hka,Haliotis kamtschatkana,Pinto abalone,19,0,,4,9,6,,,,,,,,,,,,,,,,,,,,,,,,,,,,,,,,,,,,,,,,,,,,
1538,Tom Bird,Jasmin Schuster,BMSC11,Wizard Island South,48.85747,-125.15823,16/04/2026,2,SW,9:33,TB,7,2,2,sac,Scyra acutifrons,Sharpnose crab,2,2,,,,,,,,,,,,,,,,,,,,,,,,,,,,,,,,,,,,,,,,,,,,,,,,
1539,Tom Bird,Jasmin Schuster,BMSC11,Wizard Island South,48.85747,-125.15823,16/04/2026,2,SW,9:33,TB,7,2,2,cgi,Crassadoma gigantea,Purple-hinged rock scallop,12,0,,3,5,2,1,1,,,,,,,,,,,,,,,,,,,,,,,,,,,,,,,,,,,,,,,,,,
1540,Tom Bird,Jasmin Schuster,BMSC11,Wizard Island South,48.85747,-125.15823,16/04/2026,2,SW,9:33,TB,7,2,2,cfo,Ceratostoma foliatum,Leafy hornmouth,5,5,,,,,,,,,,,,,,,,,,,,,,,,,,,,,,,,,,,,,,,,,,,,,,,,
1541,Tom Bird,Jasmin Schuster,BMSC11,Wizard Island South,48.85747,-125.15823,16/04/2026,2,SW,9:33,TB,7,2,2,phe,Pagurus hemphilli,Maroon hermit,13,13,,,,,,,,,,,,,,,,,,,,,,,,,,,,,,,,,,,,,,,,,,,,,,,,
1542,Tom Bird,Jasmin Schuster,BMSC11,Wizard Island South,48.85747,-125.15823,16/04/2026,2,SW,9:33,TB,7,2,2,ami,Acmaea mitra,Whitecap limpet,8,8,,,,,,,,,,,,,,,,,,,,,,,,,,,,,,,,,,,,,,,,,,,,,,,,
1543,Tom Bird,Jasmin Schuster,BMSC11,Wizard Island South,48.85747,-125.15823,16/04/2026,2,SW,9:33,TB,7,2,2,cadlina,Cadlina spp.,Unidentified yellow rimmed,2,2,,,,,,,,,,,,,,,,,,,,,,,,,,,,,,,,,,,,,,,,,,,,,,,,
1544,Tom Bird,Jasmin Schuster,BMSC11,Wizard Island South,48.85747,-125.15823,16/04/2026,2,SW,9:33,TB,7,2,2,dal,Dirona albolineata,White-line dirona,1,1,,,,,,,,,,,,,,,,,,,,,,,,,,,,,,,,,,,,,,,,,,,,,,,,
1545,Tom Bird,Jasmin Schuster,BMSC11,Wizard Island South,48.85747,-125.15823,16/04/2026,2,SW,9:33,TB,7,2,2,pmi,Patiria miniata,Bat star,1,1,,,,,,,,,,,,,,,,,,,,,,,,,,,,,,,,,,,,,,,,,,,,,,,,
1546,Tom Bird,Jasmin Schuster,BMSC11,Wizard Island South,48.85747,-125.15823,16/04/2026,2,SW,9:33,TB,7,2,2,sfo,Stylasterias forreri,Velcro seastar,1,1,,,,,,,,,,,,,,,,,,,,,,,,,,,,,,,,,,,,,,,,,,,,,,,,
1547,Tom Bird,Jasmin Schuster,BMSC11,Wizard Island South,48.85747,-125.15823,16/04/2026,2,SW,9:33,TB,7,2,2,cpr,Cancer productus,Red rock crab,1,1,,,,,,,,,,,,,,,,,,,,,,,,,,,,,,,,,,,,,,,,,,,,,,,,
1548,Tom Bird,Jasmin Schuster,BMSC11,Wizard Island South,48.85747,-125.15823,16/04/2026,2,SW,9:33,TB,7,0,2,sebastes,Sebastes spp.,,1,0,,1,,,,,,,,,,,,,,,,,,,,,,,,,,,,,,,,,,,,,,,,,,,,,,
1549,Tom Bird,Jasmin Schuster,BMSC11,Wizard Island South,48.85747,-125.15823,16/04/2026,2,SW,9:33,TB,7,2,2,ppu,Pachycheles pubescens,Porcelain crab,1,1,,,,,,,,,,,,,,,,,,,,,,,,,,,,,,,,,,,,,,,,,,,,,,,,
1550,Tom Bird,Carter Burtlake,BMSC8,Baeria Rocks North Island Northside,48.95508,-125.15337,17/04/2026,3,SE,12:35,TB,9,2,2,pgi,Pomaulax gibberosus,Red turban shell,358,358,,,,,,,,,,,,,,,,,,,,,,,,,,,,,,,,,,,,,,,,,,,,,,,,
1551,Tom Bird,Carter Burtlake,BMSC8,Baeria Rocks North Island Northside,48.95508,-125.15337,17/04/2026,3,SE,12:35,TB,9,2,2,pmi,Patiria miniata,Bat star,128,128,,,,,,,,,,,,,,,,,,,,,,,,,,,,,,,,,,,,,,,,,,,,,,,,
1552,Tom Bird,Carter Burtlake,BMSC8,Baeria Rocks North Island Northside,48.95508,-125.15337,17/04/2026,3,SE,12:35,TB,9,2,2,spur,Strongylocentrotus purpuratus,Purple sea urchin,191,191,,,,,,,,,,,,,,,,,,,,,,,,,,,,,,,,,,,,,,,,,,,,,,,,
1553,Tom Bird,Carter Burtlake,BMSC8,Baeria Rocks North Island Northside,48.95508,-125.15337,17/04/2026,3,SE,12:35,TB,9,2,2,ppu,Pachycheles pubescens,Porcelain crab,2,2,,,,,,,,,,,,,,,,,,,,,,,,,,,,,,,,,,,,,,,,,,,,,,,,
1554,Tom Bird,Carter Burtlake,BMSC8,Baeria Rocks North Island Northside,48.95508,-125.15337,17/04/2026,3,SE,12:35,TB,9,2,2,ami,Acmaea mitra,Whitecap limpet,10,10,,,,,,,,,,,,,,,,,,,,,,,,,,,,,,,,,,,,,,,,,,,,,,,,
1555,Tom Bird,Carter Burtlake,BMSC8,Baeria Rocks North Island Northside,48.95508,-125.15337,17/04/2026,3,SE,12:35,TB,9,2,2,phe,Pagurus hemphilli,Maroon hermit,78,78,,,,,,,,,,,,,,,,,,,,,,,,,,,,,,,,,,,,,,,,,,,,,,,,
1556,Tom Bird,Carter Burtlake,BMSC8,Baeria Rocks North Island Northside,48.95508,-125.15337,17/04/2026,3,SE,12:35,TB,9,2,2,acal,Apostichopus californicus,Californian sea cucumber,20,20,,,,,,,,,,,,,,,,,,,,,,,,,,,,,,,,,,,,,,,,,,,,,,,,
1557,Tom Bird,Carter Burtlake,BMSC8,Baeria Rocks North Island Northside,48.95508,-125.15337,17/04/2026,3,SE,12:35,TB,9,2,2,cfo,Ceratostoma foliatum,Leafy hornmouth,15,15,,,,,,,,,,,,,,,,,,,,,,,,,,,,,,,,,,,,,,,,,,,,,,,,
1558,Tom Bird,Carter Burtlake,BMSC8,Baeria Rocks North Island Northside,48.95508,-125.15337,17/04/2026,3,SE,12:35,TB,9,2,2,gor,Glebocarcinus oregonensis,Pygmy rock crab,2,2,,,,,,,,,,,,,,,,,,,,,,,,,,,,,,,,,,,,,,,,,,,,,,,,
1559,Tom Bird,Carter Burtlake,BMSC8,Baeria Rocks North Island Northside,48.95508,-125.15337,17/04/2026,3,SE,12:35,TB,9,2,2,oko,Orthasterias koehleri,Rainbow star,12,12,,,,,,,,,,,,,,,,,,,,,,,,,,,,,,,,,,,,,,,,,,,,,,,,
1560,Tom Bird,Carter Burtlake,BMSC8,Baeria Rocks North Island Northside,48.95508,-125.15337,17/04/2026,3,SE,12:35,TB,9,2,2,das,Diodora aspera,Rough keyhole limpet,3,3,,,,,,,,,,,,,,,,,,,,,,,,,,,,,,,,,,,,,,,,,,,,,,,,
1561,Tom Bird,Carter Burtlake,BMSC8,Baeria Rocks North Island Northside,48.95508,-125.15337,17/04/2026,3,SE,12:35,TB,9,2,2,etr,Evasterias troschelii,Mottled starfish,1,1,,,,,,,,,,,,,,,,,,,,,,,,,,,,,,,,,,,,,,,,,,,,,,,,
1562,Tom Bird,Carter Burtlake,BMSC8,Baeria Rocks North Island Northside,48.95508,-125.15337,17/04/2026,3,SE,12:35,TB,9,2,2,hcr,Hermissenda crassicornis,Opalescent nudibranch,5,5,,,,,,,,,,,,,,,,,,,,,,,,,,,,,,,,,,,,,,,,,,,,,,,,
1563,Tom Bird,Carter Burtlake,BMSC8,Baeria Rocks North Island Northside,48.95508,-125.15337,17/04/2026,3,SE,12:35,TB,9,2,2,poc,Pisaster ochraceus,Purple sea star,4,4,,,,,,,,,,,,,,,,,,,,,,,,,,,,,,,,,,,,,,,,,,,,,,,,
1564,Tom Bird,Carter Burtlake,BMSC8,Baeria Rocks North Island Northside,48.95508,-125.15337,17/04/2026,3,SE,12:35,TB,9,2,2,cpr,Cancer productus,Red rock crab,1,1,,,,,,,,,,,,,,,,,,,,,,,,,,,,,,,,,,,,,,,,,,,,,,,,
1565,Tom Bird,Carter Burtlake,BMSC8,Baeria Rocks North Island Northside,48.95508,-125.15337,17/04/2026,3,SE,12:35,TB,9,2,2,pbe,Pagurus beringanus,Hermit crab,3,3,,,,,,,,,,,,,,,,,,,,,,,,,,,,,,,,,,,,,,,,,,,,,,,,
1566,Tom Bird,Carter Burtlake,BMSC8,Baeria Rocks North Island Northside,48.95508,-125.15337,17/04/2026,3,SE,12:35,TB,9,2,2,cgi,Crassadoma gigantea,Purple-hinged rock scallop,6,0,,,2,2,1,1,,,,,,,,,,,,,,,,,,,,,,,,,,,,,,,,,,,,,,,,,,
1567,Tom Bird,Carter Burtlake,BMSC8,Baeria Rocks North Island Northside,48.95508,-125.15337,17/04/2026,3,SE,12:35,TB,9,2,2,hka,Haliotis kamtschatkana,Pinto abalone,11,0,3,4,4,,,,,,,,,,,,,,,,,,,,,,,,,,,,,,,,,,,,,,,,,,,,,
1568,Tom Bird,Carter Burtlake,BMSC8,Baeria Rocks North Island Northside,48.95508,-125.15337,17/04/2026,3,SE,12:35,TB,9,2,2,aha,Artedius harringtoni,Scalyhead sculpin,1,0,,1,,,,,,,,,,,,,,,,,,,,,,,,,,,,,,,,,,,,,,,,,,,,,,
1569,Tom Bird,Carter Burtlake,BMSC8,Baeria Rocks North Island Northside,48.95508,-125.15337,17/04/2026,3,SE,12:35,TB,9,1,2,nsf,No species found,No species found,0,0,,,,,,,,,,,,,,,,,,,,,,,,,,,,,,,,,,,,,,,,,,,,,,,,
1570,Tom Bird,Carter Burtlake,BMSC6,Baeria Rocks South Island,48.95023,-125.15554,17/04/2026,5,SW,10:00,CBL,7.5,1,1,hde,Hexagrammos decagrammus,Kelp greenling,4,0,,,1,,,,1,1,1,,,,,,,,,,,,,,,,,,,,,,,,,,,,,,,,,,,,,,,
1571,Tom Bird,Carter Burtlake,BMSC6,Baeria Rocks South Island,48.95023,-125.15554,17/04/2026,5,SW,10:00,CBL,7.5,1,1,sme,Sebastes melanops,Black rockfish,4,0,,,,,,,,1,1,1,1,,,,,,,,,,,,,,,,,,,,,,,,,,,,,,,,,,,,,
1572,Tom Bird,Carter Burtlake,BMSC6,Baeria Rocks South Island,48.95023,-125.15554,17/04/2026,5,SW,10:00,CBL,7.5,1,1,oel,Ophiodon elongatus,Lingcod,1,0,,,,,,,,,,,,,1,,,,,,,,,,,,,,,,,,,,,,,,,,,,,,,,,,,
1573,Tom Bird,Carter Burtlake,BMSC6,Baeria Rocks South Island,48.95023,-125.15554,17/04/2026,5,SW,10:00,CBL,7.5,1,1,rni,Rhinogobiops nicholsii,Blackeye goby,5,0,,1,3,1,,,,,,,,,,,,,,,,,,,,,,,,,,,,,,,,,,,,,,,,,,,,
1574,Tom Bird,Carter Burtlake,BMSC6,Baeria Rocks South Island,48.95023,-125.15554,17/04/2026,5,SW,10:00,CBL,7.5,2,1,mfr,Mesocentrotus franciscanus,Red sea urchin,300,300,,,,,,,,,,,,,,,,,,,,,,,,,,,,,,,,,,,,,,,,,,,,,,,,
1575,Tom Bird,Carter Burtlake,BMSC6,Baeria Rocks South Island,48.95023,-125.15554,17/04/2026,5,SW,10:00,CBL,7.5,2,1,ami,Acmaea mitra,Whitecap limpet,22,22,,,,,,,,,,,,,,,,,,,,,,,,,,,,,,,,,,,,,,,,,,,,,,,,
1576,Tom Bird,Carter Burtlake,BMSC6,Baeria Rocks South Island,48.95023,-125.15554,17/04/2026,5,SW,10:00,CBL,7.5,2,1,pmi,Patiria miniata,Bat star,164,164,,,,,,,,,,,,,,,,,,,,,,,,,,,,,,,,,,,,,,,,,,,,,,,,
1577,Tom Bird,Carter Burtlake,BMSC6,Baeria Rocks South Island,48.95023,-125.15554,17/04/2026,5,SW,10:00,CBL,7.5,2,1,oko,Orthasterias koehleri,Rainbow star,13,13,,,,,,,,,,,,,,,,,,,,,,,,,,,,,,,,,,,,,,,,,,,,,,,,
1578,Tom Bird,Carter Burtlake,BMSC6,Baeria Rocks South Island,48.95023,-125.15554,17/04/2026,5,SW,10:00,CBL,7.5,2,1,phe,Pagurus hemphilli,Maroon hermit,14,14,,,,,,,,,,,,,,,,,,,,,,,,,,,,,,,,,,,,,,,,,,,,,,,,
1579,Tom Bird,Carter Burtlake,BMSC6,Baeria Rocks South Island,48.95023,-125.15554,17/04/2026,5,SW,10:00,CBL,7.5,2,1,cfo,Ceratostoma foliatum,Leafy hornmouth,11,11,,,,,,,,,,,,,,,,,,,,,,,,,,,,,,,,,,,,,,,,,,,,,,,,
1580,Tom Bird,Carter Burtlake,BMSC6,Baeria Rocks South Island,48.95023,-125.15554,17/04/2026,5,SW,10:00,CBL,7.5,2,1,acal,Apostichopus californicus,Californian sea cucumber,22,22,,,,,,,,,,,,,,,,,,,,,,,,,,,,,,,,,,,,,,,,,,,,,,,,
1581,Tom Bird,Carter Burtlake,BMSC6,Baeria Rocks South Island,48.95023,-125.15554,17/04/2026,5,SW,10:00,CBL,7.5,2,1,pgi,Pomaulax gibberosus,Red turban shell,6,6,,,,,,,,,,,,,,,,,,,,,,,,,,,,,,,,,,,,,,,,,,,,,,,,
1582,Tom Bird,Carter Burtlake,BMSC6,Baeria Rocks South Island,48.95023,-125.15554,17/04/2026,5,SW,10:00,CBL,7.5,2,1,henricia,Henricia spp.,Unidentified blood star,2,2,,,,,,,,,,,,,,,,,,,,,,,,,,,,,,,,,,,,,,,,,,,,,,,,
1583,Tom Bird,Carter Burtlake,BMSC6,Baeria Rocks South Island,48.95023,-125.15554,17/04/2026,5,SW,10:00,CBL,7.5,2,1,dim,Dermasterias imbricata,Leather star,2,2,,,,,,,,,,,,,,,,,,,,,,,,,,,,,,,,,,,,,,,,,,,,,,,,
1584,Tom Bird,Carter Burtlake,BMSC6,Baeria Rocks South Island,48.95023,-125.15554,17/04/2026,5,SW,10:00,CBL,7.5,2,1,gor,Glebocarcinus oregonensis,Pygmy rock crab,1,1,,,,,,,,,,,,,,,,,,,,,,,,,,,,,,,,,,,,,,,,,,,,,,,,
1585,Tom Bird,Carter Burtlake,BMSC6,Baeria Rocks South Island,48.95023,-125.15554,17/04/2026,5,SW,10:00,CBL,7.5,2,1,ppu,Pachycheles pubescens,Porcelain crab,2,2,,,,,,,,,,,,,,,,,,,,,,,,,,,,,,,,,,,,,,,,,,,,,,,,
1586,Tom Bird,Carter Burtlake,BMSC6,Baeria Rocks South Island,48.95023,-125.15554,17/04/2026,5,SW,10:00,CBL,7.5,2,1,etr,Evasterias troschelii,Mottled starfish,1,1,,,,,,,,,,,,,,,,,,,,,,,,,,,,,,,,,,,,,,,,,,,,,,,,
1587,Tom Bird,Carter Burtlake,BMSC6,Baeria Rocks South Island,48.95023,-125.15554,17/04/2026,5,SW,10:00,CBL,7.5,2,1,spur,Strongylocentrotus purpuratus,Purple sea urchin,3,3,,,,,,,,,,,,,,,,,,,,,,,,,,,,,,,,,,,,,,,,,,,,,,,,
1588,Tom Bird,Carter Burtlake,BMSC6,Baeria Rocks South Island,48.95023,-125.15554,17/04/2026,5,SW,10:00,CBL,7.5,2,1,sdr,Strongylocentrotus droebachiensis,Northern sea urchin,11,11,,,,,,,,,,,,,,,,,,,,,,,,,,,,,,,,,,,,,,,,,,,,,,,,
1589,Tom Bird,Carter Burtlake,BMSC6,Baeria Rocks South Island,48.95023,-125.15554,17/04/2026,5,SW,10:00,CBL,7.5,2,1,rni,Rhinogobiops nicholsii,Blackeye goby,5,0,,2,2,1,,,,,,,,,,,,,,,,,,,,,,,,,,,,,,,,,,,,,,,,,,,,
1590,Tom Bird,Carter Burtlake,BMSC6,Baeria Rocks South Island,48.95023,-125.15554,17/04/2026,5,SW,10:00,CBL,7.5,2,1,hka,Haliotis kamtschatkana,Pinto abalone,34,0,,7,19,8,,,,,,,,,,,,,,,,,,,,,,,,,,,,,,,,,,,,,,,,,,,,
1591,Tom Bird,Carter Burtlake,BMSC6,Baeria Rocks South Island,48.95023,-125.15554,17/04/2026,5,SW,10:00,CBL,7.5,2,1,cgi,Crassadoma gigantea,Purple-hinged rock scallop,14,0,,,2,3,4,4,1,,,,,,,,,,,,,,,,,,,,,,,,,,,,,,,,,,,,,,,,,
1592,Tom Bird,Carter Burtlake,BMSC6,Baeria Rocks South Island,48.95023,-125.15554,17/04/2026,5,SW,10:00,CBL,7.5,2,1,aha,Artedius harringtoni,Scalyhead sculpin,3,0,,3,,,,,,,,,,,,,,,,,,,,,,,,,,,,,,,,,,,,,,,,,,,,,,
1593,Tom Bird,Carter Burtlake,BMSC6,Baeria Rocks South Island,48.95023,-125.15554,17/04/2026,5,SW,10:00,CBL,7.5,2,1,jzo,Jordania zonope,Longfin sculpin,8,0,,8,,,,,,,,,,,,,,,,,,,,,,,,,,,,,,,,,,,,,,,,,,,,,,
1594,Tom Bird,Carter Burtlake,BMSC4,Kii xin,48.81512,-125.17533,17/04/2026,3,NE,15:07,CBL,7.5,1,1,hde,Hexagrammos decagrammus,Kelp greenling,1,0,,,,,,,,,,,1,,,,,,,,,,,,,,,,,,,,,,,,,,,,,,,,,,,,,
1595,Tom Bird,Carter Burtlake,BMSC4,Kii xin,48.81512,-125.17533,17/04/2026,3,NE,15:07,CBL,7.5,1,1,ebi,Enophrys bison,Buffalo sculpin,1,0,,,,,1,,,,,,,,,,,,,,,,,,,,,,,,,,,,,,,,,,,,,,,,,,,
1596,Tom Bird,Carter Burtlake,BMSC4,Kii xin,48.81512,-125.17533,17/04/2026,3,NE,15:07,CBL,7.5,0,1,ebi,Enophrys bison,Buffalo sculpin,1,0,,,,,,1,,,,,,,,,,,,,,,,,,,,,,,,,,,,,,,,,,,,,,,,,,
1597,Tom Bird,Carter Burtlake,BMSC4,Kii xin,48.81512,-125.17533,17/04/2026,3,NE,15:07,CBL,7.5,2,1,mfr,Mesocentrotus franciscanus,Red sea urchin,220,220,,,,,,,,,,,,,,,,,,,,,,,,,,,,,,,,,,,,,,,,,,,,,,,,
1598,Tom Bird,Carter Burtlake,BMSC4,Kii xin,48.81512,-125.17533,17/04/2026,3,NE,15:07,CBL,7.5,2,1,poc,Pisaster ochraceus,Purple sea star,50,50,,,,,,,,,,,,,,,,,,,,,,,,,,,,,,,,,,,,,,,,,,,,,,,,
1599,Tom Bird,Carter Burtlake,BMSC4,Kii xin,48.81512,-125.17533,17/04/2026,3,NE,15:07,CBL,7.5,2,1,cfo,Ceratostoma foliatum,Leafy hornmouth,29,29,,,,,,,,,,,,,,,,,,,,,,,,,,,,,,,,,,,,,,,,,,,,,,,,
1600,Tom Bird,Carter Burtlake,BMSC4,Kii xin,48.81512,-125.17533,17/04/2026,3,NE,15:07,CBL,7.5,2,1,ppu,Pachycheles pubescens,Porcelain crab,43,43,,,,,,,,,,,,,,,,,,,,,,,,,,,,,,,,,,,,,,,,,,,,,,,,
1601,Tom Bird,Carter Burtlake,BMSC4,Kii xin,48.81512,-125.17533,17/04/2026,3,NE,15:07,CBL,7.5,2,1,gor,Glebocarcinus oregonensis,Pygmy rock crab,57,57,,,,,,,,,,,,,,,,,,,,,,,,,,,,,,,,,,,,,,,,,,,,,,,,
1602,Tom Bird,Carter Burtlake,BMSC4,Kii xin,48.81512,-125.17533,17/04/2026,3,NE,15:07,CBL,7.5,2,1,dim,Dermasterias imbricata,Leather star,29,29,,,,,,,,,,,,,,,,,,,,,,,,,,,,,,,,,,,,,,,,,,,,,,,,
1603,Tom Bird,Carter Burtlake,BMSC4,Kii xin,48.81512,-125.17533,17/04/2026,3,NE,15:07,CBL,7.5,2,1,etr,Evasterias troschelii,Mottled starfish,10,10,,,,,,,,,,,,,,,,,,,,,,,,,,,,,,,,,,,,,,,,,,,,,,,,
1604,Tom Bird,Carter Burtlake,BMSC4,Kii xin,48.81512,-125.17533,17/04/2026,3,NE,15:07,CBL,7.5,2,1,spur,Strongylocentrotus purpuratus,Purple sea urchin,5,5,,,,,,,,,,,,,,,,,,,,,,,,,,,,,,,,,,,,,,,,,,,,,,,,
1605,Tom Bird,Carter Burtlake,BMSC4,Kii xin,48.81512,-125.17533,17/04/2026,3,NE,15:07,CBL,7.5,2,1,henricia,Henricia spp.,Unidentified blood star,6,6,,,,,,,,,,,,,,,,,,,,,,,,,,,,,,,,,,,,,,,,,,,,,,,,
1606,Tom Bird,Carter Burtlake,BMSC4,Kii xin,48.81512,-125.17533,17/04/2026,3,NE,15:07,CBL,7.5,2,1,cadlina,Cadlina spp.,Unidentified yellow rimmed,3,3,,,,,,,,,,,,,,,,,,,,,,,,,,,,,,,,,,,,,,,,,,,,,,,,
1607,Tom Bird,Carter Burtlake,BMSC4,Kii xin,48.81512,-125.17533,17/04/2026,3,NE,15:07,CBL,7.5,2,1,acal,Apostichopus californicus,Californian sea cucumber,13,13,,,,,,,,,,,,,,,,,,,,,,,,,,,,,,,,,,,,,,,,,,,,,,,,
1608,Tom Bird,Carter Burtlake,BMSC4,Kii xin,48.81512,-125.17533,17/04/2026,3,NE,15:07,CBL,7.5,2,1,ami,Acmaea mitra,Whitecap limpet,6,6,,,,,,,,,,,,,,,,,,,,,,,,,,,,,,,,,,,,,,,,,,,,,,,,
1609,Tom Bird,Carter Burtlake,BMSC4,Kii xin,48.81512,-125.17533,17/04/2026,3,NE,15:07,CBL,7.5,2,1,oko,Orthasterias koehleri,Rainbow star,7,7,,,,,,,,,,,,,,,,,,,,,,,,,,,,,,,,,,,,,,,,,,,,,,,,
1610,Tom Bird,Carter Burtlake,BMSC4,Kii xin,48.81512,-125.17533,17/04/2026,3,NE,15:07,CBL,7.5,2,1,ctr,Coryphella trilineata,Three-lined aeolid,4,4,,,,,,,,,,,,,,,,,,,,,,,,,,,,,,,,,,,,,,,,,,,,,,,,
1611,Tom Bird,Carter Burtlake,BMSC4,Kii xin,48.81512,-125.17533,17/04/2026,3,NE,15:07,CBL,7.5,2,1,afu,Antiopella fusca,White-and-orange-tipped nudibranch,1,1,,,,,,,,,,,,,,,,,,,,,,,,,,,,,,,,,,,,,,,,,,,,,,,,
1612,Tom Bird,Carter Burtlake,BMSC4,Kii xin,48.81512,-125.17533,17/04/2026,3,NE,15:07,CBL,7.5,2,1,ctro,Coryphella trophina,,1,1,,,,,,,,,,,,,,,,,,,,,,,,,,,,,,,,,,,,,,,,,,,,,,,,
1613,Tom Bird,Carter Burtlake,BMSC4,Kii xin,48.81512,-125.17533,17/04/2026,3,NE,15:07,CBL,7.5,2,1,phe,Pagurus hemphilli,Maroon hermit,5,5,,,,,,,,,,,,,,,,,,,,,,,,,,,,,,,,,,,,,,,,,,,,,,,,
1614,Tom Bird,Carter Burtlake,BMSC4,Kii xin,48.81512,-125.17533,17/04/2026,3,NE,15:07,CBL,7.5,2,1,cnu,Chirolophis nugator,Mosshead warbonnet,1,0,,,1,,,,,,,,,,,,,,,,,,,,,,,,,,,,,,,,,,,,,,,,,,,,,
1615,Tom Bird,Carter Burtlake,BMSC4,Kii xin,48.81512,-125.17533,17/04/2026,3,NE,15:07,CBL,7.5,2,1,hka,Haliotis kamtschatkana,Pinto abalone,21,0,,,7,14,,,,,,,,,,,,,,,,,,,,,,,,,,,,,,,,,,,,,,,,,,,,
1616,Tom Bird,Carter Burtlake,BMSC4,Kii xin,48.81512,-125.17533,17/04/2026,3,NE,15:07,CBL,7.5,2,1,cgi,Crassadoma gigantea,Purple-hinged rock scallop,6,0,,4,1,1,,,,,,,,,,,,,,,,,,,,,,,,,,,,,,,,,,,,,,,,,,,,
1617,Tom Bird,Carter Burtlake,BMSC4,Kii xin,48.81512,-125.17533,17/04/2026,3,NE,15:07,CBL,7.5,2,1,ain,Anoplarchus insignis,Slender Cockscomb,1,0,,,1,,,,,,,,,,,,,,,,,,,,,,,,,,,,,,,,,,,,,,,,,,,,,
1618,Tom Bird,Jasmin Schuster,BMSC18,Eussen Rock,48.91162,-125.26703,20/04/2026,2,SW,10:00,TB,7.7,1,2,jzo,Jordania zonope,Longfin sculpin,3,0,,1,2,,,,,,,,,,,,,,,,,,,,,,,,,,,,,,,,,,,,,,,,,,,,,
1619,Tom Bird,Jasmin Schuster,BMSC18,Eussen Rock,48.91162,-125.26703,20/04/2026,2,SW,10:00,TB,7.7,1,2,rni,Rhinogobiops nicholsii,Blackeye goby,10,0,,3,5,2,,,,,,,,,,,,,,,,,,,,,,,,,,,,,,,,,,,,,,,,,,,,
1620,Tom Bird,Jasmin Schuster,BMSC18,Eussen Rock,48.91162,-125.26703,20/04/2026,2,SW,10:00,TB,7.7,1,2,hde,Hexagrammos decagrammus,Kelp greenling,1,0,,,,,,,,,,1,,,,,,,,,,,,,,,,,,,,,,,,,,,,,,,,,,,,,,
1621,Tom Bird,Jasmin Schuster,BMSC18,Eussen Rock,48.91162,-125.26703,20/04/2026,2,SW,10:00,TB,7.7,1,2,opi,Oxylebius pictus,Painted greenling,0,0,,,,,,`,,,,,,,,,,,,,,,,,,,,,,,,,,,,,,,,,,,,,,,,,,
1622,Tom Bird,Jasmin Schuster,BMSC18,Eussen Rock,48.91162,-125.26703,20/04/2026,2,SW,10:00,TB,7.7,2,2,mfr,Mesocentrotus franciscanus,Red sea urchin,95,95,,,,,,,,,,,,,,,,,,,,,,,,,,,,,,,,,,,,,,,,,,,,,,,,
1623,Tom Bird,Jasmin Schuster,BMSC18,Eussen Rock,48.91162,-125.26703,20/04/2026,2,SW,10:00,TB,7.7,2,2,acal,Apostichopus californicus,Californian sea cucumber,35,35,,,,,,,,,,,,,,,,,,,,,,,,,,,,,,,,,,,,,,,,,,,,,,,,
1624,Tom Bird,Jasmin Schuster,BMSC18,Eussen Rock,48.91162,-125.26703,20/04/2026,2,SW,10:00,TB,7.7,2,2,chlamys,Chlamys spp.,Unidentified scallop,17,17,,,,,,,,,,,,,,,,,,,,,,,,,,,,,,,,,,,,,,,,,,,,,,,,
1625,Tom Bird,Jasmin Schuster,BMSC18,Eussen Rock,48.91162,-125.26703,20/04/2026,2,SW,10:00,TB,7.7,2,2,das,Diodora aspera,Rough keyhole limpet,3,3,,,,,,,,,,,,,,,,,,,,,,,,,,,,,,,,,,,,,,,,,,,,,,,,
1626,Tom Bird,Jasmin Schuster,BMSC18,Eussen Rock,48.91162,-125.26703,20/04/2026,2,SW,10:00,TB,7.7,2,2,phe,Pagurus hemphilli,Maroon hermit,9,9,,,,,,,,,,,,,,,,,,,,,,,,,,,,,,,,,,,,,,,,,,,,,,,,
1627,Tom Bird,Jasmin Schuster,BMSC18,Eussen Rock,48.91162,-125.26703,20/04/2026,2,SW,10:00,TB,7.7,2,2,henricia,Henricia spp.,Unidentified blood star,4,4,,,,,,,,,,,,,,,,,,,,,,,,,,,,,,,,,,,,,,,,,,,,,,,,
1628,Tom Bird,Jasmin Schuster,BMSC18,Eussen Rock,48.91162,-125.26703,20/04/2026,2,SW,10:00,TB,7.7,2,2,sac,Scyra acutifrons,Sharpnose crab,27,27,,,,,,,,,,,,,,,,,,,,,,,,,,,,,,,,,,,,,,,,,,,,,,,,
1629,Tom Bird,Jasmin Schuster,BMSC18,Eussen Rock,48.91162,-125.26703,20/04/2026,2,SW,10:00,TB,7.7,2,2,pachycheles,Pachycheles spp.,,9,9,,,,,,,,,,,,,,,,,,,,,,,,,,,,,,,,,,,,,,,,,,,,,,,,
1630,Tom Bird,Jasmin Schuster,BMSC18,Eussen Rock,48.91162,-125.26703,20/04/2026,2,SW,10:00,TB,7.7,2,2,tfe,Tritonia festiva,Diamondback tritonia,1,1,,,,,,,,,,,,,,,,,,,,,,,,,,,,,,,,,,,,,,,,,,,,,,,,
1631,Tom Bird,Jasmin Schuster,BMSC18,Eussen Rock,48.91162,-125.26703,20/04/2026,2,SW,10:00,TB,7.7,2,2,hermit,Paguroidea spp.,Unidentified hermit crab,75,75,,,,,,,,,,,,,,,,,,,,,,,,,,,,,,,,,,,,,,,,,,,,,,,,
1632,Tom Bird,Jasmin Schuster,BMSC18,Eussen Rock,48.91162,-125.26703,20/04/2026,2,SW,10:00,TB,7.7,2,2,oko,Orthasterias koehleri,Rainbow star,2,2,,,,,,,,,,,,,,,,,,,,,,,,,,,,,,,,,,,,,,,,,,,,,,,,
1633,Tom Bird,Jasmin Schuster,BMSC18,Eussen Rock,48.91162,-125.26703,20/04/2026,2,SW,10:00,TB,7.7,2,2,pgi,Pomaulax gibberosus,Red turban shell,27,27,,,,,,,,,,,,,,,,,,,,,,,,,,,,,,,,,,,,,,,,,,,,,,,,
1634,Tom Bird,Jasmin Schuster,BMSC18,Eussen Rock,48.91162,-125.26703,20/04/2026,2,SW,10:00,TB,7.7,2,2,dsa,Diaulula sandiegensis,Ringed doris,1,1,,,,,,,,,,,,,,,,,,,,,,,,,,,,,,,,,,,,,,,,,,,,,,,,
1635,Tom Bird,Jasmin Schuster,BMSC18,Eussen Rock,48.91162,-125.26703,20/04/2026,2,SW,10:00,TB,7.7,2,2,sdr,Strongylocentrotus droebachiensis,Northern sea urchin,2,2,,,,,,,,,,,,,,,,,,,,,,,,,,,,,,,,,,,,,,,,,,,,,,,,
1636,Tom Bird,Jasmin Schuster,BMSC18,Eussen Rock,48.91162,-125.26703,20/04/2026,2,SW,10:00,TB,7.7,2,2,cgi,Crassadoma gigantea,Purple-hinged rock scallop,74,0,,8,13,22,13,14,4,,,,,,,,,,,,,,,,,,,,,,,,,,,,,,,,,,,,,,,,,
1637,Tom Bird,Jasmin Schuster,BMSC18,Eussen Rock,48.91162,-125.26703,20/04/2026,2,SW,10:00,TB,7.7,2,2,hka,Haliotis kamtschatkana,Pinto abalone,110,0,56,46,8,,,,,,,,,,,,,,,,,,,,,,,,,,,,,,,,,,,,,,,,,,,,,
1638,Tom Bird,Jasmin Schuster,BMSC18,Eussen Rock,48.91162,-125.26703,20/04/2026,2,SW,10:00,TB,7.7,2,2,gor,Glebocarcinus oregonensis,Pygmy rock crab,2,2,,,,,,,,,,,,,,,,,,,,,,,,,,,,,,,,,,,,,,,,,,,,,,,,
1639,Tom Bird,Jasmin Schuster,BMSC18,Eussen Rock,48.91162,-125.26703,20/04/2026,2,SW,10:00,TB,7.7,2,2,jzo,Jordania zonope,Longfin sculpin,4,0,,3,1,,,,,,,,,,,,,,,,,,,,,,,,,,,,,,,,,,,,,,,,,,,,,
1640,Tom Bird,Jasmin Schuster,BMSC18,Eussen Rock,48.91162,-125.26703,20/04/2026,2,SW,10:00,TB,7.7,2,2,rni,Rhinogobiops nicholsii,Blackeye goby,22,0,,5,12,5,,,,,,,,,,,,,,,,,,,,,,,,,,,,,,,,,,,,,,,,,,,,
1641,Tom Bird,Jasmin Schuster,BMSC18,Eussen Rock,48.91162,-125.26703,20/04/2026,2,SW,10:00,TB,7.7,0,2,sne,Sebastes nebulosus,China rockfish,15,0,,,,,1,,1,1,11,1,,,,,,,,,,,,,,,,,,,,,,,,,,,,,,,,,,,,,,
1642,Tom Bird,Jasmin Schuster,BMSC18,Eussen Rock,48.91162,-125.26703,20/04/2026,2,SW,10:00,TB,7.7,0,2,oel,Ophiodon elongatus,Lingcod,1,0,,,,,,,,,,,,,1,,,,,,,,,,,,,,,,,,,,,,,,,,,,,,,,,,,
1643,Tom Bird,Jasmin Schuster,BMSC18,Eussen Rock,48.91162,-125.26703,20/04/2026,2,SW,10:00,TB,7.7,0,2,sfl,Sebastes flavidus,Yellowtail rockfish,3,0,,,,,1,1,,1,,,,,,,,,,,,,,,,,,,,,,,,,,,,,,,,,,,,,,,,
1644,Tom Bird,Jasmin Schuster,BMSC18,Eussen Rock,48.91162,-125.26703,20/04/2026,2,SW,10:00,TB,7.7,0,2,opi,Oxylebius pictus,Painted greenling,0,0,,,,,,,,,,,,,,,,,,,,,,,,,,,,,,,,,,,,,,,,,,,,,,,,
1645,Tom Bird,Jasmin Schuster,BMSC18,Eussen Rock,48.91162,-125.26703,20/04/2026,2,SW,10:00,TB,7.7,0,2,dod,Doris odhneri,White night doris,1,1,,,,,,,,,,,,,,,,,,,,,,,,,,,,,,,,,,,,,,,,,,,,,,,,
1645,Tom Bird,Jasmin Schuster,BMSC16,Faber Islets,48.8907,-125.3005,20/04/2026,2,NW,12:45,JMS,7,1,1,rni,Rhinogobiops nicholsii,Blackeye goby,3,0,,2,1,,,,,,,,,,,,,,,,,,,,,,,,,,,,,,,,,,,,,,,,,,,,,
1646,Tom Bird,Jasmin Schuster,BMSC16,Faber Islets,48.8907,-125.3005,20/04/2026,2,NW,12:45,JMS,7,1,1,hde,Hexagrammos decagrammus,Kelp greenling,2,0,,,,,,,,1,1,,,,,,,,,,,,,,,,,,,,,,,,,,,,,,,,,,,,,,,
1647,Tom Bird,Jasmin Schuster,BMSC16,Faber Islets,48.8907,-125.3005,20/04/2026,2,NW,12:45,JMS,7,2,1,mfr,Mesocentrotus franciscanus,Red sea urchin,220,220,,,,,,,,,,,,,,,,,,,,,,,,,,,,,,,,,,,,,,,,,,,,,,,,
1648,Tom Bird,Jasmin Schuster,BMSC16,Faber Islets,48.8907,-125.3005,20/04/2026,2,NW,12:45,JMS,7,2,1,pmi,Patiria miniata,Bat star,92,92,,,,,,,,,,,,,,,,,,,,,,,,,,,,,,,,,,,,,,,,,,,,,,,,
1649,Tom Bird,Jasmin Schuster,BMSC16,Faber Islets,48.8907,-125.3005,20/04/2026,2,NW,12:45,JMS,7,2,1,cfo,Ceratostoma foliatum,Leafy hornmouth,36,36,,,,,,,,,,,,,,,,,,,,,,,,,,,,,,,,,,,,,,,,,,,,,,,,
1650,Tom Bird,Jasmin Schuster,BMSC16,Faber Islets,48.8907,-125.3005,20/04/2026,2,NW,12:45,JMS,7,2,1,pgi,Pomaulax gibberosus,Red turban shell,140,140,,,,,,,,,,,,,,,,,,,,,,,,,,,,,,,,,,,,,,,,,,,,,,,,
1651,Tom Bird,Jasmin Schuster,BMSC16,Faber Islets,48.8907,-125.3005,20/04/2026,2,NW,12:45,JMS,7,2,1,ami,Acmaea mitra,Whitecap limpet,33,33,,,,,,,,,,,,,,,,,,,,,,,,,,,,,,,,,,,,,,,,,,,,,,,,
1652,Tom Bird,Jasmin Schuster,BMSC16,Faber Islets,48.8907,-125.3005,20/04/2026,2,NW,12:45,JMS,7,2,1,acal,Apostichopus californicus,Californian sea cucumber,10,10,,,,,,,,,,,,,,,,,,,,,,,,,,,,,,,,,,,,,,,,,,,,,,,,
1653,Tom Bird,Jasmin Schuster,BMSC16,Faber Islets,48.8907,-125.3005,20/04/2026,2,NW,12:45,JMS,7,2,1,phe,Pagurus hemphilli,Maroon hermit,44,44,,,,,,,,,,,,,,,,,,,,,,,,,,,,,,,,,,,,,,,,,,,,,,,,
1654,Tom Bird,Jasmin Schuster,BMSC16,Faber Islets,48.8907,-125.3005,20/04/2026,2,NW,12:45,JMS,7,2,1,oko,Orthasterias koehleri,Rainbow star,100,100,,,,,,,,,,,,,,,,,,,,,,,,,,,,,,,,,,,,,,,,,,,,,,,,
1655,Tom Bird,Jasmin Schuster,BMSC16,Faber Islets,48.8907,-125.3005,20/04/2026,2,NW,12:45,JMS,7,2,1,cpr,Cancer productus,Red rock crab,1,1,,,,,,,,,,,,,,,,,,,,,,,,,,,,,,,,,,,,,,,,,,,,,,,,
1656,Tom Bird,Jasmin Schuster,BMSC16,Faber Islets,48.8907,-125.3005,20/04/2026,2,NW,12:45,JMS,7,2,1,pachycheles,Pachycheles spp.,,2,2,,,,,,,,,,,,,,,,,,,,,,,,,,,,,,,,,,,,,,,,,,,,,,,,
1657,Tom Bird,Jasmin Schuster,BMSC16,Faber Islets,48.8907,-125.3005,20/04/2026,2,NW,12:45,JMS,7,2,1,cgi,Crassadoma gigantea,Purple-hinged rock scallop,2,0,,1,1,,,,,,,,,,,,,,,,,,,,,,,,,,,,,,,,,,,,,,,,,,,,,
1658,Tom Bird,Jasmin Schuster,BMSC16,Faber Islets,48.8907,-125.3005,20/04/2026,2,NW,12:45,JMS,7,2,1,das,Diodora aspera,Rough keyhole limpet,2,2,,,,,,,,,,,,,,,,,,,,,,,,,,,,,,,,,,,,,,,,,,,,,,,,
1659,Tom Bird,Jasmin Schuster,BMSC16,Faber Islets,48.8907,-125.3005,20/04/2026,2,NW,12:45,JMS,7,2,1,dim,Dermasterias imbricata,Leather star,1,1,,,,,,,,,,,,,,,,,,,,,,,,,,,,,,,,,,,,,,,,,,,,,,,,
1660,Tom Bird,Jasmin Schuster,BMSC16,Faber Islets,48.8907,-125.3005,20/04/2026,2,NW,12:45,JMS,7,2,1,gor,Glebocarcinus oregonensis,Pygmy rock crab,1,1,,,,,,,,,,,,,,,,,,,,,,,,,,,,,,,,,,,,,,,,,,,,,,,,
1661,Tom Bird,Jasmin Schuster,BMSC16,Faber Islets,48.8907,-125.3005,20/04/2026,2,NW,12:45,JMS,7,2,1,etr,Evasterias troschelii,Mottled starfish,1,1,,,,,,,,,,,,,,,,,,,,,,,,,,,,,,,,,,,,,,,,,,,,,,,,
1662,Tom Bird,Jasmin Schuster,BMSC16,Faber Islets,48.8907,-125.3005,20/04/2026,2,NW,12:45,JMS,7,2,1,hka,Haliotis kamtschatkana,Pinto abalone,12,0,8,2,2,,,,,,,,,,,,,,,,,,,,,,,,,,,,,,,,,,,,,,,,,,,,,
1663,Tom Bird,Jasmin Schuster,BMSC16,Faber Islets,48.8907,-125.3005,20/04/2026,2,NW,12:45,JMS,7,2,1,rni,Rhinogobiops nicholsii,Blackeye goby,5,0,,3,1,1,,,,,,,,,,,,,,,,,,,,,,,,,,,,,,,,,,,,,,,,,,,,
1664,Tom Bird,Jasmin Schuster,BMSC16,Faber Islets,48.8907,-125.3005,20/04/2026,2,NW,12:45,JMS,7,0,1,hde,Hexagrammos decagrammus,Kelp greenling,1,0,,,,,,,1,,,,,,,,,,,,,,,,,,,,,,,,,,,,,,,,,,,,,,,,,
1665,Tom Bird,Carter Burtlake,BMSC26,Hosie South,48.9071,-125.03701,22/04/2026,0.5,SW,12:40,CBL,10,1,1,bfr,Brachyistius frenatus,Kelp perch,4,0,,,,4,,,,,,,,,,,,,,,,,,,,,,,,,,,,,,,,,,,,,,,,,,,,
1666,Tom Bird,Carter Burtlake,BMSC26,Hosie South,48.9071,-125.03701,22/04/2026,0.5,SW,12:40,CBL,10,1,1,rni,Rhinogobiops nicholsii,Blackeye goby,2,0,,2,,,,,,,,,,,,,,,,,,,,,,,,,,,,,,,,,,,,,,,,,,,,,,
1667,Tom Bird,Carter Burtlake,BMSC26,Hosie South,48.9071,-125.03701,22/04/2026,0.5,SW,12:40,CBL,10,2,1,ami,Acmaea mitra,Whitecap limpet,2,2,,,,,,,,,,,,,,,,,,,,,,,,,,,,,,,,,,,,,,,,,,,,,,,,
1668,Tom Bird,Carter Burtlake,BMSC26,Hosie South,48.9071,-125.03701,22/04/2026,0.5,SW,12:40,CBL,10,2,1,pte,Pteraster tesselatus,Slime star,2,2,,,,,,,,,,,,,,,,,,,,,,,,,,,,,,,,,,,,,,,,,,,,,,,,
1669,Tom Bird,Carter Burtlake,BMSC26,Hosie South,48.9071,-125.03701,22/04/2026,0.5,SW,12:40,CBL,10,2,1,acal,Apostichopus californicus,Californian sea cucumber,8,8,,,,,,,,,,,,,,,,,,,,,,,,,,,,,,,,,,,,,,,,,,,,,,,,
1670,Tom Bird,Carter Burtlake,BMSC26,Hosie South,48.9071,-125.03701,22/04/2026,0.5,SW,12:40,CBL,10,2,1,dim,Dermasterias imbricata,Leather star,9,9,,,,,,,,,,,,,,,,,,,,,,,,,,,,,,,,,,,,,,,,,,,,,,,,
1671,Tom Bird,Carter Burtlake,BMSC26,Hosie South,48.9071,-125.03701,22/04/2026,0.5,SW,12:40,CBL,10,2,1,oko,Orthasterias koehleri,Rainbow star,2,2,,,,,,,,,,,,,,,,,,,,,,,,,,,,,,,,,,,,,,,,,,,,,,,,
1672,Tom Bird,Carter Burtlake,BMSC26,Hosie South,48.9071,-125.03701,22/04/2026,0.5,SW,12:40,CBL,10,2,1,chlamys,Chlamys spp.,Unidentified scallop,1,1,,,,,,,,,,,,,,,,,,,,,,,,,,,,,,,,,,,,,,,,,,,,,,,,
1673,Tom Bird,Carter Burtlake,BMSC26,Hosie South,48.9071,-125.03701,22/04/2026,0.5,SW,12:40,CBL,10,2,1,cfo,Ceratostoma foliatum,Leafy hornmouth,4,4,,,,,,,,,,,,,,,,,,,,,,,,,,,,,,,,,,,,,,,,,,,,,,,,
1674,Tom Bird,Carter Burtlake,BMSC26,Hosie South,48.9071,-125.03701,22/04/2026,0.5,SW,12:40,CBL,10,2,1,henricia,Henricia spp.,Unidentified blood star,5,5,,,,,,,,,,,,,,,,,,,,,,,,,,,,,,,,,,,,,,,,,,,,,,,,
1675,Tom Bird,Carter Burtlake,BMSC26,Hosie South,48.9071,-125.03701,22/04/2026,0.5,SW,12:40,CBL,10,2,1,ptr,Polycera tricolor,Tricolour nudibranch,1,1,,,,,,,,,,,,,,,,,,,,,,,,,,,,,,,,,,,,,,,,,,,,,,,,
1676,Tom Bird,Carter Burtlake,BMSC26,Hosie South,48.9071,-125.03701,22/04/2026,0.5,SW,12:40,CBL,10,2,1,clon,Coryphella longicaudata,Red-fingered Coryphella,1,1,,,,,,,,,,,,,,,,,,,,,,,,,,,,,,,,,,,,,,,,,,,,,,,,
1677,Tom Bird,Carter Burtlake,BMSC26,Hosie South,48.9071,-125.03701,22/04/2026,0.5,SW,12:40,CBL,10,2,1,pgi,Pomaulax gibberosus,Red turban shell,10,10,,,,,,,,,,,,,,,,,,,,,,,,,,,,,,,,,,,,,,,,,,,,,,,,
1678,Tom Bird,Carter Burtlake,BMSC26,Hosie South,48.9071,-125.03701,22/04/2026,0.5,SW,12:40,CBL,10,2,1,cpr,Cancer productus,Red rock crab,1,1,,,,,,,,,,,,,,,,,,,,,,,,,,,,,,,,,,,,,,,,,,,,,,,,
1679,Tom Bird,Carter Burtlake,BMSC26,Hosie South,48.9071,-125.03701,22/04/2026,0.5,SW,12:40,CBL,10,2,1,pmi,Patiria miniata,Bat star,2,2,,,,,,,,,,,,,,,,,,,,,,,,,,,,,,,,,,,,,,,,,,,,,,,,
1680,Tom Bird,Carter Burtlake,BMSC26,Hosie South,48.9071,-125.03701,22/04/2026,0.5,SW,12:40,CBL,10,2,1,dalb,Dendronotus albus,White frond-aeolis,1,1,,,,,,,,,,,,,,,,,,,,,,,,,,,,,,,,,,,,,,,,,,,,,,,,
1681,Tom Bird,Carter Burtlake,BMSC26,Hosie South,48.9071,-125.03701,22/04/2026,0.5,SW,12:40,CBL,10,2,1,dsa,Diaulula sandiegensis,Ringed doris,1,1,,,,,,,,,,,,,,,,,,,,,,,,,,,,,,,,,,,,,,,,,,,,,,,,
1682,Tom Bird,Carter Burtlake,BMSC26,Hosie South,48.9071,-125.03701,22/04/2026,0.5,SW,12:40,CBL,10,2,1,mfr,Mesocentrotus franciscanus,Red sea urchin,1,1,,,,,,,,,,,,,,,,,,,,,,,,,,,,,,,,,,,,,,,,,,,,,,,,
1683,Tom Bird,Carter Burtlake,BMSC26,Hosie South,48.9071,-125.03701,22/04/2026,0.5,SW,12:40,CBL,10,2,1,clu,Cadlina luteomarginata,Yellow-edge cadlina,1,1,,,,,,,,,,,,,,,,,,,,,,,,,,,,,,,,,,,,,,,,,,,,,,,,
1684,Tom Bird,Carter Burtlake,BMSC26,Hosie South,48.9071,-125.03701,22/04/2026,0.5,SW,12:40,CBL,10,2,1,jzo,Jordania zonope,Longfin sculpin,2,0,,2,,,,,,,,,,,,,,,,,,,,,,,,,,,,,,,,,,,,,,,,,,,,,,
1685,Tom Bird,Carter Burtlake,BMSC26,Hosie South,48.9071,-125.03701,22/04/2026,0.5,SW,12:40,CBL,10,2,1,rni,Rhinogobiops nicholsii,Blackeye goby,7,0,,3,4,,,,,,,,,,,,,,,,,,,,,,,,,,,,,,,,,,,,,,,,,,,,,
1686,Tom Bird,Carter Burtlake,BMSC26,Hosie South,48.9071,-125.03701,22/04/2026,0.5,SW,12:40,CBL,10,2,1,cgi,Crassadoma gigantea,Purple-hinged rock scallop,19,0,,2,3,6,4,3,1,,,,,,,,,,,,,,,,,,,,,,,,,,,,,,,,,,,,,,,,,
1687,Tom Bird,Carter Burtlake,BMSC26,Hosie South,48.9071,-125.03701,22/04/2026,0.5,SW,12:40,CBL,10,0,1,sebastes,Sebastes spp.,,1,0,,,1,,,,,,,,,,,,,,,,,,,,,,,,,,,,,,,,,,,,,,,,,,,,,
1688,Tom Bird,Carter Burtlake,BMSC26,Hosie South,48.9071,-125.03701,22/04/2026,0.5,SW,12:40,CBL,10,0,1,sma,Sebastes maliger,Quillback rockfish,1,0,,,,,,,1,,,,,,,,,,,,,,,,,,,,,,,,,,,,,,,,,,,,,,,,,
1689,Tom Bird,Carter Burtlake,BMSC27,San Jose North Island,48.90118,-125.06043,22/04/2026,1,S,10:10,TB,7,1,2,hde,Hexagrammos decagrammus,Kelp greenling,1,0,,,,,,,,1,,,,,,,,,,,,,,,,,,,,,,,,,,,,,,,,,,,,,,,,
1690,Tom Bird,Carter Burtlake,BMSC27,San Jose North Island,48.90118,-125.06043,22/04/2026,1,S,10:10,TB,7,1,2,rni,Rhinogobiops nicholsii,Blackeye goby,6,0,,4,2,,,,,,,,,,,,,,,,,,,,,,,,,,,,,,,,,,,,,,,,,,,,,
1691,Tom Bird,Carter Burtlake,BMSC27,San Jose North Island,48.90118,-125.06043,22/04/2026,1,S,10:10,TB,7,2,2,mfr,Mesocentrotus franciscanus,Red sea urchin,74,74,,,,,,,,,,,,,,,,,,,,,,,,,,,,,,,,,,,,,,,,,,,,,,,,
1692,Tom Bird,Carter Burtlake,BMSC27,San Jose North Island,48.90118,-125.06043,22/04/2026,1,S,10:10,TB,7,2,2,dim,Dermasterias imbricata,Leather star,12,12,,,,,,,,,,,,,,,,,,,,,,,,,,,,,,,,,,,,,,,,,,,,,,,,
1693,Tom Bird,Carter Burtlake,BMSC27,San Jose North Island,48.90118,-125.06043,22/04/2026,1,S,10:10,TB,7,2,2,cfo,Ceratostoma foliatum,Leafy hornmouth,6,6,,,,,,,,,,,,,,,,,,,,,,,,,,,,,,,,,,,,,,,,,,,,,,,,
1694,Tom Bird,Carter Burtlake,BMSC27,San Jose North Island,48.90118,-125.06043,22/04/2026,1,S,10:10,TB,7,2,2,oko,Orthasterias koehleri,Rainbow star,4,4,,,,,,,,,,,,,,,,,,,,,,,,,,,,,,,,,,,,,,,,,,,,,,,,
1695,Tom Bird,Carter Burtlake,BMSC27,San Jose North Island,48.90118,-125.06043,22/04/2026,1,S,10:10,TB,7,2,2,ami,Acmaea mitra,Whitecap limpet,29,29,,,,,,,,,,,,,,,,,,,,,,,,,,,,,,,,,,,,,,,,,,,,,,,,
1696,Tom Bird,Carter Burtlake,BMSC27,San Jose North Island,48.90118,-125.06043,22/04/2026,1,S,10:10,TB,7,2,2,acal,Apostichopus californicus,Californian sea cucumber,16,16,,,,,,,,,,,,,,,,,,,,,,,,,,,,,,,,,,,,,,,,,,,,,,,,
1697,Tom Bird,Carter Burtlake,BMSC27,San Jose North Island,48.90118,-125.06043,22/04/2026,1,S,10:10,TB,7,2,2,sfo,Stylasterias forreri,Velcro seastar,5,5,,,,,,,,,,,,,,,,,,,,,,,,,,,,,,,,,,,,,,,,,,,,,,,,
1698,Tom Bird,Carter Burtlake,BMSC27,San Jose North Island,48.90118,-125.06043,22/04/2026,1,S,10:10,TB,7,2,2,pgi,Pomaulax gibberosus,Red turban shell,43,43,,,,,,,,,,,,,,,,,,,,,,,,,,,,,,,,,,,,,,,,,,,,,,,,
1699,Tom Bird,Carter Burtlake,BMSC27,San Jose North Island,48.90118,-125.06043,22/04/2026,1,S,10:10,TB,7,2,2,pbe,Pagurus beringanus,Hermit crab,2,2,,,,,,,,,,,,,,,,,,,,,,,,,,,,,,,,,,,,,,,,,,,,,,,,
1700,Tom Bird,Carter Burtlake,BMSC27,San Jose North Island,48.90118,-125.06043,22/04/2026,1,S,10:10,TB,7,2,2,sac,Scyra acutifrons,Sharpnose crab,5,5,,,,,,,,,,,,,,,,,,,,,,,,,,,,,,,,,,,,,,,,,,,,,,,,
1701,Tom Bird,Carter Burtlake,BMSC27,San Jose North Island,48.90118,-125.06043,22/04/2026,1,S,10:10,TB,7,2,2,henricia,Henricia spp.,Unidentified blood star,9,9,,,,,,,,,,,,,,,,,,,,,,,,,,,,,,,,,,,,,,,,,,,,,,,,
1702,Tom Bird,Carter Burtlake,BMSC27,San Jose North Island,48.90118,-125.06043,22/04/2026,1,S,10:10,TB,7,2,2,dsa,Diaulula sandiegensis,Ringed doris,2,2,,,,,,,,,,,,,,,,,,,,,,,,,,,,,,,,,,,,,,,,,,,,,,,,
1703,Tom Bird,Carter Burtlake,BMSC27,San Jose North Island,48.90118,-125.06043,22/04/2026,1,S,10:10,TB,7,2,2,tmo,Triopha modesta,Sea clown,1,1,,,,,,,,,,,,,,,,,,,,,,,,,,,,,,,,,,,,,,,,,,,,,,,,
1704,Tom Bird,Carter Burtlake,BMSC27,San Jose North Island,48.90118,-125.06043,22/04/2026,1,S,10:10,TB,7,2,2,pnob,Peltodoris nobilis,Noble sea lemon,4,4,,,,,,,,,,,,,,,,,,,,,,,,,,,,,,,,,,,,,,,,,,,,,,,,
1705,Tom Bird,Carter Burtlake,BMSC27,San Jose North Island,48.90118,-125.06043,22/04/2026,1,S,10:10,TB,7,2,2,pmi,Patiria miniata,Bat star,7,7,,,,,,,,,,,,,,,,,,,,,,,,,,,,,,,,,,,,,,,,,,,,,,,,
1706,Tom Bird,Carter Burtlake,BMSC27,San Jose North Island,48.90118,-125.06043,22/04/2026,1,S,10:10,TB,7,2,2,etr,Evasterias troschelii,Mottled starfish,2,2,,,,,,,,,,,,,,,,,,,,,,,,,,,,,,,,,,,,,,,,,,,,,,,,
1707,Tom Bird,Carter Burtlake,BMSC27,San Jose North Island,48.90118,-125.06043,22/04/2026,1,S,10:10,TB,7,2,2,pachycheles,Pachycheles spp.,,4,4,,,,,,,,,,,,,,,,,,,,,,,,,,,,,,,,,,,,,,,,,,,,,,,,
1708,Tom Bird,Carter Burtlake,BMSC27,San Jose North Island,48.90118,-125.06043,22/04/2026,1,S,10:10,TB,7,2,2,mae,Mediaster aequalis,Vermillion sea star,1,1,,,,,,,,,,,,,,,,,,,,,,,,,,,,,,,,,,,,,,,,,,,,,,,,
1709,Tom Bird,Carter Burtlake,BMSC27,San Jose North Island,48.90118,-125.06043,22/04/2026,1,S,10:10,TB,7,2,2,eci,Echidnocerus cibarius,Puget sound king crab,1,1,,,,,,,,,,,,,,,,,,,,,,,,,,,,,,,,,,,,,,,,,,,,,,,,
1710,Tom Bird,Carter Burtlake,BMSC27,San Jose North Island,48.90118,-125.06043,22/04/2026,1,S,10:10,TB,7,2,2,pcl,Pholis clemensi,Longfin gunnel,2,0,,,,,1,1,,,,,,,,,,,,,,,,,,,,,,,,,,,,,,,,,,,,,,,,,,
1711,Tom Bird,Carter Burtlake,BMSC27,San Jose North Island,48.90118,-125.06043,22/04/2026,1,S,10:10,TB,7,2,2,cgi,Crassadoma gigantea,Purple-hinged rock scallop,43,0,1,10,8,10,9,5,,,,,,,,,,,,,,,,,,,,,,,,,,,,,,,,,,,,,,,,,,
1712,Tom Bird,Carter Burtlake,BMSC27,San Jose North Island,48.90118,-125.06043,22/04/2026,1,S,10:10,TB,7,2,2,aha,Artedius harringtoni,Scalyhead sculpin,1,0,,1,,,,,,,,,,,,,,,,,,,,,,,,,,,,,,,,,,,,,,,,,,,,,,
1713,Tom Bird,Carter Burtlake,BMSC27,San Jose North Island,48.90118,-125.06043,22/04/2026,1,S,10:10,TB,7,2,2,hka,Haliotis kamtschatkana,Pinto abalone,18,0,,6,8,4,,,,,,,,,,,,,,,,,,,,,,,,,,,,,,,,,,,,,,,,,,,,
1714,Tom Bird,Carter Burtlake,BMSC27,San Jose North Island,48.90118,-125.06043,22/04/2026,1,S,10:10,TB,7,2,2,rni,Rhinogobiops nicholsii,Blackeye goby,37,0,8,13,16,,,,,,,,,,,,,,,,,,,,,,,,,,,,,,,,,,,,,,,,,,,,,
1715,Tom Bird,Carter Burtlake,BMSC27,San Jose North Island,48.90118,-125.06043,22/04/2026,1,S,10:10,TB,7,2,2,phe,Pagurus hemphilli,Maroon hermit,3,3,,,,,,,,,,,,,,,,,,,,,,,,,,,,,,,,,,,,,,,,,,,,,,,,
1716,Tom Bird,Carter Burtlake,BMSC27,San Jose North Island,48.90118,-125.06043,22/04/2026,1,S,10:10,TB,7,0,2,sca,Sebastes caurinus,Copper rockfish,1,0,,,,,,,,,1,,,,,,,,,,,,,,,,,,,,,,,,,,,,,,,,,,,,,,,
1717,Tom Bird,Carter Burtlake,BMSC27,San Jose North Island,48.90118,-125.06043,22/04/2026,1,S,10:10,TB,7,0,2,bolinopsis,Bolinopsis spp.,Unidentified northern comb jelly,1,0,1,,,,,,,,,,,,,,,,,,,,,,,,,,,,,,,,,,,,,,,,,,,,,,,
1718,Tom Bird,Claire Attridge,BMSC17,Wouwer Channel,48.86548,-125.36148,21/04/2026,3,NE,12:28,TB,4.5,1,1,hde,Hexagrammos decagrammus,Kelp greenling,1,0,,,,,,,,1,,,,,,,,,,,,,,,,,,,,,,,,,,,,,,,,,,,,,,,,
1719,Tom Bird,Claire Attridge,BMSC17,Wouwer Channel,48.86548,-125.36148,21/04/2026,3,NE,12:28,TB,4.5,1,1,rni,Rhinogobiops nicholsii,Blackeye goby,10,0,3,5,2,,,,,,,,,,,,,,,,,,,,,,,,,,,,,,,,,,,,,,,,,,,,,
1720,Tom Bird,Claire Attridge,BMSC17,Wouwer Channel,48.86548,-125.36148,21/04/2026,3,NE,12:28,TB,4.5,2,1,pmi,Patiria miniata,Bat star,22,22,,,,,,,,,,,,,,,,,,,,,,,,,,,,,,,,,,,,,,,,,,,,,,,,
1721,Tom Bird,Claire Attridge,BMSC17,Wouwer Channel,48.86548,-125.36148,21/04/2026,3,NE,12:28,TB,4.5,2,1,pgi,Pomaulax gibberosus,Red turban shell,126,126,,,,,,,,,,,,,,,,,,,,,,,,,,,,,,,,,,,,,,,,,,,,,,,,
1722,Tom Bird,Claire Attridge,BMSC17,Wouwer Channel,48.86548,-125.36148,21/04/2026,3,NE,12:28,TB,4.5,2,1,ami,Acmaea mitra,Whitecap limpet,16,16,,,,,,,,,,,,,,,,,,,,,,,,,,,,,,,,,,,,,,,,,,,,,,,,
1723,Tom Bird,Claire Attridge,BMSC17,Wouwer Channel,48.86548,-125.36148,21/04/2026,3,NE,12:28,TB,4.5,2,1,poc,Pisaster ochraceus,Purple sea star,3,3,,,,,,,,,,,,,,,,,,,,,,,,,,,,,,,,,,,,,,,,,,,,,,,,
1724,Tom Bird,Claire Attridge,BMSC17,Wouwer Channel,48.86548,-125.36148,21/04/2026,3,NE,12:28,TB,4.5,2,1,mfr,Mesocentrotus franciscanus,Red sea urchin,142,142,,,,,,,,,,,,,,,,,,,,,,,,,,,,,,,,,,,,,,,,,,,,,,,,
1725,Tom Bird,Claire Attridge,BMSC17,Wouwer Channel,48.86548,-125.36148,21/04/2026,3,NE,12:28,TB,4.5,2,1,phe,Pagurus hemphilli,Maroon hermit,8,8,,,,,,,,,,,,,,,,,,,,,,,,,,,,,,,,,,,,,,,,,,,,,,,,
1726,Tom Bird,Claire Attridge,BMSC17,Wouwer Channel,48.86548,-125.36148,21/04/2026,3,NE,12:28,TB,4.5,2,1,cfo,Ceratostoma foliatum,Leafy hornmouth,3,3,,,,,,,,,,,,,,,,,,,,,,,,,,,,,,,,,,,,,,,,,,,,,,,,
1727,Tom Bird,Claire Attridge,BMSC17,Wouwer Channel,48.86548,-125.36148,21/04/2026,3,NE,12:28,TB,4.5,2,1,das,Diodora aspera,Rough keyhole limpet,5,5,,,,,,,,,,,,,,,,,,,,,,,,,,,,,,,,,,,,,,,,,,,,,,,,
1728,Tom Bird,Claire Attridge,BMSC17,Wouwer Channel,48.86548,-125.36148,21/04/2026,3,NE,12:28,TB,4.5,2,1,sac,Scyra acutifrons,Sharpnose crab,5,5,,,,,,,,,,,,,,,,,,,,,,,,,,,,,,,,,,,,,,,,,,,,,,,,
1729,Tom Bird,Claire Attridge,BMSC17,Wouwer Channel,48.86548,-125.36148,21/04/2026,3,NE,12:28,TB,4.5,2,1,pachycheles,Pachycheles spp.,,12,12,,,,,,,,,,,,,,,,,,,,,,,,,,,,,,,,,,,,,,,,,,,,,,,,
1730,Tom Bird,Claire Attridge,BMSC17,Wouwer Channel,48.86548,-125.36148,21/04/2026,3,NE,12:28,TB,4.5,2,1,dim,Dermasterias imbricata,Leather star,1,1,,,,,,,,,,,,,,,,,,,,,,,,,,,,,,,,,,,,,,,,,,,,,,,,
1731,Tom Bird,Claire Attridge,BMSC17,Wouwer Channel,48.86548,-125.36148,21/04/2026,3,NE,12:28,TB,4.5,2,1,acal,Apostichopus californicus,Californian sea cucumber,8,8,,,,,,,,,,,,,,,,,,,,,,,,,,,,,,,,,,,,,,,,,,,,,,,,
1732,Tom Bird,Claire Attridge,BMSC17,Wouwer Channel,48.86548,-125.36148,21/04/2026,3,NE,12:28,TB,4.5,2,1,aha,Artedius harringtoni,Scalyhead sculpin,4,0,,4,,,,,,,,,,,,,,,,,,,,,,,,,,,,,,,,,,,,,,,,,,,,,,
1733,Tom Bird,Claire Attridge,BMSC17,Wouwer Channel,48.86548,-125.36148,21/04/2026,3,NE,12:28,TB,4.5,2,1,cgi,Crassadoma gigantea,Purple-hinged rock scallop,15,0,,8,4,3,,,,,,,,,,,,,,,,,,,,,,,,,,,,,,,,,,,,,,,,,,,,
1734,Tom Bird,Claire Attridge,BMSC17,Wouwer Channel,48.86548,-125.36148,21/04/2026,3,NE,12:28,TB,4.5,2,1,rni,Rhinogobiops nicholsii,Blackeye goby,26,0,,8,14,4,,,,,,,,,,,,,,,,,,,,,,,,,,,,,,,,,,,,,,,,,,,,
1735,Tom Bird,Claire Attridge,BMSC17,Wouwer Channel,48.86548,-125.36148,21/04/2026,3,NE,12:28,TB,4.5,0,1,hde,Hexagrammos decagrammus,Kelp greenling,1,0,,,,,,,,1,,,,,,,,,,,,,,,,,,,,,,,,,,,,,,,,,,,,,,,,
1736,Tom Bird,Claire Attridge,BMSC17,Wouwer Channel,48.86548,-125.36148,21/04/2026,3,NE,12:28,TB,4.5,0,1,nle,Neverita lewisii,Lewis' Moon snail,1,1,,,,,,,,,,,,,,,,,,,,,,,,,,,,,,,,,,,,,,,,,,,,,,,,
1737,Tom Bird,Carter Burtlake,BMSC14,Effingham Archipelago,48.87908,-125.2974,21/04/2026,2.5,SE,14:45,CBL,7,1,2,rni,Rhinogobiops nicholsii,Blackeye goby,4,0,,3,1,,,,,,,,,,,,,,,,,,,,,,,,,,,,,,,,,,,,,,,,,,,,,
1738,Tom Bird,Carter Burtlake,BMSC14,Effingham Archipelago,48.87908,-125.2974,21/04/2026,2.5,SE,14:45,CBL,7,2,2,mfr,Mesocentrotus franciscanus,Red sea urchin,144,144,,,,,,,,,,,,,,,,,,,,,,,,,,,,,,,,,,,,,,,,,,,,,,,,
1739,Tom Bird,Carter Burtlake,BMSC14,Effingham Archipelago,48.87908,-125.2974,21/04/2026,2.5,SE,14:45,CBL,7,2,2,pgi,Pomaulax gibberosus,Red turban shell,47,47,,,,,,,,,,,,,,,,,,,,,,,,,,,,,,,,,,,,,,,,,,,,,,,,
1740,Tom Bird,Carter Burtlake,BMSC14,Effingham Archipelago,48.87908,-125.2974,21/04/2026,2.5,SE,14:45,CBL,7,2,2,dim,Dermasterias imbricata,Leather star,51,51,,,,,,,,,,,,,,,,,,,,,,,,,,,,,,,,,,,,,,,,,,,,,,,,
1741,Tom Bird,Carter Burtlake,BMSC14,Effingham Archipelago,48.87908,-125.2974,21/04/2026,2.5,SE,14:45,CBL,7,2,2,acal,Apostichopus californicus,Californian sea cucumber,9,9,,,,,,,,,,,,,,,,,,,,,,,,,,,,,,,,,,,,,,,,,,,,,,,,
1742,Tom Bird,Carter Burtlake,BMSC14,Effingham Archipelago,48.87908,-125.2974,21/04/2026,2.5,SE,14:45,CBL,7,2,2,ami,Acmaea mitra,Whitecap limpet,50,50,,,,,,,,,,,,,,,,,,,,,,,,,,,,,,,,,,,,,,,,,,,,,,,,
1743,Tom Bird,Carter Burtlake,BMSC14,Effingham Archipelago,48.87908,-125.2974,21/04/2026,2.5,SE,14:45,CBL,7,2,2,pachycheles,Pachycheles spp.,,8,8,,,,,,,,,,,,,,,,,,,,,,,,,,,,,,,,,,,,,,,,,,,,,,,,
1744,Tom Bird,Carter Burtlake,BMSC14,Effingham Archipelago,48.87908,-125.2974,21/04/2026,2.5,SE,14:45,CBL,7,2,2,phe,Pagurus hemphilli,Maroon hermit,153,153,,,,,,,,,,,,,,,,,,,,,,,,,,,,,,,,,,,,,,,,,,,,,,,,
1745,Tom Bird,Carter Burtlake,BMSC14,Effingham Archipelago,48.87908,-125.2974,21/04/2026,2.5,SE,14:45,CBL,7,2,2,das,Diodora aspera,Rough keyhole limpet,3,3,,,,,,,,,,,,,,,,,,,,,,,,,,,,,,,,,,,,,,,,,,,,,,,,
1746,Tom Bird,Carter Burtlake,BMSC14,Effingham Archipelago,48.87908,-125.2974,21/04/2026,2.5,SE,14:45,CBL,7,2,2,gor,Glebocarcinus oregonensis,Pygmy rock crab,5,5,,,,,,,,,,,,,,,,,,,,,,,,,,,,,,,,,,,,,,,,,,,,,,,,
1747,Tom Bird,Carter Burtlake,BMSC14,Effingham Archipelago,48.87908,-125.2974,21/04/2026,2.5,SE,14:45,CBL,7,2,2,dim,Dermasterias imbricata,Leather star,4,4,,,,,,,,,,,,,,,,,,,,,,,,,,,,,,,,,,,,,,,,,,,,,,,,
1748,Tom Bird,Carter Burtlake,BMSC14,Effingham Archipelago,48.87908,-125.2974,21/04/2026,2.5,SE,14:45,CBL,7,2,2,sac,Scyra acutifrons,Sharpnose crab,8,8,,,,,,,,,,,,,,,,,,,,,,,,,,,,,,,,,,,,,,,,,,,,,,,,
1749,Tom Bird,Carter Burtlake,BMSC14,Effingham Archipelago,48.87908,-125.2974,21/04/2026,2.5,SE,14:45,CBL,7,2,2,cfo,Ceratostoma foliatum,Leafy hornmouth,6,6,,,,,,,,,,,,,,,,,,,,,,,,,,,,,,,,,,,,,,,,,,,,,,,,
1750,Tom Bird,Carter Burtlake,BMSC14,Effingham Archipelago,48.87908,-125.2974,21/04/2026,2.5,SE,14:45,CBL,7,2,2,oko,Orthasterias koehleri,Rainbow star,6,6,,,,,,,,,,,,,,,,,,,,,,,,,,,,,,,,,,,,,,,,,,,,,,,,
1751,Tom Bird,Carter Burtlake,BMSC14,Effingham Archipelago,48.87908,-125.2974,21/04/2026,2.5,SE,14:45,CBL,7,2,2,etr,Evasterias troschelii,Mottled starfish,2,2,,,,,,,,,,,,,,,,,,,,,,,,,,,,,,,,,,,,,,,,,,,,,,,,
1752,Tom Bird,Carter Burtlake,BMSC14,Effingham Archipelago,48.87908,-125.2974,21/04/2026,2.5,SE,14:45,CBL,7,2,2,chlamys,Chlamys spp.,Unidentified scallop,1,1,,,,,,,,,,,,,,,,,,,,,,,,,,,,,,,,,,,,,,,,,,,,,,,,
1753,Tom Bird,Carter Burtlake,BMSC14,Effingham Archipelago,48.87908,-125.2974,21/04/2026,2.5,SE,14:45,CBL,7,2,2,aha,Artedius harringtoni,Scalyhead sculpin,4,0,,4,,,,,,,,,,,,,,,,,,,,,,,,,,,,,,,,,,,,,,,,,,,,,,
1754,Tom Bird,Carter Burtlake,BMSC14,Effingham Archipelago,48.87908,-125.2974,21/04/2026,2.5,SE,14:45,CBL,7,2,2,rni,Rhinogobiops nicholsii,Blackeye goby,14,0,,8,6,,,,,,,,,,,,,,,,,,,,,,,,,,,,,,,,,,,,,,,,,,,,,
1755,Tom Bird,Carter Burtlake,BMSC14,Effingham Archipelago,48.87908,-125.2974,21/04/2026,2.5,SE,14:45,CBL,7,2,2,jzo,Jordania zonope,Longfin sculpin,5,0,,1,4,,,,,,,,,,,,,,,,,,,,,,,,,,,,,,,,,,,,,,,,,,,,,
1756,Tom Bird,Carter Burtlake,BMSC14,Effingham Archipelago,48.87908,-125.2974,21/04/2026,2.5,SE,14:45,CBL,7,2,2,hka,Haliotis kamtschatkana,Pinto abalone,22,0,15,5,2,,,,,,,,,,,,,,,,,,,,,,,,,,,,,,,,,,,,,,,,,,,,,
1757,Tom Bird,Carter Burtlake,BMSC14,Effingham Archipelago,48.87908,-125.2974,21/04/2026,2.5,SE,14:45,CBL,7,2,2,cgi,Crassadoma gigantea,Purple-hinged rock scallop,7,0,,,4,2,,1,,,,,,,,,,,,,,,,,,,,,,,,,,,,,,,,,,,,,,,,,,
1758,Tom Bird,Carter Burtlake,BMSC14,Effingham Archipelago,48.87908,-125.2974,21/04/2026,2.5,SE,14:45,CBL,7,0,2,hde,Hexagrammos decagrammus,Kelp greenling,1,0,,,,,,,,,1,,,,,,,,,,,,,,,,,,,,,,,,,,,,,,,,,,,,,,,
1759,Tom Bird,Carter Burtlake,BMSC14,Effingham Archipelago,48.87908,-125.2974,21/04/2026,2.5,SE,14:45,CBL,7,0,2,sca,Sebastes caurinus,Copper rockfish,1,0,,,,,,,1,,,,,,,,,,,,,,,,,,,,,,,,,,,,,,,,,,,,,,,,,
1760,Tom Bird,Alec Jones,BMSC3,Ohiat,48.85558,-125.18379,23/04/2026,3.5,W,11:21,AJ,5.5,1,2,hde,Hexagrammos decagrammus,Kelp greenling,3,0,,,,,,1,,1,1,,,,,,,,,,,,,,,,,,,,,,,,,,,,,,,,,,,,,,,
1761,Tom Bird,Alec Jones,BMSC3,Ohiat,48.85558,-125.18379,23/04/2026,3.5,W,11:21,AJ,5.5,1,2,sme,Sebastes melanops,Black rockfish,4,0,,,,,,,,1,1,2,,,,,,,,,,,,,,,,,,,,,,,,,,,,,,,,,,,,,,
1762,Tom Bird,Alec Jones,BMSC3,Ohiat,48.85558,-125.18379,23/04/2026,3.5,W,11:21,AJ,5.5,2,2,mfr,Mesocentrotus franciscanus,Red sea urchin,319,319,,,,,,,,,,,,,,,,,,,,,,,,,,,,,,,,,,,,,,,,,,,,,,,,
1763,Tom Bird,Alec Jones,BMSC3,Ohiat,48.85558,-125.18379,23/04/2026,3.5,W,11:21,AJ,5.5,2,2,dim,Dermasterias imbricata,Leather star,18,18,,,,,,,,,,,,,,,,,,,,,,,,,,,,,,,,,,,,,,,,,,,,,,,,
1764,Tom Bird,Alec Jones,BMSC3,Ohiat,48.85558,-125.18379,23/04/2026,3.5,W,11:21,AJ,5.5,2,2,oko,Orthasterias koehleri,Rainbow star,10,10,,,,,,,,,,,,,,,,,,,,,,,,,,,,,,,,,,,,,,,,,,,,,,,,
1765,Tom Bird,Alec Jones,BMSC3,Ohiat,48.85558,-125.18379,23/04/2026,3.5,W,11:21,AJ,5.5,2,2,cfo,Ceratostoma foliatum,Leafy hornmouth,48,48,,,,,,,,,,,,,,,,,,,,,,,,,,,,,,,,,,,,,,,,,,,,,,,,
1766,Tom Bird,Alec Jones,BMSC3,Ohiat,48.85558,-125.18379,23/04/2026,3.5,W,11:21,AJ,5.5,2,2,pgi,Pomaulax gibberosus,Red turban shell,26,26,,,,,,,,,,,,,,,,,,,,,,,,,,,,,,,,,,,,,,,,,,,,,,,,
1767,Tom Bird,Alec Jones,BMSC3,Ohiat,48.85558,-125.18379,23/04/2026,3.5,W,11:21,AJ,5.5,2,2,etr,Evasterias troschelii,Mottled starfish,2,2,,,,,,,,,,,,,,,,,,,,,,,,,,,,,,,,,,,,,,,,,,,,,,,,
1768,Tom Bird,Alec Jones,BMSC3,Ohiat,48.85558,-125.18379,23/04/2026,3.5,W,11:21,AJ,5.5,2,2,pmi,Patiria miniata,Bat star,28,28,,,,,,,,,,,,,,,,,,,,,,,,,,,,,,,,,,,,,,,,,,,,,,,,
1769,Tom Bird,Alec Jones,BMSC3,Ohiat,48.85558,-125.18379,23/04/2026,3.5,W,11:21,AJ,5.5,2,2,ami,Acmaea mitra,Whitecap limpet,10,10,,,,,,,,,,,,,,,,,,,,,,,,,,,,,,,,,,,,,,,,,,,,,,,,
1770,Tom Bird,Alec Jones,BMSC3,Ohiat,48.85558,-125.18379,23/04/2026,3.5,W,11:21,AJ,5.5,2,2,gor,Glebocarcinus oregonensis,Pygmy rock crab,2,2,,,,,,,,,,,,,,,,,,,,,,,,,,,,,,,,,,,,,,,,,,,,,,,,
1771,Tom Bird,Alec Jones,BMSC3,Ohiat,48.85558,-125.18379,23/04/2026,3.5,W,11:21,AJ,5.5,2,2,spur,Strongylocentrotus purpuratus,Purple sea urchin,12,12,,,,,,,,,,,,,,,,,,,,,,,,,,,,,,,,,,,,,,,,,,,,,,,,
1772,Tom Bird,Alec Jones,BMSC3,Ohiat,48.85558,-125.18379,23/04/2026,3.5,W,11:21,AJ,5.5,2,2,acal,Apostichopus californicus,Californian sea cucumber,23,23,,,,,,,,,,,,,,,,,,,,,,,,,,,,,,,,,,,,,,,,,,,,,,,,
1773,Tom Bird,Alec Jones,BMSC3,Ohiat,48.85558,-125.18379,23/04/2026,3.5,W,11:21,AJ,5.5,2,2,poc,Pisaster ochraceus,Purple sea star,1,1,,,,,,,,,,,,,,,,,,,,,,,,,,,,,,,,,,,,,,,,,,,,,,,,
1774,Tom Bird,Alec Jones,BMSC3,Ohiat,48.85558,-125.18379,23/04/2026,3.5,W,11:21,AJ,5.5,2,2,sac,Scyra acutifrons,Sharpnose crab,6,6,,,,,,,,,,,,,,,,,,,,,,,,,,,,,,,,,,,,,,,,,,,,,,,,
1775,Tom Bird,Alec Jones,BMSC3,Ohiat,48.85558,-125.18379,23/04/2026,3.5,W,11:21,AJ,5.5,2,2,das,Diodora aspera,Rough keyhole limpet,5,5,,,,,,,,,,,,,,,,,,,,,,,,,,,,,,,,,,,,,,,,,,,,,,,,
1776,Tom Bird,Alec Jones,BMSC3,Ohiat,48.85558,-125.18379,23/04/2026,3.5,W,11:21,AJ,5.5,2,2,phe,Pagurus hemphilli,Maroon hermit,5,5,,,,,,,,,,,,,,,,,,,,,,,,,,,,,,,,,,,,,,,,,,,,,,,,
1777,Tom Bird,Alec Jones,BMSC3,Ohiat,48.85558,-125.18379,23/04/2026,3.5,W,11:21,AJ,5.5,2,2,chlamys,Chlamys spp.,Unidentified scallop,3,3,,,,,,,,,,,,,,,,,,,,,,,,,,,,,,,,,,,,,,,,,,,,,,,,
1778,Tom Bird,Alec Jones,BMSC3,Ohiat,48.85558,-125.18379,23/04/2026,3.5,W,11:21,AJ,5.5,2,2,sdr,Strongylocentrotus droebachiensis,Northern sea urchin,1,1,,,,,,,,,,,,,,,,,,,,,,,,,,,,,,,,,,,,,,,,,,,,,,,,
1779,Tom Bird,Alec Jones,BMSC3,Ohiat,48.85558,-125.18379,23/04/2026,3.5,W,11:21,AJ,5.5,2,2,pbe,Pagurus beringanus,Hermit crab,2,2,,,,,,,,,,,,,,,,,,,,,,,,,,,,,,,,,,,,,,,,,,,,,,,,
1780,Tom Bird,Alec Jones,BMSC3,Ohiat,48.85558,-125.18379,23/04/2026,3.5,W,11:21,AJ,5.5,2,2,henricia,Henricia spp.,Unidentified blood star,5,5,,,,,,,,,,,,,,,,,,,,,,,,,,,,,,,,,,,,,,,,,,,,,,,,
1781,Tom Bird,Alec Jones,BMSC3,Ohiat,48.85558,-125.18379,23/04/2026,3.5,W,11:21,AJ,5.5,2,2,pachycheles,Pachycheles spp.,,2,2,,,,,,,,,,,,,,,,,,,,,,,,,,,,,,,,,,,,,,,,,,,,,,,,
1782,Tom Bird,Alec Jones,BMSC3,Ohiat,48.85558,-125.18379,23/04/2026,3.5,W,11:21,AJ,5.5,2,2,hermit,Paguroidea spp.,Unidentified hermit crab,1,1,,,,,,,,,,,,,,,,,,,,,,,,,,,,,,,,,,,,,,,,,,,,,,,,
1783,Tom Bird,Alec Jones,BMSC3,Ohiat,48.85558,-125.18379,23/04/2026,3.5,W,11:21,AJ,5.5,2,2,aha,Artedius harringtoni,Scalyhead sculpin,7,0,,5,2,,,,,,,,,,,,,,,,,,,,,,,,,,,,,,,,,,,,,,,,,,,,,
1784,Tom Bird,Alec Jones,BMSC3,Ohiat,48.85558,-125.18379,23/04/2026,3.5,W,11:21,AJ,5.5,2,2,hka,Haliotis kamtschatkana,Pinto abalone,31,0,,11,14,6,,,,,,,,,,,,,,,,,,,,,,,,,,,,,,,,,,,,,,,,,,,,
1785,Tom Bird,Alec Jones,BMSC3,Ohiat,48.85558,-125.18379,23/04/2026,3.5,W,11:21,AJ,5.5,2,2,cgi,Crassadoma gigantea,Purple-hinged rock scallop,17,0,,4,6,4,3,,,,,,,,,,,,,,,,,,,,,,,,,,,,,,,,,,,,,,,,,,,
1786,Tom Bird,Alec Jones,BMSC24,Swiss Boy,48.91607,-125.13117,24/04/2026,2.5,NE,10:16,AJ,6.5,1,1,hde,Hexagrammos decagrammus,Kelp greenling,5,0,,,,1,,1,1,1,,1,,,,,,,,,,,,,,,,,,,,,,,,,,,,,,,,,,,,,,
1787,Tom Bird,Alec Jones,BMSC24,Swiss Boy,48.91607,-125.13117,24/04/2026,2.5,NE,10:16,AJ,6.5,1,1,sme,Sebastes melanops,Black rockfish,2,0,,,,,,,,,1,1,,,,,,,,,,,,,,,,,,,,,,,,,,,,,,,,,,,,,,
1788,Tom Bird,Alec Jones,BMSC24,Swiss Boy,48.91607,-125.13117,24/04/2026,2.5,NE,10:16,AJ,6.5,1,1,aha,Artedius harringtoni,Scalyhead sculpin,1,0,,1,,,,,,,,,,,,,,,,,,,,,,,,,,,,,,,,,,,,,,,,,,,,,,
1789,Tom Bird,Alec Jones,BMSC24,Swiss Boy,48.91607,-125.13117,24/04/2026,2.5,NE,10:16,AJ,6.5,1,1,bfr,Brachyistius frenatus,Kelp perch,3,0,,,3,,,,,,,,,,,,,,,,,,,,,,,,,,,,,,,,,,,,,,,,,,,,,
1790,Tom Bird,Alec Jones,BMSC24,Swiss Boy,48.91607,-125.13117,24/04/2026,2.5,NE,10:16,AJ,6.5,2,2,mfr,Mesocentrotus franciscanus,Red sea urchin,103,103,,,,,,,,,,,,,,,,,,,,,,,,,,,,,,,,,,,,,,,,,,,,,,,,
1791,Tom Bird,Alec Jones,BMSC24,Swiss Boy,48.91607,-125.13117,24/04/2026,2.5,NE,10:16,AJ,6.5,2,2,dim,Dermasterias imbricata,Leather star,14,14,,,,,,,,,,,,,,,,,,,,,,,,,,,,,,,,,,,,,,,,,,,,,,,,
1792,Tom Bird,Alec Jones,BMSC24,Swiss Boy,48.91607,-125.13117,24/04/2026,2.5,NE,10:16,AJ,6.5,2,2,henricia,Henricia spp.,Unidentified blood star,11,11,,,,,,,,,,,,,,,,,,,,,,,,,,,,,,,,,,,,,,,,,,,,,,,,
1793,Tom Bird,Alec Jones,BMSC24,Swiss Boy,48.91607,-125.13117,24/04/2026,2.5,NE,10:16,AJ,6.5,2,2,oko,Orthasterias koehleri,Rainbow star,7,7,,,,,,,,,,,,,,,,,,,,,,,,,,,,,,,,,,,,,,,,,,,,,,,,
1794,Tom Bird,Alec Jones,BMSC24,Swiss Boy,48.91607,-125.13117,24/04/2026,2.5,NE,10:16,AJ,6.5,2,2,pmi,Patiria miniata,Bat star,20,20,,,,,,,,,,,,,,,,,,,,,,,,,,,,,,,,,,,,,,,,,,,,,,,,
1795,Tom Bird,Alec Jones,BMSC24,Swiss Boy,48.91607,-125.13117,24/04/2026,2.5,NE,10:16,AJ,6.5,2,2,sac,Scyra acutifrons,Sharpnose crab,4,4,,,,,,,,,,,,,,,,,,,,,,,,,,,,,,,,,,,,,,,,,,,,,,,,
1796,Tom Bird,Alec Jones,BMSC24,Swiss Boy,48.91607,-125.13117,24/04/2026,2.5,NE,10:16,AJ,6.5,2,2,phe,Pagurus hemphilli,Maroon hermit,6,6,,,,,,,,,,,,,,,,,,,,,,,,,,,,,,,,,,,,,,,,,,,,,,,,
1797,Tom Bird,Alec Jones,BMSC24,Swiss Boy,48.91607,-125.13117,24/04/2026,2.5,NE,10:16,AJ,6.5,2,2,sdr,Strongylocentrotus droebachiensis,Northern sea urchin,5,5,,,,,,,,,,,,,,,,,,,,,,,,,,,,,,,,,,,,,,,,,,,,,,,,
1798,Tom Bird,Alec Jones,BMSC24,Swiss Boy,48.91607,-125.13117,24/04/2026,2.5,NE,10:16,AJ,6.5,2,2,spur,Strongylocentrotus purpuratus,Purple sea urchin,23,23,,,,,,,,,,,,,,,,,,,,,,,,,,,,,,,,,,,,,,,,,,,,,,,,
1799,Tom Bird,Alec Jones,BMSC24,Swiss Boy,48.91607,-125.13117,24/04/2026,2.5,NE,10:16,AJ,6.5,2,2,hermit,Paguroidea spp.,Unidentified hermit crab,3,3,,,,,,,,,,,,,,,,,,,,,,,,,,,,,,,,,,,,,,,,,,,,,,,,
1800,Tom Bird,Alec Jones,BMSC24,Swiss Boy,48.91607,-125.13117,24/04/2026,2.5,NE,10:16,AJ,6.5,2,2,cfo,Ceratostoma foliatum,Leafy hornmouth,23,23,,,,,,,,,,,,,,,,,,,,,,,,,,,,,,,,,,,,,,,,,,,,,,,,
1801,Tom Bird,Alec Jones,BMSC24,Swiss Boy,48.91607,-125.13117,24/04/2026,2.5,NE,10:16,AJ,6.5,2,2,ami,Acmaea mitra,Whitecap limpet,23,23,,,,,,,,,,,,,,,,,,,,,,,,,,,,,,,,,,,,,,,,,,,,,,,,
1802,Tom Bird,Alec Jones,BMSC24,Swiss Boy,48.91607,-125.13117,24/04/2026,2.5,NE,10:16,AJ,6.5,2,2,pgi,Pomaulax gibberosus,Red turban shell,10,10,,,,,,,,,,,,,,,,,,,,,,,,,,,,,,,,,,,,,,,,,,,,,,,,
1803,Tom Bird,Alec Jones,BMSC24,Swiss Boy,48.91607,-125.13117,24/04/2026,2.5,NE,10:16,AJ,6.5,2,2,hcr,Hermissenda crassicornis,Opalescent nudibranch,2,2,,,,,,,,,,,,,,,,,,,,,,,,,,,,,,,,,,,,,,,,,,,,,,,,
1804,Tom Bird,Alec Jones,BMSC24,Swiss Boy,48.91607,-125.13117,24/04/2026,2.5,NE,10:16,AJ,6.5,2,2,nla,Nucella lamellosa,Frilled dogwinkle,1,1,,,,,,,,,,,,,,,,,,,,,,,,,,,,,,,,,,,,,,,,,,,,,,,,
1805,Tom Bird,Alec Jones,BMSC24,Swiss Boy,48.91607,-125.13117,24/04/2026,2.5,NE,10:16,AJ,6.5,2,2,chlamys,Chlamys spp.,Unidentified scallop,1,1,,,,,,,,,,,,,,,,,,,,,,,,,,,,,,,,,,,,,,,,,,,,,,,,
1806,Tom Bird,Alec Jones,BMSC24,Swiss Boy,48.91607,-125.13117,24/04/2026,2.5,NE,10:16,AJ,6.5,2,2,jzo,Jordania zonope,Longfin sculpin,5,0,,4,1,,,,,,,,,,,,,,,,,,,,,,,,,,,,,,,,,,,,,,,,,,,,,
1807,Tom Bird,Alec Jones,BMSC24,Swiss Boy,48.91607,-125.13117,24/04/2026,2.5,NE,10:16,AJ,6.5,2,2,cgi,Crassadoma gigantea,Purple-hinged rock scallop,2,0,,,1,,1,,,,,,,,,,,,,,,,,,,,,,,,,,,,,,,,,,,,,,,,,,,
1808,Tom Bird,Alec Jones,BMSC24,Swiss Boy,48.91607,-125.13117,24/04/2026,2.5,NE,10:16,AJ,6.5,2,2,hka,Haliotis kamtschatkana,Pinto abalone,50,0,22,17,10,1,,,,,,,,,,,,,,,,,,,,,,,,,,,,,,,,,,,,,,,,,,,,
1809,Tom Bird,Alec Jones,BMSC24,Swiss Boy,48.91607,-125.13117,24/04/2026,2.5,NE,10:16,AJ,6.5,2,2,aha,Artedius harringtoni,Scalyhead sculpin,4,0,4,,,,,,,,,,,,,,,,,,,,,,,,,,,,,,,,,,,,,,,,,,,,,,,
1810,Tom Bird,Alec Jones,BMSC24,Swiss Boy,48.91607,-125.13117,24/04/2026,2.5,NE,10:16,AJ,6.5,2,2,acal,Apostichopus californicus,Californian sea cucumber,21,21,,,,,,,,,,,,,,,,,,,,,,,,,,,,,,,,,,,,,,,,,,,,,,,,
1811,Tom Bird,Alec Jones,BMSC24,Swiss Boy,48.91607,-125.13117,24/04/2026,2.5,NE,10:16,AJ,6.5,2,2,poc,Pisaster ochraceus,Purple sea star,75,75,,,,,,,,,,,,,,,,,,,,,,,,,,,,,,,,,,,,,,,,,,,,,,,,
1812,Tom Bird,Alec Jones,BMSC24,Swiss Boy,48.91607,-125.13117,24/04/2026,2.5,NE,10:16,AJ,6.5,2,2,gor,Glebocarcinus oregonensis,Pygmy rock crab,1,1,,,,,,,,,,,,,,,,,,,,,,,,,,,,,,,,,,,,,,,,,,,,,,,,
1813,Hannah Schriber,Tom Bird,BMSC25,Goby Town,48.83859,-125.13501,13/04/2026,1.5,NW,13:40,TB,5.7,1,1,rni,Rhinogobiops nicholsii,Blackeye goby,7,0,,4,3,,,,,,,,,,,,,,,,,,,,,,,,,,,,,,,,,,,,,,,,,,,,,
1814,Hannah Schriber,Tom Bird,BMSC25,Goby Town,48.83859,-125.13501,13/04/2026,1.5,NW,13:40,TB,5.7,2,1,pmi,Patiria miniata,Bat star,27,27,,,,,,,,,,,,,,,,,,,,,,,,,,,,,,,,,,,,,,,,,,,,,,,,
1815,Hannah Schriber,Tom Bird,BMSC25,Goby Town,48.83859,-125.13501,13/04/2026,1.5,NW,13:40,TB,5.7,2,1,pgi,Pomaulax gibberosus,Red turban shell,29,29,,,,,,,,,,,,,,,,,,,,,,,,,,,,,,,,,,,,,,,,,,,,,,,,
1816,Hannah Schriber,Tom Bird,BMSC25,Goby Town,48.83859,-125.13501,13/04/2026,1.5,NW,13:40,TB,5.7,2,1,acal,Apostichopus californicus,Californian sea cucumber,34,34,,,,,,,,,,,,,,,,,,,,,,,,,,,,,,,,,,,,,,,,,,,,,,,,
1817,Hannah Schriber,Tom Bird,BMSC25,Goby Town,48.83859,-125.13501,13/04/2026,1.5,NW,13:40,TB,5.7,2,1,mfr,Mesocentrotus franciscanus,Red sea urchin,101,101,,,,,,,,,,,,,,,,,,,,,,,,,,,,,,,,,,,,,,,,,,,,,,,,
1818,Hannah Schriber,Tom Bird,BMSC25,Goby Town,48.83859,-125.13501,13/04/2026,1.5,NW,13:40,TB,5.7,2,1,rni,Rhinogobiops nicholsii,Blackeye goby,56,0,5,25,22,4,,,,,,,,,,,,,,,,,,,,,,,,,,,,,,,,,,,,,,,,,,,,
1819,Hannah Schriber,Tom Bird,BMSC25,Goby Town,48.83859,-125.13501,13/04/2026,1.5,NW,13:40,TB,5.7,2,1,hka,Haliotis kamtschatkana,Pinto abalone,8,0,3,1,3,1,,,,,,,,,,,,,,,,,,,,,,,,,,,,,,,,,,,,,,,,,,,,
1820,Hannah Schriber,Tom Bird,BMSC25,Goby Town,48.83859,-125.13501,13/04/2026,1.5,NW,13:40,TB,5.7,2,1,dmo,Doris montereyensis,Monterey sea lemon,1,1,,,,,,,,,,,,,,,,,,,,,,,,,,,,,,,,,,,,,,,,,,,,,,,,
1821,Hannah Schriber,Tom Bird,BMSC25,Goby Town,48.83859,-125.13501,13/04/2026,1.5,NW,13:40,TB,5.7,2,1,ami,Acmaea mitra,Whitecap limpet,22,22,,,,,,,,,,,,,,,,,,,,,,,,,,,,,,,,,,,,,,,,,,,,,,,,
1822,Hannah Schriber,Tom Bird,BMSC25,Goby Town,48.83859,-125.13501,13/04/2026,1.5,NW,13:40,TB,5.7,2,1,oko,Orthasterias koehleri,Rainbow star,5,5,,,,,,,,,,,,,,,,,,,,,,,,,,,,,,,,,,,,,,,,,,,,,,,,
1823,Hannah Schriber,Tom Bird,BMSC25,Goby Town,48.83859,-125.13501,13/04/2026,1.5,NW,13:40,TB,5.7,2,1,dim,Dermasterias imbricata,Leather star,8,8,,,,,,,,,,,,,,,,,,,,,,,,,,,,,,,,,,,,,,,,,,,,,,,,
1824,Hannah Schriber,Tom Bird,BMSC25,Goby Town,48.83859,-125.13501,13/04/2026,1.5,NW,13:40,TB,5.7,2,1,cfo,Ceratostoma foliatum,Leafy hornmouth,11,11,,,,,,,,,,,,,,,,,,,,,,,,,,,,,,,,,,,,,,,,,,,,,,,,
1825,Hannah Schriber,Tom Bird,BMSC25,Goby Town,48.83859,-125.13501,13/04/2026,1.5,NW,13:40,TB,5.7,2,1,cgi,Crassadoma gigantea,Purple-hinged rock scallop,11,0,,2,4,1,2,2,,,,,,,,,,,,,,,,,,,,,,,,,,,,,,,,,,,,,,,,,,
1826,Hannah Schriber,Tom Bird,BMSC25,Goby Town,48.83859,-125.13501,13/04/2026,1.5,NW,13:40,TB,5.7,2,1,phe,Pagurus hemphilli,Maroon hermit,2,2,,,,,,,,,,,,,,,,,,,,,,,,,,,,,,,,,,,,,,,,,,,,,,,,
1827,Hannah Schriber,Tom Bird,BMSC25,Goby Town,48.83859,-125.13501,13/04/2026,1.5,NW,13:40,TB,5.7,2,1,henricia,Henricia spp.,Unidentified blood star,2,2,,,,,,,,,,,,,,,,,,,,,,,,,,,,,,,,,,,,,,,,,,,,,,,,
1828,Hannah Schriber,Tom Bird,BMSC25,Goby Town,48.83859,-125.13501,13/04/2026,1.5,NW,13:40,TB,5.7,2,1,scyra,Scyra spp.,crab,1,1,,,,,,,,,,,,,,,,,,,,,,,,,,,,,,,,,,,,,,,,,,,,,,,,
1829,Hannah Schriber,Tom Bird,BMSC25,Goby Town,48.83859,-125.13501,13/04/2026,1.5,NW,13:40,TB,5.7,2,1,dsa,Diaulula sandiegensis,Ringed doris,1,1,,,,,,,,,,,,,,,,,,,,,,,,,,,,,,,,,,,,,,,,,,,,,,,,
1830,Hannah Schriber,Tom Bird,BMSC25,Goby Town,48.83859,-125.13501,13/04/2026,1.5,NW,13:40,TB,5.7,2,1,das,Diodora aspera,Rough keyhole limpet,4,4,,,,,,,,,,,,,,,,,,,,,,,,,,,,,,,,,,,,,,,,,,,,,,,,
1831,Hannah Schriber,Tom Bird,BMSC25,Goby Town,48.83859,-125.13501,13/04/2026,1.5,NW,13:40,TB,5.7,0,1,sebastes,Sebastes spp.,,1,0,,,,,,,1,,,,,,,,,,,,,,,,,,,,,,,,,,,,,,,,,,,,,,,,,
1832,Hannah Schriber,Tom Bird,BMSC25,Goby Town,48.83859,-125.13501,13/04/2026,1.5,NW,13:40,TB,5.7,0,1,pbr,Pisaster brevispinus,Giant pink sea star,1,1,,,,,,,,,,,,,,,,,,,,,,,,,,,,,,,,,,,,,,,,,,,,,,,,
1833,Hannah Schriber,Tom Bird,BMSC25,Goby Town,48.83859,-125.13501,13/04/2026,1.5,NW,13:40,TB,5.7,0,1,cpr,Cancer productus,Red rock crab,1,1,,,,,,,,,,,,,,,,,,,,,,,,,,,,,,,,,,,,,,,,,,,,,,,,
1834,Hannah Schriber,Carter Burtlake,BMSC5,Taylor Rock,48.82733,-125.1966,15/04/2026,2,W,9:45,HS,6.2,1,1,hde,Hexagrammos decagrammus,Kelp greenling,4,0,,,,,,1,,1,1,1,,,,,,,,,,,,,,,,,,,,,,,,,,,,,,,,,,,,,,
1835,Hannah Schriber,Carter Burtlake,BMSC5,Taylor Rock,48.82733,-125.1966,15/04/2026,2,W,9:45,HS,6.2,1,1,opi,Oxylebius pictus,Painted greenling,1,0,,,,,,,1,,,,,,,,,,,,,,,,,,,,,,,,,,,,,,,,,,,,,,,,,
1836,Hannah Schriber,Carter Burtlake,BMSC5,Taylor Rock,48.82733,-125.1966,15/04/2026,2,W,9:45,HS,6.2,2,1,mfr,Mesocentrotus franciscanus,Red sea urchin,311,311,,,,,,,,,,,,,,,,,,,,,,,,,,,,,,,,,,,,,,,,,,,,,,,,
1837,Hannah Schriber,Carter Burtlake,BMSC5,Taylor Rock,48.82733,-125.1966,15/04/2026,2,W,9:45,HS,6.2,2,1,acal,Apostichopus californicus,Californian sea cucumber,26,26,,,,,,,,,,,,,,,,,,,,,,,,,,,,,,,,,,,,,,,,,,,,,,,,
1838,Hannah Schriber,Carter Burtlake,BMSC5,Taylor Rock,48.82733,-125.1966,15/04/2026,2,W,9:45,HS,6.2,2,1,dim,Dermasterias imbricata,Leather star,14,14,,,,,,,,,,,,,,,,,,,,,,,,,,,,,,,,,,,,,,,,,,,,,,,,
1839,Hannah Schriber,Carter Burtlake,BMSC5,Taylor Rock,48.82733,-125.1966,15/04/2026,2,W,9:45,HS,6.2,2,1,clu,Cadlina luteomarginata,Yellow-edge cadlina,2,2,,,,,,,,,,,,,,,,,,,,,,,,,,,,,,,,,,,,,,,,,,,,,,,,
1840,Hannah Schriber,Carter Burtlake,BMSC5,Taylor Rock,48.82733,-125.1966,15/04/2026,2,W,9:45,HS,6.2,2,1,henricia,Henricia spp.,Unidentified blood star,2,2,,,,,,,,,,,,,,,,,,,,,,,,,,,,,,,,,,,,,,,,,,,,,,,,
1841,Hannah Schriber,Carter Burtlake,BMSC5,Taylor Rock,48.82733,-125.1966,15/04/2026,2,W,9:45,HS,6.2,2,1,hka,Haliotis kamtschatkana,Pinto abalone,11,0,,5,5,1,,,,,,,,,,,,,,,,,,,,,,,,,,,,,,,,,,,,,,,,,,,,
1842,Hannah Schriber,Carter Burtlake,BMSC5,Taylor Rock,48.82733,-125.1966,15/04/2026,2,W,9:45,HS,6.2,2,1,prud,Pachycheles rudis,Thickclaw porcelain crab,5,5,,,,,,,,,,,,,,,,,,,,,,,,,,,,,,,,,,,,,,,,,,,,,,,,
1843,Hannah Schriber,Carter Burtlake,BMSC5,Taylor Rock,48.82733,-125.1966,15/04/2026,2,W,9:45,HS,6.2,2,1,cgi,Crassadoma gigantea,Purple-hinged rock scallop,14,0,1,3,3,3,2,2,,,,,,,,,,,,,,,,,,,,,,,,,,,,,,,,,,,,,,,,,,
1844,Hannah Schriber,Carter Burtlake,BMSC5,Taylor Rock,48.82733,-125.1966,15/04/2026,2,W,9:45,HS,6.2,2,1,rni,Rhinogobiops nicholsii,Blackeye goby,10,0,,4,2,4,,,,,,,,,,,,,,,,,,,,,,,,,,,,,,,,,,,,,,,,,,,,
1845,Hannah Schriber,Carter Burtlake,BMSC5,Taylor Rock,48.82733,-125.1966,15/04/2026,2,W,9:45,HS,6.2,2,1,phe,Pagurus hemphilli,Maroon hermit,10,10,,,,,,,,,,,,,,,,,,,,,,,,,,,,,,,,,,,,,,,,,,,,,,,,
1846,Hannah Schriber,Carter Burtlake,BMSC5,Taylor Rock,48.82733,-125.1966,15/04/2026,2,W,9:45,HS,6.2,2,1,pgi,Pomaulax gibberosus,Red turban shell,41,41,,,,,,,,,,,,,,,,,,,,,,,,,,,,,,,,,,,,,,,,,,,,,,,,
1847,Hannah Schriber,Carter Burtlake,BMSC5,Taylor Rock,48.82733,-125.1966,15/04/2026,2,W,9:45,HS,6.2,2,1,oko,Orthasterias koehleri,Rainbow star,4,4,,,,,,,,,,,,,,,,,,,,,,,,,,,,,,,,,,,,,,,,,,,,,,,,
1848,Hannah Schriber,Carter Burtlake,BMSC5,Taylor Rock,48.82733,-125.1966,15/04/2026,2,W,9:45,HS,6.2,2,1,cfo,Ceratostoma foliatum,Leafy hornmouth,29,29,,,,,,,,,,,,,,,,,,,,,,,,,,,,,,,,,,,,,,,,,,,,,,,,
1849,Hannah Schriber,Carter Burtlake,BMSC5,Taylor Rock,48.82733,-125.1966,15/04/2026,2,W,9:45,HS,6.2,2,1,pmi,Patiria miniata,Bat star,24,24,,,,,,,,,,,,,,,,,,,,,,,,,,,,,,,,,,,,,,,,,,,,,,,,
1850,Hannah Schriber,Carter Burtlake,BMSC5,Taylor Rock,48.82733,-125.1966,15/04/2026,2,W,9:45,HS,6.2,2,1,dal,Dirona albolineata,White-line dirona,1,1,,,,,,,,,,,,,,,,,,,,,,,,,,,,,,,,,,,,,,,,,,,,,,,,
1851,Hannah Schriber,Carter Burtlake,BMSC5,Taylor Rock,48.82733,-125.1966,15/04/2026,2,W,9:45,HS,6.2,2,1,ppu,Pachycheles pubescens,Porcelain crab,1,1,,,,,,,,,,,,,,,,,,,,,,,,,,,,,,,,,,,,,,,,,,,,,,,,
1852,Hannah Schriber,Carter Burtlake,BMSC5,Taylor Rock,48.82733,-125.1966,15/04/2026,2,W,9:45,HS,6.2,2,1,jzo,Jordania zonope,Longfin sculpin,4,0,,,3,1,,,,,,,,,,,,,,,,,,,,,,,,,,,,,,,,,,,,,,,,,,,,
1853,Hannah Schriber,Carter Burtlake,BMSC5,Taylor Rock,48.82733,-125.1966,15/04/2026,2,W,9:45,HS,6.2,2,1,gor,Glebocarcinus oregonensis,Pygmy rock crab,1,1,,,,,,,,,,,,,,,,,,,,,,,,,,,,,,,,,,,,,,,,,,,,,,,,
1854,Hannah Schriber,Carter Burtlake,BMSC5,Taylor Rock,48.82733,-125.1966,15/04/2026,2,W,9:45,HS,6.2,2,1,scyra,Scyra spp.,crab,2,2,,,,,,,,,,,,,,,,,,,,,,,,,,,,,,,,,,,,,,,,,,,,,,,,
1855,Hannah Schriber,Carter Burtlake,BMSC5,Taylor Rock,48.82733,-125.1966,15/04/2026,2,W,9:45,HS,6.2,2,1,das,Diodora aspera,Rough keyhole limpet,2,2,,,,,,,,,,,,,,,,,,,,,,,,,,,,,,,,,,,,,,,,,,,,,,,,
1856,Hannah Schriber,Carter Burtlake,BMSC5,Taylor Rock,48.82733,-125.1966,15/04/2026,2,W,9:45,HS,6.2,2,1,ami,Acmaea mitra,Whitecap limpet,3,3,,,,,,,,,,,,,,,,,,,,,,,,,,,,,,,,,,,,,,,,,,,,,,,,
1857,Hannah Schriber,Carter Burtlake,BMSC5,Taylor Rock,48.82733,-125.1966,15/04/2026,2,W,9:45,HS,6.2,2,1,poc,Pisaster ochraceus,Purple sea star,3,3,,,,,,,,,,,,,,,,,,,,,,,,,,,,,,,,,,,,,,,,,,,,,,,,
1858,Hannah Schriber,Carter Burtlake,BMSC5,Taylor Rock,48.82733,-125.1966,15/04/2026,2,W,9:45,HS,6.2,2,1,hsp,Hemilepidotus spinosus,Brown Irish lord,1,0,,,,1,,,,,,,,,,,,,,,,,,,,,,,,,,,,,,,,,,,,,,,,,,,,
1859,Hannah Schriber,Carter Burtlake,BMSC5,Taylor Rock,48.82733,-125.1966,15/04/2026,2,W,9:45,HS,6.2,2,1,spur,Strongylocentrotus purpuratus,Purple sea urchin,2,2,,,,,,,,,,,,,,,,,,,,,,,,,,,,,,,,,,,,,,,,,,,,,,,,
1860,Hannah Schriber,Carter Burtlake,BMSC5,Taylor Rock,48.82733,-125.1966,15/04/2026,2,W,9:45,HS,6.2,2,1,hcr,Hermissenda crassicornis,Opalescent nudibranch,2,2,,,,,,,,,,,,,,,,,,,,,,,,,,,,,,,,,,,,,,,,,,,,,,,,
1861,Hannah Schriber,Carter Burtlake,BMSC5,Taylor Rock,48.82733,-125.1966,15/04/2026,2,W,9:45,HS,6.2,0,1,sne,Sebastes nebulosus,China rockfish,1,0,,,,,,,1,,,,,,,,,,,,,,,,,,,,,,,,,,,,,,,,,,,,,,,,,
1862,Hannah Schriber,Carter Burtlake,BMSC5,Taylor Rock,48.82733,-125.1966,15/04/2026,2,W,9:45,HS,6.2,0,1,sebastes,Sebastes spp.,,1,0,,,,,,1,,,,,,,,,,,,,,,,,,,,,,,,,,,,,,,,,,,,,,,,,,
1863,Hannah Schriber,Carter Burtlake,BMSC5,Taylor Rock,48.82733,-125.1966,15/04/2026,2,W,9:45,HS,6.2,0,1,nla,Nucella lamellosa,Frilled dogwinkle,4,4,,,,,,,,,,,,,,,,,,,,,,,,,,,,,,,,,,,,,,,,,,,,,,,,
1864,Hannah Schriber,Carter Burtlake,BMSC5,Taylor Rock,48.82733,-125.1966,15/04/2026,2,W,9:45,HS,6.2,0,1,ctr,Coryphella trilineata,Three-lined aeolid,1,1,,,,,,,,,,,,,,,,,,,,,,,,,,,,,,,,,,,,,,,,,,,,,,,,
1865,Hannah Schriber,Carter Burtlake,BMSC5,Taylor Rock,48.82733,-125.1966,15/04/2026,2,W,9:45,HS,6.2,0,1,aha,Artedius harringtoni,Scalyhead sculpin,3,0,3,,,,,,,,,,,,,,,,,,,,,,,,,,,,,,,,,,,,,,,,,,,,,,,
1866,Hannah Schriber,Carter Burtlake,BMSC5,Taylor Rock,48.82733,-125.1966,15/04/2026,2,W,9:45,HS,6.2,0,1,phel,Pycnopodia helianthoides,Sunflower star,1,0,,,,,,,,1,,,,,,,,,,,,,,,,,,,,,,,,,,,,,,,,,,,,,,,,
1867,Hannah Schriber,Carter Burtlake,BMSC5,Taylor Rock,48.82733,-125.1966,15/04/2026,2,W,9:45,HS,6.2,0,1,sfo,Stylasterias forreri,Velcro seastar,1,1,,,,,,,,,,,,,,,,,,,,,,,,,,,,,,,,,,,,,,,,,,,,,,,,
1868,Hannah Schriber,Carter Burtlake,BMSC1,Dodger Channel,48.8289,-125.19757,15/04/2026,1.5,NE,12:10,HS,7,1,2,hde,Hexagrammos decagrammus,Kelp greenling,3,0,,,,,,,,,,2,1,,,,,,,,,,,,,,,,,,,,,,,,,,,,,,,,,,,,,
1869,Hannah Schriber,Carter Burtlake,BMSC1,Dodger Channel,48.8289,-125.19757,15/04/2026,1.5,NE,12:10,HS,7,2,2,mfr,Mesocentrotus franciscanus,Red sea urchin,151,151,,,,,,,,,,,,,,,,,,,,,,,,,,,,,,,,,,,,,,,,,,,,,,,,
1870,Hannah Schriber,Carter Burtlake,BMSC1,Dodger Channel,48.8289,-125.19757,15/04/2026,1.5,NE,12:10,HS,7,2,2,oko,Orthasterias koehleri,Rainbow star,5,5,,,,,,,,,,,,,,,,,,,,,,,,,,,,,,,,,,,,,,,,,,,,,,,,
1871,Hannah Schriber,Carter Burtlake,BMSC1,Dodger Channel,48.8289,-125.19757,15/04/2026,1.5,NE,12:10,HS,7,2,2,pmi,Patiria miniata,Bat star,72,72,,,,,,,,,,,,,,,,,,,,,,,,,,,,,,,,,,,,,,,,,,,,,,,,
1872,Hannah Schriber,Carter Burtlake,BMSC1,Dodger Channel,48.8289,-125.19757,15/04/2026,1.5,NE,12:10,HS,7,2,2,pgi,Pomaulax gibberosus,Red turban shell,239,239,,,,,,,,,,,,,,,,,,,,,,,,,,,,,,,,,,,,,,,,,,,,,,,,
1873,Hannah Schriber,Carter Burtlake,BMSC1,Dodger Channel,48.8289,-125.19757,15/04/2026,1.5,NE,12:10,HS,7,2,2,ami,Acmaea mitra,Whitecap limpet,26,26,,,,,,,,,,,,,,,,,,,,,,,,,,,,,,,,,,,,,,,,,,,,,,,,
1874,Hannah Schriber,Carter Burtlake,BMSC1,Dodger Channel,48.8289,-125.19757,15/04/2026,1.5,NE,12:10,HS,7,2,2,hka,Haliotis kamtschatkana,Pinto abalone,29,0,,2,8,15,3,1,,,,,,,,,,,,,,,,,,,,,,,,,,,,,,,,,,,,,,,,,,
1875,Hannah Schriber,Carter Burtlake,BMSC1,Dodger Channel,48.8289,-125.19757,15/04/2026,1.5,NE,12:10,HS,7,2,2,hcr,Hermissenda crassicornis,Opalescent nudibranch,5,5,,,,,,,,,,,,,,,,,,,,,,,,,,,,,,,,,,,,,,,,,,,,,,,,
1876,Hannah Schriber,Carter Burtlake,BMSC1,Dodger Channel,48.8289,-125.19757,15/04/2026,1.5,NE,12:10,HS,7,2,2,phe,Pagurus hemphilli,Maroon hermit,7,7,,,,,,,,,,,,,,,,,,,,,,,,,,,,,,,,,,,,,,,,,,,,,,,,
1877,Hannah Schriber,Carter Burtlake,BMSC1,Dodger Channel,48.8289,-125.19757,15/04/2026,1.5,NE,12:10,HS,7,2,2,poc,Pisaster ochraceus,Purple sea star,2,2,,,,,,,,,,,,,,,,,,,,,,,,,,,,,,,,,,,,,,,,,,,,,,,,
1878,Hannah Schriber,Carter Burtlake,BMSC1,Dodger Channel,48.8289,-125.19757,15/04/2026,1.5,NE,12:10,HS,7,2,2,cfo,Ceratostoma foliatum,Leafy hornmouth,15,15,,,,,,,,,,,,,,,,,,,,,,,,,,,,,,,,,,,,,,,,,,,,,,,,
1879,Hannah Schriber,Carter Burtlake,BMSC1,Dodger Channel,48.8289,-125.19757,15/04/2026,1.5,NE,12:10,HS,7,2,2,sfo,Stylasterias forreri,Velcro seastar,7,7,,,,,,,,,,,,,,,,,,,,,,,,,,,,,,,,,,,,,,,,,,,,,,,,
1880,Hannah Schriber,Carter Burtlake,BMSC1,Dodger Channel,48.8289,-125.19757,15/04/2026,1.5,NE,12:10,HS,7,2,2,dal,Dirona albolineata,White-line dirona,1,1,,,,,,,,,,,,,,,,,,,,,,,,,,,,,,,,,,,,,,,,,,,,,,,,
1881,Hannah Schriber,Carter Burtlake,BMSC1,Dodger Channel,48.8289,-125.19757,15/04/2026,1.5,NE,12:10,HS,7,2,2,gor,Glebocarcinus oregonensis,Pygmy rock crab,6,6,,,,,,,,,,,,,,,,,,,,,,,,,,,,,,,,,,,,,,,,,,,,,,,,
1882,Hannah Schriber,Carter Burtlake,BMSC1,Dodger Channel,48.8289,-125.19757,15/04/2026,1.5,NE,12:10,HS,7,2,2,ppu,Pachycheles pubescens,Porcelain crab,2,2,,,,,,,,,,,,,,,,,,,,,,,,,,,,,,,,,,,,,,,,,,,,,,,,
1883,Hannah Schriber,Carter Burtlake,BMSC1,Dodger Channel,48.8289,-125.19757,15/04/2026,1.5,NE,12:10,HS,7,2,2,jzo,Jordania zonope,Longfin sculpin,3,0,,3,,,,,,,,,,,,,,,,,,,,,,,,,,,,,,,,,,,,,,,,,,,,,,
1884,Hannah Schriber,Carter Burtlake,BMSC1,Dodger Channel,48.8289,-125.19757,15/04/2026,1.5,NE,12:10,HS,7,2,2,dim,Dermasterias imbricata,Leather star,8,8,,,,,,,,,,,,,,,,,,,,,,,,,,,,,,,,,,,,,,,,,,,,,,,,
1885,Hannah Schriber,Carter Burtlake,BMSC1,Dodger Channel,48.8289,-125.19757,15/04/2026,1.5,NE,12:10,HS,7,2,2,prud,Pachycheles rudis,Thickclaw porcelain crab,3,3,,,,,,,,,,,,,,,,,,,,,,,,,,,,,,,,,,,,,,,,,,,,,,,,
1886,Hannah Schriber,Carter Burtlake,BMSC1,Dodger Channel,48.8289,-125.19757,15/04/2026,1.5,NE,12:10,HS,7,2,2,rni,Rhinogobiops nicholsii,Blackeye goby,5,0,,1,2,1,1,,,,,,,,,,,,,,,,,,,,,,,,,,,,,,,,,,,,,,,,,,,
1887,Hannah Schriber,Carter Burtlake,BMSC1,Dodger Channel,48.8289,-125.19757,15/04/2026,1.5,NE,12:10,HS,7,2,2,etr,Evasterias troschelii,Mottled starfish,4,4,,,,,,,,,,,,,,,,,,,,,,,,,,,,,,,,,,,,,,,,,,,,,,,,
1888,Hannah Schriber,Carter Burtlake,BMSC1,Dodger Channel,48.8289,-125.19757,15/04/2026,1.5,NE,12:10,HS,7,2,2,spur,Strongylocentrotus purpuratus,Purple sea urchin,1,1,,,,,,,,,,,,,,,,,,,,,,,,,,,,,,,,,,,,,,,,,,,,,,,,
1889,Hannah Schriber,Carter Burtlake,BMSC1,Dodger Channel,48.8289,-125.19757,15/04/2026,1.5,NE,12:10,HS,7,2,2,ppr,Pugettia producta,Northern kelp crab,1,1,,,,,,,,,,,,,,,,,,,,,,,,,,,,,,,,,,,,,,,,,,,,,,,,
1890,Hannah Schriber,Carter Burtlake,BMSC1,Dodger Channel,48.8289,-125.19757,15/04/2026,1.5,NE,12:10,HS,7,2,2,acal,Apostichopus californicus,Californian sea cucumber,1,1,,,,,,,,,,,,,,,,,,,,,,,,,,,,,,,,,,,,,,,,,,,,,,,,
1891,Hannah Schriber,Carter Burtlake,BMSC1,Dodger Channel,48.8289,-125.19757,15/04/2026,1.5,NE,12:10,HS,7,2,2,dodo,Diaulula odonoghuei,Spotted dorid,1,1,,,,,,,,,,,,,,,,,,,,,,,,,,,,,,,,,,,,,,,,,,,,,,,,
1892,Hannah Schriber,Carter Burtlake,BMSC1,Dodger Channel,48.8289,-125.19757,15/04/2026,1.5,NE,12:10,HS,7,2,2,cste,Cryptochiton stelleri,Gumboot chiton,1,1,,,,,,,,,,,,,,,,,,,,,,,,,,,,,,,,,,,,,,,,,,,,,,,,
1893,Hannah Schriber,Carter Burtlake,BMSC1,Dodger Channel,48.8289,-125.19757,15/04/2026,1.5,NE,12:10,HS,7,2,2,nla,Nucella lamellosa,Frilled dogwinkle,1,1,,,,,,,,,,,,,,,,,,,,,,,,,,,,,,,,,,,,,,,,,,,,,,,,
1894,Hannah Schriber,Carter Burtlake,BMSC1,Dodger Channel,48.8289,-125.19757,15/04/2026,1.5,NE,12:10,HS,7,0,2,opi,Oxylebius pictus,Painted greenling,1,0,,,,,,1,,,,,,,,,,,,,,,,,,,,,,,,,,,,,,,,,,,,,,,,,,
1895,Hannah Schriber,Carter Burtlake,BMSC1,Dodger Channel,48.8289,-125.19757,15/04/2026,1.5,NE,12:10,HS,7,0,2,pba,Pleurobrachia bachei,Pacific sea goosberry,1,1,,,,,,,,,,,,,,,,,,,,,,,,,,,,,,,,,,,,,,,,,,,,,,,,
1896,Hannah Schriber,Carter Burtlake,BMSC1,Dodger Channel,48.8289,-125.19757,15/04/2026,1.5,NE,12:10,HS,7,0,2,cgi,Crassadoma gigantea,Purple-hinged rock scallop,1,0,,,1,,,,,,,,,,,,,,,,,,,,,,,,,,,,,,,,,,,,,,,,,,,,,